{"type":"FeatureCollection","features":[{"type":"Feature","properties":{"n":1,"np":0,"gz":-0.35,"hot":0},"geometry":{"type":"Polygon","coordinates":[[[82.95733,25.25175],[82.957,25.25228],[82.95634,25.25229],[82.956,25.25177],[82.95632,25.25124],[82.95699,25.25123],[82.95733,25.25175]]]}},{"type":"Feature","properties":{"n":1,"np":0,"gz":-0.35,"hot":0},"geometry":{"type":"Polygon","coordinates":[[[82.96031,25.25223],[82.95999,25.25276],[82.95933,25.25277],[82.95899,25.25225],[82.95931,25.25173],[82.95997,25.25172],[82.96031,25.25223]]]}},{"type":"Feature","properties":{"n":2,"np":1,"gz":-0.19,"hot":0},"geometry":{"type":"Polygon","coordinates":[[[82.9622,25.30798],[82.96188,25.3085],[82.96122,25.30851],[82.96088,25.30799],[82.9612,25.30747],[82.96186,25.30746],[82.9622,25.30798]]]}},{"type":"Feature","properties":{"n":1,"np":0,"gz":-0.03,"hot":0},"geometry":{"type":"Polygon","coordinates":[[[82.96317,25.3064],[82.96285,25.30693],[82.96218,25.30693],[82.96184,25.30642],[82.96217,25.30589],[82.96283,25.30588],[82.96317,25.3064]]]}},{"type":"Feature","properties":{"n":1,"np":0,"gz":-0.35,"hot":0},"geometry":{"type":"Polygon","coordinates":[[[82.96322,25.30953],[82.9629,25.31005],[82.96223,25.31006],[82.96189,25.30954],[82.96222,25.30902],[82.96288,25.30901],[82.96322,25.30953]]]}},{"type":"Feature","properties":{"n":1,"np":0,"gz":-0.35,"hot":0},"geometry":{"type":"Polygon","coordinates":[[[82.96336,25.25688],[82.96304,25.25741],[82.96238,25.25742],[82.96204,25.2569],[82.96236,25.25638],[82.96302,25.25637],[82.96336,25.25688]]]}},{"type":"Feature","properties":{"n":1,"np":1,"gz":0.29,"hot":0},"geometry":{"type":"Polygon","coordinates":[[[82.96414,25.30482],[82.96381,25.30535],[82.96315,25.30536],[82.96281,25.30484],[82.96313,25.30432],[82.9638,25.30431],[82.96414,25.30482]]]}},{"type":"Feature","properties":{"n":2,"np":1,"gz":0.45,"hot":0},"geometry":{"type":"Polygon","coordinates":[[[82.96415,25.30587],[82.96383,25.30639],[82.96317,25.3064],[82.96283,25.30588],[82.96315,25.30536],[82.96381,25.30535],[82.96415,25.30587]]]}},{"type":"Feature","properties":{"n":2,"np":2,"gz":0.29,"hot":0},"geometry":{"type":"Polygon","coordinates":[[[82.96514,25.30533],[82.96481,25.30586],[82.96415,25.30587],[82.96381,25.30535],[82.96414,25.30482],[82.9648,25.30481],[82.96514,25.30533]]]}},{"type":"Feature","properties":{"n":1,"np":0,"gz":-0.19,"hot":0},"geometry":{"type":"Polygon","coordinates":[[[82.9652,25.3095],[82.96488,25.31003],[82.96422,25.31003],[82.96388,25.30952],[82.9642,25.30899],[82.96486,25.30898],[82.9652,25.3095]]]}},{"type":"Feature","properties":{"n":1,"np":1,"gz":-0.19,"hot":0},"geometry":{"type":"Polygon","coordinates":[[[82.96621,25.31001],[82.96588,25.31053],[82.96522,25.31054],[82.96488,25.31003],[82.9652,25.3095],[82.96587,25.30949],[82.96621,25.31001]]]}},{"type":"Feature","properties":{"n":1,"np":0,"gz":-0.19,"hot":0},"geometry":{"type":"Polygon","coordinates":[[[82.96647,25.26466],[82.96614,25.26519],[82.96548,25.26519],[82.96514,25.26468],[82.96547,25.26415],[82.96613,25.26414],[82.96647,25.26466]]]}},{"type":"Feature","properties":{"n":1,"np":0,"gz":-0.19,"hot":0},"geometry":{"type":"Polygon","coordinates":[[[82.96711,25.30426],[82.96678,25.30479],[82.96612,25.3048],[82.96578,25.30428],[82.9661,25.30375],[82.96677,25.30375],[82.96711,25.30426]]]}},{"type":"Feature","properties":{"n":1,"np":1,"gz":-0.03,"hot":0},"geometry":{"type":"Polygon","coordinates":[[[82.96712,25.3053],[82.9668,25.30583],[82.96614,25.30584],[82.9658,25.30532],[82.96612,25.3048],[82.96678,25.30479],[82.96712,25.3053]]]}},{"type":"Feature","properties":{"n":1,"np":1,"gz":-0.19,"hot":0},"geometry":{"type":"Polygon","coordinates":[[[82.96749,25.32823],[82.96717,25.32876],[82.96651,25.32877],[82.96617,25.32825],[82.96649,25.32772],[82.96715,25.32772],[82.96749,25.32823]]]}},{"type":"Feature","properties":{"n":1,"np":0,"gz":-0.19,"hot":0},"geometry":{"type":"Polygon","coordinates":[[[82.96725,25.25162],[82.96693,25.25215],[82.96627,25.25215],[82.96593,25.25164],[82.96625,25.25111],[82.96691,25.2511],[82.96725,25.25162]]]}},{"type":"Feature","properties":{"n":1,"np":0,"gz":-0.19,"hot":0},"geometry":{"type":"Polygon","coordinates":[[[82.96727,25.25266],[82.96694,25.25319],[82.96628,25.2532],[82.96594,25.25268],[82.96627,25.25215],[82.96693,25.25215],[82.96727,25.25266]]]}},{"type":"Feature","properties":{"n":1,"np":0,"gz":-0.35,"hot":0},"geometry":{"type":"Polygon","coordinates":[[[82.96743,25.26308],[82.96711,25.26361],[82.96645,25.26362],[82.96611,25.2631],[82.96643,25.26258],[82.9671,25.26257],[82.96743,25.26308]]]}},{"type":"Feature","properties":{"n":1,"np":0,"gz":-0.03,"hot":0},"geometry":{"type":"Polygon","coordinates":[[[82.96747,25.26517],[82.96715,25.26569],[82.96648,25.2657],[82.96614,25.26519],[82.96647,25.26466],[82.96713,25.26465],[82.96747,25.26517]]]}},{"type":"Feature","properties":{"n":1,"np":0,"gz":-0.35,"hot":0},"geometry":{"type":"Polygon","coordinates":[[[82.96757,25.27142],[82.96725,25.27195],[82.96658,25.27196],[82.96625,25.27144],[82.96657,25.27091],[82.96723,25.2709],[82.96757,25.27142]]]}},{"type":"Feature","properties":{"n":1,"np":0,"gz":0.93,"hot":0},"geometry":{"type":"Polygon","coordinates":[[[82.9676,25.27351],[82.96728,25.27403],[82.96662,25.27404],[82.96628,25.27352],[82.9666,25.273],[82.96726,25.27299],[82.9676,25.27351]]]}},{"type":"Feature","properties":{"n":1,"np":0,"gz":-0.03,"hot":0},"geometry":{"type":"Polygon","coordinates":[[[82.96807,25.30269],[82.96775,25.30321],[82.96709,25.30322],[82.96675,25.3027],[82.96707,25.30218],[82.96773,25.30217],[82.96807,25.30269]]]}},{"type":"Feature","properties":{"n":1,"np":1,"gz":0.29,"hot":0},"geometry":{"type":"Polygon","coordinates":[[[82.96812,25.30581],[82.9678,25.30634],[82.96714,25.30635],[82.9668,25.30583],[82.96712,25.3053],[82.96778,25.3053],[82.96812,25.30581]]]}},{"type":"Feature","properties":{"n":3,"np":3,"gz":0.13,"hot":0},"geometry":{"type":"Polygon","coordinates":[[[82.96814,25.30685],[82.96782,25.30738],[82.96716,25.30739],[82.96682,25.30687],[82.96714,25.30635],[82.9678,25.30634],[82.96814,25.30685]]]}},{"type":"Feature","properties":{"n":2,"np":0,"gz":0.29,"hot":0},"geometry":{"type":"Polygon","coordinates":[[[82.96824,25.31311],[82.96792,25.31363],[82.96726,25.31364],[82.96692,25.31313],[82.96724,25.3126],[82.9679,25.31259],[82.96824,25.31311]]]}},{"type":"Feature","properties":{"n":3,"np":3,"gz":0.29,"hot":0},"geometry":{"type":"Polygon","coordinates":[[[82.96826,25.31415],[82.96794,25.31468],[82.96727,25.31468],[82.96693,25.31417],[82.96726,25.31364],[82.96792,25.31363],[82.96826,25.31415]]]}},{"type":"Feature","properties":{"n":1,"np":0,"gz":-0.19,"hot":0},"geometry":{"type":"Polygon","coordinates":[[[82.96849,25.32874],[82.96817,25.32927],[82.96751,25.32927],[82.96717,25.32876],[82.96749,25.32823],[82.96816,25.32822],[82.96849,25.32874]]]}},{"type":"Feature","properties":{"n":1,"np":0,"gz":-0.19,"hot":0},"geometry":{"type":"Polygon","coordinates":[[[82.96845,25.26463],[82.96813,25.26516],[82.96747,25.26517],[82.96713,25.26465],[82.96745,25.26413],[82.96811,25.26412],[82.96845,25.26463]]]}},{"type":"Feature","properties":{"n":7,"np":0,"gz":0.93,"hot":0},"geometry":{"type":"Polygon","coordinates":[[[82.96859,25.27297],[82.96826,25.2735],[82.9676,25.27351],[82.96726,25.27299],[82.96759,25.27246],[82.96825,25.27245],[82.96859,25.27297]]]}},{"type":"Feature","properties":{"n":1,"np":0,"gz":1.1,"hot":0},"geometry":{"type":"Polygon","coordinates":[[[82.9686,25.27401],[82.96828,25.27454],[82.96762,25.27455],[82.96728,25.27403],[82.9676,25.27351],[82.96826,25.2735],[82.9686,25.27401]]]}},{"type":"Feature","properties":{"n":4,"np":0,"gz":0.13,"hot":0},"geometry":{"type":"Polygon","coordinates":[[[82.96872,25.28131],[82.9684,25.28183],[82.96774,25.28184],[82.9674,25.28133],[82.96772,25.2808],[82.96838,25.28079],[82.96872,25.28131]]]}},{"type":"Feature","properties":{"n":1,"np":0,"gz":-0.03,"hot":0},"geometry":{"type":"Polygon","coordinates":[[[82.96877,25.28443],[82.96845,25.28496],[82.96779,25.28497],[82.96745,25.28445],[82.96777,25.28393],[82.96843,25.28392],[82.96877,25.28443]]]}},{"type":"Feature","properties":{"n":1,"np":0,"gz":0.13,"hot":0},"geometry":{"type":"Polygon","coordinates":[[[82.96881,25.28652],[82.96848,25.28704],[82.96782,25.28705],[82.96748,25.28654],[82.9678,25.28601],[82.96847,25.286],[82.96881,25.28652]]]}},{"type":"Feature","properties":{"n":1,"np":0,"gz":0.29,"hot":0},"geometry":{"type":"Polygon","coordinates":[[[82.96904,25.30111],[82.96872,25.30163],[82.96806,25.30164],[82.96772,25.30113],[82.96804,25.3006],[82.9687,25.30059],[82.96904,25.30111]]]}},{"type":"Feature","properties":{"n":2,"np":1,"gz":0.61,"hot":0},"geometry":{"type":"Polygon","coordinates":[[[82.96906,25.30215],[82.96874,25.30268],[82.96807,25.30269],[82.96773,25.30217],[82.96806,25.30164],[82.96872,25.30163],[82.96906,25.30215]]]}},{"type":"Feature","properties":{"n":0,"np":1,"gz":0.13,"hot":0},"geometry":{"type":"Polygon","coordinates":[[[82.96907,25.30319],[82.96875,25.30372],[82.96809,25.30373],[82.96775,25.30321],[82.96807,25.30269],[82.96874,25.30268],[82.96907,25.30319]]]}},{"type":"Feature","properties":{"n":1,"np":0,"gz":0.77,"hot":0},"geometry":{"type":"Polygon","coordinates":[[[82.96919,25.31049],[82.96887,25.31101],[82.96821,25.31102],[82.96787,25.31051],[82.96819,25.30998],[82.96885,25.30997],[82.96919,25.31049]]]}},{"type":"Feature","properties":{"n":1,"np":0,"gz":-0.35,"hot":0},"geometry":{"type":"Polygon","coordinates":[[[82.96951,25.33029],[82.96919,25.33082],[82.96853,25.33082],[82.96819,25.33031],[82.96851,25.32978],[82.96917,25.32977],[82.96951,25.33029]]]}},{"type":"Feature","properties":{"n":1,"np":0,"gz":-0.19,"hot":0},"geometry":{"type":"Polygon","coordinates":[[[82.9695,25.26827],[82.96918,25.26879],[82.96852,25.2688],[82.96818,25.26829],[82.9685,25.26776],[82.96916,25.26775],[82.9695,25.26827]]]}},{"type":"Feature","properties":{"n":1,"np":0,"gz":-0.03,"hot":0},"geometry":{"type":"Polygon","coordinates":[[[82.96955,25.27139],[82.96923,25.27192],[82.96857,25.27193],[82.96823,25.27141],[82.96855,25.27089],[82.96921,25.27088],[82.96955,25.27139]]]}},{"type":"Feature","properties":{"n":1,"np":0,"gz":-0.19,"hot":0},"geometry":{"type":"Polygon","coordinates":[[[82.9696,25.27452],[82.96928,25.27505],[82.96862,25.27506],[82.96828,25.27454],[82.9686,25.27401],[82.96927,25.274],[82.9696,25.27452]]]}},{"type":"Feature","properties":{"n":1,"np":0,"gz":-0.19,"hot":0},"geometry":{"type":"Polygon","coordinates":[[[82.96964,25.27661],[82.96932,25.27713],[82.96865,25.27714],[82.96831,25.27662],[82.96864,25.2761],[82.9693,25.27609],[82.96964,25.27661]]]}},{"type":"Feature","properties":{"n":1,"np":0,"gz":-0.03,"hot":0},"geometry":{"type":"Polygon","coordinates":[[[82.96976,25.2839],[82.96943,25.28443],[82.96877,25.28443],[82.96843,25.28392],[82.96875,25.28339],[82.96942,25.28338],[82.96976,25.2839]]]}},{"type":"Feature","properties":{"n":1,"np":1,"gz":-0.03,"hot":0},"geometry":{"type":"Polygon","coordinates":[[[82.96977,25.28494],[82.96945,25.28547],[82.96879,25.28548],[82.96845,25.28496],[82.96877,25.28443],[82.96943,25.28443],[82.96977,25.28494]]]}},{"type":"Feature","properties":{"n":0,"np":1,"gz":0.29,"hot":0},"geometry":{"type":"Polygon","coordinates":[[[82.96979,25.28598],[82.96947,25.28651],[82.96881,25.28652],[82.96847,25.286],[82.96879,25.28548],[82.96945,25.28547],[82.96979,25.28598]]]}},{"type":"Feature","properties":{"n":3,"np":3,"gz":0.29,"hot":0},"geometry":{"type":"Polygon","coordinates":[[[82.96981,25.28703],[82.96948,25.28755],[82.96882,25.28756],[82.96848,25.28704],[82.96881,25.28652],[82.96947,25.28651],[82.96981,25.28703]]]}},{"type":"Feature","properties":{"n":1,"np":1,"gz":0.29,"hot":0},"geometry":{"type":"Polygon","coordinates":[[[82.96982,25.28807],[82.9695,25.28859],[82.96884,25.2886],[82.9685,25.28809],[82.96882,25.28756],[82.96948,25.28755],[82.96982,25.28807]]]}},{"type":"Feature","properties":{"n":1,"np":0,"gz":-0.19,"hot":0},"geometry":{"type":"Polygon","coordinates":[[[82.96998,25.29745],[82.96965,25.29797],[82.96899,25.29798],[82.96865,25.29747],[82.96897,25.29694],[82.96964,25.29693],[82.96998,25.29745]]]}},{"type":"Feature","properties":{"n":1,"np":0,"gz":0.13,"hot":0},"geometry":{"type":"Polygon","coordinates":[[[82.96999,25.29849],[82.96967,25.29902],[82.96901,25.29902],[82.96867,25.29851],[82.96899,25.29798],[82.96965,25.29797],[82.96999,25.29849]]]}},{"type":"Feature","properties":{"n":1,"np":0,"gz":0.13,"hot":0},"geometry":{"type":"Polygon","coordinates":[[[82.97001,25.29953],[82.96969,25.30006],[82.96902,25.30007],[82.96868,25.29955],[82.96901,25.29902],[82.96967,25.29902],[82.97001,25.29953]]]}},{"type":"Feature","properties":{"n":2,"np":1,"gz":2.06,"hot":0},"geometry":{"type":"Polygon","coordinates":[[[82.97004,25.30162],[82.96972,25.30214],[82.96906,25.30215],[82.96872,25.30163],[82.96904,25.30111],[82.9697,25.3011],[82.97004,25.30162]]]}},{"type":"Feature","properties":{"n":1,"np":0,"gz":0.93,"hot":0},"geometry":{"type":"Polygon","coordinates":[[[82.97006,25.30266],[82.96974,25.30318],[82.96907,25.30319],[82.96874,25.30268],[82.96906,25.30215],[82.96972,25.30214],[82.97006,25.30266]]]}},{"type":"Feature","properties":{"n":2,"np":0,"gz":0.77,"hot":0},"geometry":{"type":"Polygon","coordinates":[[[82.97018,25.30995],[82.96985,25.31048],[82.96919,25.31049],[82.96885,25.30997],[82.96918,25.30945],[82.96984,25.30944],[82.97018,25.30995]]]}},{"type":"Feature","properties":{"n":5,"np":1,"gz":0.77,"hot":0},"geometry":{"type":"Polygon","coordinates":[[[82.97019,25.311],[82.96987,25.31152],[82.96921,25.31153],[82.96887,25.31101],[82.96919,25.31049],[82.96985,25.31048],[82.97019,25.311]]]}},{"type":"Feature","properties":{"n":2,"np":1,"gz":-0.03,"hot":0},"geometry":{"type":"Polygon","coordinates":[[[82.97028,25.31621],[82.96996,25.31673],[82.96929,25.31674],[82.96895,25.31623],[82.96928,25.3157],[82.96994,25.31569],[82.97028,25.31621]]]}},{"type":"Feature","properties":{"n":1,"np":0,"gz":0.13,"hot":0},"geometry":{"type":"Polygon","coordinates":[[[82.9705,25.26878],[82.97018,25.2693],[82.96952,25.26931],[82.96918,25.26879],[82.9695,25.26827],[82.97017,25.26826],[82.9705,25.26878]]]}},{"type":"Feature","properties":{"n":1,"np":1,"gz":-0.19,"hot":0},"geometry":{"type":"Polygon","coordinates":[[[82.97052,25.26982],[82.9702,25.27034],[82.96954,25.27035],[82.9692,25.26984],[82.96952,25.26931],[82.97018,25.2693],[82.97052,25.26982]]]}},{"type":"Feature","properties":{"n":0,"np":1,"gz":0.13,"hot":0},"geometry":{"type":"Polygon","coordinates":[[[82.97054,25.27086],[82.97022,25.27139],[82.96955,25.27139],[82.96921,25.27088],[82.96954,25.27035],[82.9702,25.27034],[82.97054,25.27086]]]}},{"type":"Feature","properties":{"n":2,"np":0,"gz":-0.03,"hot":0},"geometry":{"type":"Polygon","coordinates":[[[82.97056,25.2719],[82.97023,25.27243],[82.96957,25.27244],[82.96923,25.27192],[82.96955,25.27139],[82.97022,25.27139],[82.97056,25.2719]]]}},{"type":"Feature","properties":{"n":1,"np":0,"gz":-0.19,"hot":0},"geometry":{"type":"Polygon","coordinates":[[[82.97062,25.27607],[82.9703,25.2766],[82.96964,25.27661],[82.9693,25.27609],[82.96962,25.27556],[82.97028,25.27555],[82.97062,25.27607]]]}},{"type":"Feature","properties":{"n":1,"np":0,"gz":-0.19,"hot":0},"geometry":{"type":"Polygon","coordinates":[[[82.97082,25.28858],[82.9705,25.2891],[82.96984,25.28911],[82.9695,25.28859],[82.96982,25.28807],[82.97049,25.28806],[82.97082,25.28858]]]}},{"type":"Feature","properties":{"n":2,"np":1,"gz":-0.03,"hot":0},"geometry":{"type":"Polygon","coordinates":[[[82.97091,25.29379],[82.97059,25.29431],[82.96992,25.29432],[82.96959,25.29381],[82.96991,25.29328],[82.97057,25.29327],[82.97091,25.29379]]]}},{"type":"Feature","properties":{"n":0,"np":1,"gz":-0.03,"hot":0},"geometry":{"type":"Polygon","coordinates":[[[82.97098,25.29796],[82.97065,25.29848],[82.96999,25.29849],[82.96965,25.29797],[82.96998,25.29745],[82.97064,25.29744],[82.97098,25.29796]]]}},{"type":"Feature","properties":{"n":1,"np":2,"gz":0.13,"hot":0},"geometry":{"type":"Polygon","coordinates":[[[82.97099,25.299],[82.97067,25.29952],[82.97001,25.29953],[82.96967,25.29902],[82.96999,25.29849],[82.97065,25.29848],[82.97099,25.299]]]}},{"type":"Feature","properties":{"n":1,"np":2,"gz":0.93,"hot":0},"geometry":{"type":"Polygon","coordinates":[[[82.97101,25.30004],[82.97069,25.30057],[82.97003,25.30057],[82.96969,25.30006],[82.97001,25.29953],[82.97067,25.29952],[82.97101,25.30004]]]}},{"type":"Feature","properties":{"n":6,"np":4,"gz":1.58,"hot":0},"geometry":{"type":"Polygon","coordinates":[[[82.97103,25.30108],[82.9707,25.30161],[82.97004,25.30162],[82.9697,25.3011],[82.97003,25.30057],[82.97069,25.30057],[82.97103,25.30108]]]}},{"type":"Feature","properties":{"n":4,"np":1,"gz":1.58,"hot":0},"geometry":{"type":"Polygon","coordinates":[[[82.97104,25.30212],[82.97072,25.30265],[82.97006,25.30266],[82.96972,25.30214],[82.97004,25.30162],[82.9707,25.30161],[82.97104,25.30212]]]}},{"type":"Feature","properties":{"n":0,"np":2,"gz":0.61,"hot":0},"geometry":{"type":"Polygon","coordinates":[[[82.97118,25.31046],[82.97086,25.31099],[82.97019,25.311],[82.96985,25.31048],[82.97018,25.30995],[82.97084,25.30995],[82.97118,25.31046]]]}},{"type":"Feature","properties":{"n":1,"np":1,"gz":0.13,"hot":0},"geometry":{"type":"Polygon","coordinates":[[[82.97128,25.31672],[82.97096,25.31724],[82.9703,25.31725],[82.96996,25.31673],[82.97028,25.31621],[82.97094,25.3162],[82.97128,25.31672]]]}},{"type":"Feature","properties":{"n":1,"np":0,"gz":-0.19,"hot":0},"geometry":{"type":"Polygon","coordinates":[[[82.97149,25.26824],[82.97117,25.26877],[82.9705,25.26878],[82.97017,25.26826],[82.97049,25.26773],[82.97115,25.26772],[82.97149,25.26824]]]}},{"type":"Feature","properties":{"n":1,"np":0,"gz":-0.35,"hot":0},"geometry":{"type":"Polygon","coordinates":[[[82.97159,25.27449],[82.97127,25.27502],[82.97061,25.27503],[82.97027,25.27451],[82.97059,25.27399],[82.97125,25.27398],[82.97159,25.27449]]]}},{"type":"Feature","properties":{"n":1,"np":2,"gz":-0.03,"hot":0},"geometry":{"type":"Polygon","coordinates":[[[82.97191,25.2943],[82.97159,25.29482],[82.97093,25.29483],[82.97059,25.29431],[82.97091,25.29379],[82.97157,25.29378],[82.97191,25.2943]]]}},{"type":"Feature","properties":{"n":0,"np":1,"gz":0.61,"hot":0},"geometry":{"type":"Polygon","coordinates":[[[82.97201,25.30055],[82.97169,25.30107],[82.97103,25.30108],[82.97069,25.30057],[82.97101,25.30004],[82.97167,25.30003],[82.97201,25.30055]]]}},{"type":"Feature","properties":{"n":1,"np":0,"gz":-0.03,"hot":0},"geometry":{"type":"Polygon","coordinates":[[[82.97228,25.31722],[82.97196,25.31775],[82.9713,25.31776],[82.97096,25.31724],[82.97128,25.31672],[82.97194,25.31671],[82.97228,25.31722]]]}},{"type":"Feature","properties":{"n":1,"np":0,"gz":-0.35,"hot":0},"geometry":{"type":"Polygon","coordinates":[[[82.97246,25.26666],[82.97213,25.26719],[82.97147,25.2672],[82.97113,25.26668],[82.97146,25.26616],[82.97212,25.26615],[82.97246,25.26666]]]}},{"type":"Feature","properties":{"n":1,"np":0,"gz":-0.35,"hot":0},"geometry":{"type":"Polygon","coordinates":[[[82.97264,25.27813],[82.97232,25.27865],[82.97166,25.27866],[82.97132,25.27815],[82.97164,25.27762],[82.9723,25.27761],[82.97264,25.27813]]]}},{"type":"Feature","properties":{"n":1,"np":0,"gz":-0.35,"hot":0},"geometry":{"type":"Polygon","coordinates":[[[82.97273,25.28334],[82.9724,25.28386],[82.97174,25.28387],[82.9714,25.28336],[82.97172,25.28283],[82.97239,25.28282],[82.97273,25.28334]]]}},{"type":"Feature","properties":{"n":2,"np":2,"gz":0.45,"hot":0},"geometry":{"type":"Polygon","coordinates":[[[82.97305,25.30314],[82.97272,25.30367],[82.97206,25.30367],[82.97172,25.30316],[82.97204,25.30263],[82.97271,25.30262],[82.97305,25.30314]]]}},{"type":"Feature","properties":{"n":1,"np":1,"gz":0.13,"hot":0},"geometry":{"type":"Polygon","coordinates":[[[82.97306,25.30418],[82.97274,25.30471],[82.97208,25.30472],[82.97174,25.3042],[82.97206,25.30367],[82.97272,25.30367],[82.97306,25.30418]]]}},{"type":"Feature","properties":{"n":1,"np":2,"gz":0.13,"hot":0},"geometry":{"type":"Polygon","coordinates":[[[82.97327,25.31669],[82.97294,25.31721],[82.97228,25.31722],[82.97194,25.31671],[82.97226,25.31618],[82.97293,25.31617],[82.97327,25.31669]]]}},{"type":"Feature","properties":{"n":1,"np":0,"gz":0.61,"hot":0},"geometry":{"type":"Polygon","coordinates":[[[82.97354,25.27238],[82.97322,25.27291],[82.97256,25.27292],[82.97222,25.2724],[82.97254,25.27188],[82.9732,25.27187],[82.97354,25.27238]]]}},{"type":"Feature","properties":{"n":3,"np":3,"gz":0.29,"hot":0},"geometry":{"type":"Polygon","coordinates":[[[82.97403,25.30261],[82.97371,25.30313],[82.97305,25.30314],[82.97271,25.30262],[82.97303,25.3021],[82.97369,25.30209],[82.97403,25.30261]]]}},{"type":"Feature","properties":{"n":1,"np":1,"gz":0.45,"hot":0},"geometry":{"type":"Polygon","coordinates":[[[82.97406,25.30469],[82.97374,25.30522],[82.97308,25.30522],[82.97274,25.30471],[82.97306,25.30418],[82.97373,25.30417],[82.97406,25.30469]]]}},{"type":"Feature","properties":{"n":1,"np":0,"gz":0.13,"hot":0},"geometry":{"type":"Polygon","coordinates":[[[82.97408,25.30573],[82.97376,25.30626],[82.9731,25.30627],[82.97276,25.30575],[82.97308,25.30522],[82.97374,25.30522],[82.97408,25.30573]]]}},{"type":"Feature","properties":{"n":2,"np":2,"gz":-0.03,"hot":0},"geometry":{"type":"Polygon","coordinates":[[[82.97427,25.3172],[82.97394,25.31772],[82.97328,25.31773],[82.97294,25.31721],[82.97327,25.31669],[82.97393,25.31668],[82.97427,25.3172]]]}},{"type":"Feature","properties":{"n":1,"np":0,"gz":-0.35,"hot":0},"geometry":{"type":"Polygon","coordinates":[[[82.97441,25.26455],[82.97408,25.26508],[82.97342,25.26509],[82.97308,25.26457],[82.97341,25.26405],[82.97407,25.26404],[82.97441,25.26455]]]}},{"type":"Feature","properties":{"n":1,"np":0,"gz":-0.35,"hot":0},"geometry":{"type":"Polygon","coordinates":[[[82.97449,25.26976],[82.97417,25.27029],[82.97351,25.2703],[82.97317,25.26978],[82.97349,25.26926],[82.97415,25.26925],[82.97449,25.26976]]]}},{"type":"Feature","properties":{"n":6,"np":0,"gz":0.77,"hot":0},"geometry":{"type":"Polygon","coordinates":[[[82.97454,25.27289],[82.97422,25.27342],[82.97356,25.27343],[82.97322,25.27291],[82.97354,25.27238],[82.9742,25.27237],[82.97454,25.27289]]]}},{"type":"Feature","properties":{"n":1,"np":0,"gz":-0.19,"hot":0},"geometry":{"type":"Polygon","coordinates":[[[82.9749,25.29478],[82.97457,25.2953],[82.97391,25.29531],[82.97357,25.29479],[82.9739,25.29427],[82.97456,25.29426],[82.9749,25.29478]]]}},{"type":"Feature","properties":{"n":1,"np":1,"gz":-0.19,"hot":0},"geometry":{"type":"Polygon","coordinates":[[[82.97491,25.29582],[82.97459,25.29634],[82.97393,25.29635],[82.97359,25.29584],[82.97391,25.29531],[82.97457,25.2953],[82.97491,25.29582]]]}},{"type":"Feature","properties":{"n":1,"np":0,"gz":0.13,"hot":0},"geometry":{"type":"Polygon","coordinates":[[[82.97505,25.30416],[82.97473,25.30468],[82.97406,25.30469],[82.97373,25.30417],[82.97405,25.30365],[82.97471,25.30364],[82.97505,25.30416]]]}},{"type":"Feature","properties":{"n":2,"np":0,"gz":0.29,"hot":0},"geometry":{"type":"Polygon","coordinates":[[[82.97507,25.3052],[82.97474,25.30572],[82.97408,25.30573],[82.97374,25.30522],[82.97406,25.30469],[82.97473,25.30468],[82.97507,25.3052]]]}},{"type":"Feature","properties":{"n":6,"np":5,"gz":0.77,"hot":0},"geometry":{"type":"Polygon","coordinates":[[[82.97512,25.30832],[82.97479,25.30885],[82.97413,25.30886],[82.97379,25.30834],[82.97412,25.30782],[82.97478,25.30781],[82.97512,25.30832]]]}},{"type":"Feature","properties":{"n":1,"np":1,"gz":-0.35,"hot":0},"geometry":{"type":"Polygon","coordinates":[[[82.97515,25.31041],[82.97483,25.31093],[82.97417,25.31094],[82.97383,25.31043],[82.97415,25.3099],[82.97481,25.30989],[82.97515,25.31041]]]}},{"type":"Feature","properties":{"n":1,"np":0,"gz":-0.35,"hot":0},"geometry":{"type":"Polygon","coordinates":[[[82.97549,25.33125],[82.97517,25.33178],[82.9745,25.33179],[82.97416,25.33127],[82.97449,25.33074],[82.97515,25.33074],[82.97549,25.33125]]]}},{"type":"Feature","properties":{"n":1,"np":0,"gz":0.61,"hot":0},"geometry":{"type":"Polygon","coordinates":[[[82.97553,25.27236],[82.9752,25.27288],[82.97454,25.27289],[82.9742,25.27237],[82.97453,25.27185],[82.97519,25.27184],[82.97553,25.27236]]]}},{"type":"Feature","properties":{"n":1,"np":1,"gz":-0.19,"hot":0},"geometry":{"type":"Polygon","coordinates":[[[82.97575,25.28591],[82.97542,25.28643],[82.97476,25.28644],[82.97442,25.28592],[82.97474,25.2854],[82.97541,25.28539],[82.97575,25.28591]]]}},{"type":"Feature","properties":{"n":1,"np":0,"gz":-0.19,"hot":0},"geometry":{"type":"Polygon","coordinates":[[[82.97576,25.28695],[82.97544,25.28747],[82.97478,25.28748],[82.97444,25.28696],[82.97476,25.28644],[82.97542,25.28643],[82.97576,25.28695]]]}},{"type":"Feature","properties":{"n":1,"np":0,"gz":-0.19,"hot":0},"geometry":{"type":"Polygon","coordinates":[[[82.97597,25.29945],[82.97564,25.29998],[82.97498,25.29999],[82.97464,25.29947],[82.97496,25.29895],[82.97563,25.29894],[82.97597,25.29945]]]}},{"type":"Feature","properties":{"n":0,"np":1,"gz":0.77,"hot":0},"geometry":{"type":"Polygon","coordinates":[[[82.97607,25.30571],[82.97574,25.30623],[82.97508,25.30624],[82.97474,25.30572],[82.97507,25.3052],[82.97573,25.30519],[82.97607,25.30571]]]}},{"type":"Feature","properties":{"n":6,"np":5,"gz":1.1,"hot":0},"geometry":{"type":"Polygon","coordinates":[[[82.97608,25.30675],[82.97576,25.30727],[82.9751,25.30728],[82.97476,25.30677],[82.97508,25.30624],[82.97574,25.30623],[82.97608,25.30675]]]}},{"type":"Feature","properties":{"n":2,"np":2,"gz":2.06,"hot":0},"geometry":{"type":"Polygon","coordinates":[[[82.9761,25.30779],[82.97578,25.30832],[82.97512,25.30832],[82.97478,25.30781],[82.9751,25.30728],[82.97576,25.30727],[82.9761,25.30779]]]}},{"type":"Feature","properties":{"n":0,"np":1,"gz":-0.35,"hot":0},"geometry":{"type":"Polygon","coordinates":[[[82.97649,25.33176],[82.97617,25.33229],[82.97551,25.33229],[82.97517,25.33178],[82.97549,25.33125],[82.97615,25.33124],[82.97649,25.33176]]]}},{"type":"Feature","properties":{"n":1,"np":0,"gz":-0.35,"hot":0},"geometry":{"type":"Polygon","coordinates":[[[82.97634,25.2614],[82.97602,25.26193],[82.97536,25.26194],[82.97502,25.26142],[82.97534,25.26089],[82.976,25.26088],[82.97634,25.2614]]]}},{"type":"Feature","properties":{"n":1,"np":0,"gz":-0.03,"hot":0},"geometry":{"type":"Polygon","coordinates":[[[82.97649,25.27078],[82.97617,25.27131],[82.97551,25.27131],[82.97517,25.2708],[82.97549,25.27027],[82.97615,25.27026],[82.97649,25.27078]]]}},{"type":"Feature","properties":{"n":3,"np":0,"gz":0.29,"hot":0},"geometry":{"type":"Polygon","coordinates":[[[82.97654,25.27391],[82.97622,25.27443],[82.97556,25.27444],[82.97522,25.27392],[82.97554,25.2734],[82.97621,25.27339],[82.97654,25.27391]]]}},{"type":"Feature","properties":{"n":0,"np":1,"gz":-0.19,"hot":0},"geometry":{"type":"Polygon","coordinates":[[[82.97675,25.28641],[82.97642,25.28694],[82.97576,25.28695],[82.97542,25.28643],[82.97575,25.28591],[82.97641,25.2859],[82.97675,25.28641]]]}},{"type":"Feature","properties":{"n":1,"np":1,"gz":-0.35,"hot":0},"geometry":{"type":"Polygon","coordinates":[[[82.97685,25.29267],[82.97653,25.29319],[82.97586,25.2932],[82.97552,25.29268],[82.97585,25.29216],[82.97651,25.29215],[82.97685,25.29267]]]}},{"type":"Feature","properties":{"n":3,"np":1,"gz":0.61,"hot":0},"geometry":{"type":"Polygon","coordinates":[[[82.97693,25.29788],[82.97661,25.2984],[82.97595,25.29841],[82.97561,25.29789],[82.97593,25.29737],[82.97659,25.29736],[82.97693,25.29788]]]}},{"type":"Feature","properties":{"n":1,"np":0,"gz":-0.19,"hot":0},"geometry":{"type":"Polygon","coordinates":[[[82.97697,25.29996],[82.97664,25.30049],[82.97598,25.3005],[82.97564,25.29998],[82.97597,25.29945],[82.97663,25.29944],[82.97697,25.29996]]]}},{"type":"Feature","properties":{"n":2,"np":2,"gz":1.26,"hot":0},"geometry":{"type":"Polygon","coordinates":[[[82.97709,25.30726],[82.97676,25.30778],[82.9761,25.30779],[82.97576,25.30727],[82.97608,25.30675],[82.97675,25.30674],[82.97709,25.30726]]]}},{"type":"Feature","properties":{"n":2,"np":2,"gz":0.45,"hot":0},"geometry":{"type":"Polygon","coordinates":[[[82.97714,25.31038],[82.97681,25.31091],[82.97615,25.31092],[82.97581,25.3104],[82.97613,25.30987],[82.9768,25.30987],[82.97714,25.31038]]]}},{"type":"Feature","properties":{"n":2,"np":1,"gz":0.93,"hot":0},"geometry":{"type":"Polygon","coordinates":[[[82.97715,25.31142],[82.97683,25.31195],[82.97617,25.31196],[82.97583,25.31144],[82.97615,25.31092],[82.97681,25.31091],[82.97715,25.31142]]]}},{"type":"Feature","properties":{"n":2,"np":2,"gz":0.45,"hot":0},"geometry":{"type":"Polygon","coordinates":[[[82.97717,25.31247],[82.97685,25.31299],[82.97619,25.313],[82.97585,25.31248],[82.97617,25.31196],[82.97683,25.31195],[82.97717,25.31247]]]}},{"type":"Feature","properties":{"n":1,"np":1,"gz":-0.03,"hot":0},"geometry":{"type":"Polygon","coordinates":[[[82.97724,25.31664],[82.97692,25.31716],[82.97625,25.31717],[82.97591,25.31665],[82.97624,25.31613],[82.9769,25.31612],[82.97724,25.31664]]]}},{"type":"Feature","properties":{"n":2,"np":0,"gz":-0.03,"hot":0},"geometry":{"type":"Polygon","coordinates":[[[82.97725,25.31768],[82.97693,25.3182],[82.97627,25.31821],[82.97593,25.3177],[82.97625,25.31717],[82.97692,25.31716],[82.97725,25.31768]]]}},{"type":"Feature","properties":{"n":1,"np":0,"gz":-0.35,"hot":0},"geometry":{"type":"Polygon","coordinates":[[[82.97754,25.33539],[82.97722,25.33592],[82.97656,25.33593],[82.97622,25.33541],[82.97654,25.33489],[82.9772,25.33488],[82.97754,25.33539]]]}},{"type":"Feature","properties":{"n":2,"np":3,"gz":0.13,"hot":0},"geometry":{"type":"Polygon","coordinates":[[[82.97749,25.27129],[82.97717,25.27181],[82.97651,25.27182],[82.97617,25.27131],[82.97649,25.27078],[82.97716,25.27077],[82.97749,25.27129]]]}},{"type":"Feature","properties":{"n":2,"np":0,"gz":0.29,"hot":0},"geometry":{"type":"Polygon","coordinates":[[[82.97753,25.27337],[82.97721,25.2739],[82.97654,25.27391],[82.97621,25.27339],[82.97653,25.27286],[82.97719,25.27286],[82.97753,25.27337]]]}},{"type":"Feature","properties":{"n":4,"np":3,"gz":0.61,"hot":0},"geometry":{"type":"Polygon","coordinates":[[[82.97792,25.29734],[82.97759,25.29787],[82.97693,25.29788],[82.97659,25.29736],[82.97692,25.29683],[82.97758,25.29683],[82.97792,25.29734]]]}},{"type":"Feature","properties":{"n":2,"np":1,"gz":0.13,"hot":0},"geometry":{"type":"Polygon","coordinates":[[[82.97804,25.30464],[82.97771,25.30516],[82.97705,25.30517],[82.97671,25.30465],[82.97703,25.30413],[82.9777,25.30412],[82.97804,25.30464]]]}},{"type":"Feature","properties":{"n":1,"np":1,"gz":0.13,"hot":0},"geometry":{"type":"Polygon","coordinates":[[[82.97805,25.30568],[82.97773,25.3062],[82.97707,25.30621],[82.97673,25.3057],[82.97705,25.30517],[82.97771,25.30516],[82.97805,25.30568]]]}},{"type":"Feature","properties":{"n":1,"np":1,"gz":0.13,"hot":0},"geometry":{"type":"Polygon","coordinates":[[[82.97807,25.30672],[82.97775,25.30725],[82.97709,25.30726],[82.97675,25.30674],[82.97707,25.30621],[82.97773,25.3062],[82.97807,25.30672]]]}},{"type":"Feature","properties":{"n":1,"np":0,"gz":0.13,"hot":0},"geometry":{"type":"Polygon","coordinates":[[[82.9781,25.30881],[82.97778,25.30933],[82.97712,25.30934],[82.97678,25.30882],[82.9771,25.3083],[82.97776,25.30829],[82.9781,25.30881]]]}},{"type":"Feature","properties":{"n":2,"np":1,"gz":0.61,"hot":0},"geometry":{"type":"Polygon","coordinates":[[[82.97814,25.31089],[82.97781,25.31142],[82.97715,25.31142],[82.97681,25.31091],[82.97714,25.31038],[82.9778,25.31037],[82.97814,25.31089]]]}},{"type":"Feature","properties":{"n":1,"np":1,"gz":0.77,"hot":0},"geometry":{"type":"Polygon","coordinates":[[[82.97815,25.31193],[82.97783,25.31246],[82.97717,25.31247],[82.97683,25.31195],[82.97715,25.31142],[82.97781,25.31142],[82.97815,25.31193]]]}},{"type":"Feature","properties":{"n":1,"np":1,"gz":0.29,"hot":0},"geometry":{"type":"Polygon","coordinates":[[[82.97817,25.31297],[82.97785,25.3135],[82.97719,25.31351],[82.97685,25.31299],[82.97717,25.31247],[82.97783,25.31246],[82.97817,25.31297]]]}},{"type":"Feature","properties":{"n":1,"np":0,"gz":-0.19,"hot":0},"geometry":{"type":"Polygon","coordinates":[[[82.97819,25.31402],[82.97787,25.31454],[82.9772,25.31455],[82.97686,25.31403],[82.97719,25.31351],[82.97785,25.3135],[82.97819,25.31402]]]}},{"type":"Feature","properties":{"n":0,"np":1,"gz":-0.03,"hot":0},"geometry":{"type":"Polygon","coordinates":[[[82.97824,25.31714],[82.97792,25.31767],[82.97725,25.31768],[82.97692,25.31716],[82.97724,25.31664],[82.9779,25.31663],[82.97824,25.31714]]]}},{"type":"Feature","properties":{"n":1,"np":0,"gz":-0.35,"hot":0},"geometry":{"type":"Polygon","coordinates":[[[82.97817,25.25199],[82.97785,25.25252],[82.97719,25.25253],[82.97685,25.25201],[82.97717,25.25149],[82.97784,25.25148],[82.97817,25.25199]]]}},{"type":"Feature","properties":{"n":1,"np":1,"gz":-0.03,"hot":0},"geometry":{"type":"Polygon","coordinates":[[[82.97848,25.27075],[82.97816,25.27128],[82.97749,25.27129],[82.97716,25.27077],[82.97748,25.27025],[82.97814,25.27024],[82.97848,25.27075]]]}},{"type":"Feature","properties":{"n":1,"np":0,"gz":0.13,"hot":0},"geometry":{"type":"Polygon","coordinates":[[[82.97855,25.27492],[82.97822,25.27545],[82.97756,25.27546],[82.97722,25.27494],[82.97755,25.27441],[82.97821,25.27441],[82.97855,25.27492]]]}},{"type":"Feature","properties":{"n":3,"np":0,"gz":0.13,"hot":0},"geometry":{"type":"Polygon","coordinates":[[[82.97856,25.27596],[82.97824,25.27649],[82.97758,25.2765],[82.97724,25.27598],[82.97756,25.27546],[82.97822,25.27545],[82.97856,25.27596]]]}},{"type":"Feature","properties":{"n":0,"np":1,"gz":0.13,"hot":0},"geometry":{"type":"Polygon","coordinates":[[[82.9789,25.29681],[82.97858,25.29733],[82.97792,25.29734],[82.97758,25.29683],[82.9779,25.2963],[82.97856,25.29629],[82.9789,25.29681]]]}},{"type":"Feature","properties":{"n":1,"np":2,"gz":0.45,"hot":0},"geometry":{"type":"Polygon","coordinates":[[[82.97902,25.3041],[82.9787,25.30463],[82.97804,25.30464],[82.9777,25.30412],[82.97802,25.3036],[82.97868,25.30359],[82.97902,25.3041]]]}},{"type":"Feature","properties":{"n":3,"np":2,"gz":0.29,"hot":0},"geometry":{"type":"Polygon","coordinates":[[[82.97909,25.30827],[82.97877,25.3088],[82.9781,25.30881],[82.97776,25.30829],[82.97809,25.30776],[82.97875,25.30775],[82.97909,25.30827]]]}},{"type":"Feature","properties":{"n":1,"np":0,"gz":-0.03,"hot":0},"geometry":{"type":"Polygon","coordinates":[[[82.97926,25.31869],[82.97893,25.31922],[82.97827,25.31923],[82.97793,25.31871],[82.97826,25.31819],[82.97892,25.31818],[82.97926,25.31869]]]}},{"type":"Feature","properties":{"n":1,"np":1,"gz":-0.19,"hot":0},"geometry":{"type":"Polygon","coordinates":[[[82.97927,25.31974],[82.97895,25.32026],[82.97829,25.32027],[82.97795,25.31975],[82.97827,25.31923],[82.97893,25.31922],[82.97927,25.31974]]]}},{"type":"Feature","properties":{"n":1,"np":0,"gz":-0.35,"hot":0},"geometry":{"type":"Polygon","coordinates":[[[82.9794,25.26605],[82.97907,25.26658],[82.97841,25.26659],[82.97807,25.26607],[82.97839,25.26554],[82.97906,25.26553],[82.9794,25.26605]]]}},{"type":"Feature","properties":{"n":2,"np":0,"gz":-0.19,"hot":0},"geometry":{"type":"Polygon","coordinates":[[[82.97951,25.27335],[82.97919,25.27387],[82.97853,25.27388],[82.97819,25.27336],[82.97851,25.27284],[82.97917,25.27283],[82.97951,25.27335]]]}},{"type":"Feature","properties":{"n":1,"np":0,"gz":-0.03,"hot":0},"geometry":{"type":"Polygon","coordinates":[[[82.97963,25.28064],[82.97931,25.28117],[82.97865,25.28118],[82.97831,25.28066],[82.97863,25.28013],[82.97929,25.28012],[82.97963,25.28064]]]}},{"type":"Feature","properties":{"n":2,"np":0,"gz":-0.19,"hot":0},"geometry":{"type":"Polygon","coordinates":[[[82.97967,25.28273],[82.97934,25.28325],[82.97868,25.28326],[82.97834,25.28274],[82.97866,25.28222],[82.97933,25.28221],[82.97967,25.28273]]]}},{"type":"Feature","properties":{"n":1,"np":1,"gz":-0.35,"hot":0},"geometry":{"type":"Polygon","coordinates":[[[82.97997,25.30148],[82.97965,25.30201],[82.97899,25.30202],[82.97865,25.3015],[82.97897,25.30098],[82.97963,25.30097],[82.97997,25.30148]]]}},{"type":"Feature","properties":{"n":3,"np":0,"gz":0.13,"hot":0},"geometry":{"type":"Polygon","coordinates":[[[82.98,25.30357],[82.97968,25.30409],[82.97902,25.3041],[82.97868,25.30359],[82.979,25.30306],[82.97967,25.30305],[82.98,25.30357]]]}},{"type":"Feature","properties":{"n":1,"np":1,"gz":-0.03,"hot":0},"geometry":{"type":"Polygon","coordinates":[[[82.98006,25.30669],[82.97973,25.30722],[82.97907,25.30723],[82.97873,25.30671],[82.97905,25.30619],[82.97972,25.30618],[82.98006,25.30669]]]}},{"type":"Feature","properties":{"n":1,"np":1,"gz":0.13,"hot":0},"geometry":{"type":"Polygon","coordinates":[[[82.98009,25.30878],[82.97977,25.3093],[82.9791,25.30931],[82.97877,25.3088],[82.97909,25.30827],[82.97975,25.30826],[82.98009,25.30878]]]}},{"type":"Feature","properties":{"n":1,"np":1,"gz":-0.35,"hot":0},"geometry":{"type":"Polygon","coordinates":[[[82.98012,25.31086],[82.9798,25.31139],[82.97914,25.3114],[82.9788,25.31088],[82.97912,25.31036],[82.97978,25.31035],[82.98012,25.31086]]]}},{"type":"Feature","properties":{"n":2,"np":1,"gz":-0.03,"hot":0},"geometry":{"type":"Polygon","coordinates":[[[82.98016,25.31295],[82.97983,25.31347],[82.97917,25.31348],[82.97883,25.31297],[82.97916,25.31244],[82.97982,25.31243],[82.98016,25.31295]]]}},{"type":"Feature","properties":{"n":1,"np":0,"gz":-0.19,"hot":0},"geometry":{"type":"Polygon","coordinates":[[[82.98024,25.31816],[82.97992,25.31868],[82.97926,25.31869],[82.97892,25.31818],[82.97924,25.31765],[82.9799,25.31764],[82.98024,25.31816]]]}},{"type":"Feature","properties":{"n":0,"np":1,"gz":-0.03,"hot":0},"geometry":{"type":"Polygon","coordinates":[[[82.98026,25.3192],[82.97994,25.31973],[82.97927,25.31974],[82.97893,25.31922],[82.97926,25.31869],[82.97992,25.31868],[82.98026,25.3192]]]}},{"type":"Feature","properties":{"n":1,"np":0,"gz":-0.35,"hot":0},"geometry":{"type":"Polygon","coordinates":[[[82.98014,25.25093],[82.97982,25.25145],[82.97916,25.25146],[82.97882,25.25094],[82.97914,25.25042],[82.9798,25.25041],[82.98014,25.25093]]]}},{"type":"Feature","properties":{"n":1,"np":0,"gz":-0.35,"hot":0},"geometry":{"type":"Polygon","coordinates":[[[82.98023,25.25614],[82.9799,25.25666],[82.97924,25.25667],[82.9789,25.25615],[82.97923,25.25563],[82.97989,25.25562],[82.98023,25.25614]]]}},{"type":"Feature","properties":{"n":5,"np":4,"gz":0.29,"hot":0},"geometry":{"type":"Polygon","coordinates":[[[82.98048,25.27177],[82.98016,25.27229],[82.9795,25.2723],[82.97916,25.27179],[82.97948,25.27126],[82.98014,25.27125],[82.98048,25.27177]]]}},{"type":"Feature","properties":{"n":6,"np":0,"gz":0.45,"hot":0},"geometry":{"type":"Polygon","coordinates":[[[82.98057,25.27698],[82.98024,25.27751],[82.97958,25.27751],[82.97924,25.277],[82.97956,25.27647],[82.98023,25.27646],[82.98057,25.27698]]]}},{"type":"Feature","properties":{"n":1,"np":0,"gz":-0.03,"hot":0},"geometry":{"type":"Polygon","coordinates":[[[82.98062,25.28011],[82.98029,25.28063],[82.97963,25.28064],[82.97929,25.28012],[82.97962,25.2796],[82.98028,25.27959],[82.98062,25.28011]]]}},{"type":"Feature","properties":{"n":1,"np":0,"gz":-0.03,"hot":0},"geometry":{"type":"Polygon","coordinates":[[[82.98063,25.28115],[82.98031,25.28167],[82.97965,25.28168],[82.97931,25.28117],[82.97963,25.28064],[82.98029,25.28063],[82.98063,25.28115]]]}},{"type":"Feature","properties":{"n":1,"np":1,"gz":-0.35,"hot":0},"geometry":{"type":"Polygon","coordinates":[[[82.98068,25.28428],[82.98036,25.2848],[82.9797,25.28481],[82.97936,25.28429],[82.97968,25.28377],[82.98034,25.28376],[82.98068,25.28428]]]}},{"type":"Feature","properties":{"n":1,"np":0,"gz":-0.19,"hot":0},"geometry":{"type":"Polygon","coordinates":[[[82.98084,25.29365],[82.98051,25.29418],[82.97985,25.29419],[82.97951,25.29367],[82.97984,25.29315],[82.9805,25.29314],[82.98084,25.29365]]]}},{"type":"Feature","properties":{"n":0,"np":3,"gz":-0.03,"hot":0},"geometry":{"type":"Polygon","coordinates":[[[82.98099,25.30303],[82.98067,25.30356],[82.98,25.30357],[82.97967,25.30305],[82.97999,25.30253],[82.98065,25.30252],[82.98099,25.30303]]]}},{"type":"Feature","properties":{"n":2,"np":2,"gz":-0.19,"hot":0},"geometry":{"type":"Polygon","coordinates":[[[82.98102,25.30512],[82.9807,25.30564],[82.98004,25.30565],[82.9797,25.30514],[82.98002,25.30461],[82.98068,25.3046],[82.98102,25.30512]]]}},{"type":"Feature","properties":{"n":2,"np":2,"gz":0.13,"hot":0},"geometry":{"type":"Polygon","coordinates":[[[82.98106,25.3072],[82.98073,25.30773],[82.98007,25.30774],[82.97973,25.30722],[82.98006,25.30669],[82.98072,25.30669],[82.98106,25.3072]]]}},{"type":"Feature","properties":{"n":1,"np":2,"gz":0.13,"hot":0},"geometry":{"type":"Polygon","coordinates":[[[82.98116,25.31346],[82.98084,25.31398],[82.98017,25.31399],[82.97983,25.31347],[82.98016,25.31295],[82.98082,25.31294],[82.98116,25.31346]]]}},{"type":"Feature","properties":{"n":1,"np":1,"gz":0.29,"hot":0},"geometry":{"type":"Polygon","coordinates":[[[82.98118,25.3145],[82.98085,25.31502],[82.98019,25.31503],[82.97985,25.31452],[82.98017,25.31399],[82.98084,25.31398],[82.98118,25.3145]]]}},{"type":"Feature","properties":{"n":1,"np":1,"gz":0.45,"hot":0},"geometry":{"type":"Polygon","coordinates":[[[82.98119,25.31554],[82.98087,25.31607],[82.98021,25.31607],[82.97987,25.31556],[82.98019,25.31503],[82.98085,25.31502],[82.98119,25.31554]]]}},{"type":"Feature","properties":{"n":2,"np":1,"gz":-0.03,"hot":0},"geometry":{"type":"Polygon","coordinates":[[[82.98121,25.31658],[82.98089,25.31711],[82.98022,25.31712],[82.97989,25.3166],[82.98021,25.31607],[82.98087,25.31607],[82.98121,25.31658]]]}},{"type":"Feature","properties":{"n":0,"np":1,"gz":-0.35,"hot":0},"geometry":{"type":"Polygon","coordinates":[[[82.98124,25.31867],[82.98092,25.31919],[82.98026,25.3192],[82.97992,25.31868],[82.98024,25.31816],[82.9809,25.31815],[82.98124,25.31867]]]}},{"type":"Feature","properties":{"n":2,"np":2,"gz":-0.03,"hot":0},"geometry":{"type":"Polygon","coordinates":[[[82.98128,25.32075],[82.98095,25.32128],[82.98029,25.32128],[82.97995,25.32077],[82.98028,25.32024],[82.98094,25.32023],[82.98128,25.32075]]]}},{"type":"Feature","properties":{"n":1,"np":0,"gz":-0.19,"hot":0},"geometry":{"type":"Polygon","coordinates":[[[82.98168,25.34576],[82.98136,25.34629],[82.9807,25.3463],[82.98036,25.34578],[82.98068,25.34525],[82.98135,25.34525],[82.98168,25.34576]]]}},{"type":"Feature","properties":{"n":1,"np":0,"gz":-0.19,"hot":0},"geometry":{"type":"Polygon","coordinates":[[[82.98126,25.25873],[82.98094,25.25925],[82.98028,25.25926],[82.97994,25.25875],[82.98026,25.25822],[82.98092,25.25821],[82.98126,25.25873]]]}},{"type":"Feature","properties":{"n":1,"np":1,"gz":1.26,"hot":0},"geometry":{"type":"Polygon","coordinates":[[[82.9815,25.27332],[82.98118,25.27384],[82.98051,25.27385],[82.98018,25.27334],[82.9805,25.27281],[82.98116,25.2728],[82.9815,25.27332]]]}},{"type":"Feature","properties":{"n":2,"np":0,"gz":-0.19,"hot":0},"geometry":{"type":"Polygon","coordinates":[[[82.98158,25.27853],[82.98126,25.27906],[82.9806,25.27906],[82.98026,25.27855],[82.98058,25.27802],[82.98124,25.27801],[82.98158,25.27853]]]}},{"type":"Feature","properties":{"n":1,"np":0,"gz":-0.19,"hot":0},"geometry":{"type":"Polygon","coordinates":[[[82.98165,25.2827],[82.98133,25.28322],[82.98067,25.28323],[82.98033,25.28272],[82.98065,25.28219],[82.98131,25.28218],[82.98165,25.2827]]]}},{"type":"Feature","properties":{"n":1,"np":2,"gz":-0.19,"hot":0},"geometry":{"type":"Polygon","coordinates":[[[82.98182,25.29312],[82.9815,25.29365],[82.98084,25.29365],[82.9805,25.29314],[82.98082,25.29261],[82.98148,25.2926],[82.98182,25.29312]]]}},{"type":"Feature","properties":{"n":1,"np":1,"gz":-0.35,"hot":0},"geometry":{"type":"Polygon","coordinates":[[[82.98192,25.29937],[82.9816,25.2999],[82.98094,25.29991],[82.9806,25.29939],[82.98092,25.29887],[82.98158,25.29886],[82.98192,25.29937]]]}},{"type":"Feature","properties":{"n":1,"np":0,"gz":0.13,"hot":0},"geometry":{"type":"Polygon","coordinates":[[[82.98204,25.30667],[82.98172,25.30719],[82.98106,25.3072],[82.98072,25.30669],[82.98104,25.30616],[82.9817,25.30615],[82.98204,25.30667]]]}},{"type":"Feature","properties":{"n":2,"np":1,"gz":0.13,"hot":0},"geometry":{"type":"Polygon","coordinates":[[[82.98209,25.30979],[82.98177,25.31032],[82.98111,25.31033],[82.98077,25.30981],[82.98109,25.30929],[82.98175,25.30928],[82.98209,25.30979]]]}},{"type":"Feature","properties":{"n":2,"np":2,"gz":0.61,"hot":0},"geometry":{"type":"Polygon","coordinates":[[[82.98218,25.31501],[82.98185,25.31553],[82.98119,25.31554],[82.98085,25.31502],[82.98118,25.3145],[82.98184,25.31449],[82.98218,25.31501]]]}},{"type":"Feature","properties":{"n":0,"np":1,"gz":-0.19,"hot":0},"geometry":{"type":"Polygon","coordinates":[[[82.98221,25.31709],[82.98189,25.31762],[82.98123,25.31762],[82.98089,25.31711],[82.98121,25.31658],[82.98187,25.31657],[82.98221,25.31709]]]}},{"type":"Feature","properties":{"n":1,"np":1,"gz":0.29,"hot":0},"geometry":{"type":"Polygon","coordinates":[[[82.98228,25.32126],[82.98196,25.32178],[82.98129,25.32179],[82.98095,25.32128],[82.98128,25.32075],[82.98194,25.32074],[82.98228,25.32126]]]}},{"type":"Feature","properties":{"n":1,"np":2,"gz":-0.19,"hot":0},"geometry":{"type":"Polygon","coordinates":[[[82.98269,25.34627],[82.98236,25.3468],[82.9817,25.3468],[82.98136,25.34629],[82.98168,25.34576],[82.98235,25.34575],[82.98269,25.34627]]]}},{"type":"Feature","properties":{"n":1,"np":0,"gz":-0.03,"hot":0},"geometry":{"type":"Polygon","coordinates":[[[82.98226,25.25924],[82.98194,25.25976],[82.98128,25.25977],[82.98094,25.25925],[82.98126,25.25873],[82.98192,25.25872],[82.98226,25.25924]]]}},{"type":"Feature","properties":{"n":1,"np":0,"gz":0.29,"hot":0},"geometry":{"type":"Polygon","coordinates":[[[82.98231,25.26236],[82.98199,25.26289],[82.98133,25.2629],[82.98099,25.26238],[82.98131,25.26186],[82.98197,25.26185],[82.98231,25.26236]]]}},{"type":"Feature","properties":{"n":1,"np":0,"gz":0.29,"hot":0},"geometry":{"type":"Polygon","coordinates":[[[82.98233,25.26341],[82.98201,25.26393],[82.98135,25.26394],[82.98101,25.26342],[82.98133,25.2629],[82.98199,25.26289],[82.98233,25.26341]]]}},{"type":"Feature","properties":{"n":2,"np":0,"gz":-0.19,"hot":0},"geometry":{"type":"Polygon","coordinates":[[[82.98236,25.26549],[82.98204,25.26602],[82.98138,25.26602],[82.98104,25.26551],[82.98136,25.26498],[82.98203,25.26497],[82.98236,25.26549]]]}},{"type":"Feature","properties":{"n":1,"np":0,"gz":-0.03,"hot":0},"geometry":{"type":"Polygon","coordinates":[[[82.98245,25.2707],[82.98213,25.27123],[82.98147,25.27123],[82.98113,25.27072],[82.98145,25.27019],[82.98211,25.27018],[82.98245,25.2707]]]}},{"type":"Feature","properties":{"n":10,"np":7,"gz":1.42,"hot":0},"geometry":{"type":"Polygon","coordinates":[[[82.9825,25.27383],[82.98218,25.27435],[82.98152,25.27436],[82.98118,25.27384],[82.9815,25.27332],[82.98216,25.27331],[82.9825,25.27383]]]}},{"type":"Feature","properties":{"n":1,"np":0,"gz":-0.03,"hot":0},"geometry":{"type":"Polygon","coordinates":[[[82.98265,25.28321],[82.98233,25.28373],[82.98167,25.28374],[82.98133,25.28322],[82.98165,25.2827],[82.98231,25.28269],[82.98265,25.28321]]]}},{"type":"Feature","properties":{"n":4,"np":3,"gz":0.13,"hot":0},"geometry":{"type":"Polygon","coordinates":[[[82.98272,25.28738],[82.9824,25.2879],[82.98174,25.28791],[82.9814,25.28739],[82.98172,25.28687],[82.98238,25.28686],[82.98272,25.28738]]]}},{"type":"Feature","properties":{"n":1,"np":0,"gz":-0.35,"hot":0},"geometry":{"type":"Polygon","coordinates":[[[82.98294,25.30092],[82.98262,25.30145],[82.98196,25.30146],[82.98162,25.30094],[82.98194,25.30042],[82.9826,25.30041],[82.98294,25.30092]]]}},{"type":"Feature","properties":{"n":1,"np":1,"gz":0.13,"hot":0},"geometry":{"type":"Polygon","coordinates":[[[82.98303,25.30613],[82.9827,25.30666],[82.98204,25.30667],[82.9817,25.30615],[82.98202,25.30563],[82.98269,25.30562],[82.98303,25.30613]]]}},{"type":"Feature","properties":{"n":2,"np":0,"gz":0.61,"hot":0},"geometry":{"type":"Polygon","coordinates":[[[82.98308,25.30926],[82.98275,25.30979],[82.98209,25.30979],[82.98175,25.30928],[82.98208,25.30875],[82.98274,25.30874],[82.98308,25.30926]]]}},{"type":"Feature","properties":{"n":3,"np":2,"gz":0.61,"hot":0},"geometry":{"type":"Polygon","coordinates":[[[82.98313,25.31239],[82.9828,25.31291],[82.98214,25.31292],[82.9818,25.3124],[82.98213,25.31188],[82.98279,25.31187],[82.98313,25.31239]]]}},{"type":"Feature","properties":{"n":2,"np":0,"gz":0.77,"hot":0},"geometry":{"type":"Polygon","coordinates":[[[82.98314,25.31343],[82.98282,25.31395],[82.98216,25.31396],[82.98182,25.31345],[82.98214,25.31292],[82.9828,25.31291],[82.98314,25.31343]]]}},{"type":"Feature","properties":{"n":3,"np":2,"gz":0.61,"hot":0},"geometry":{"type":"Polygon","coordinates":[[[82.98316,25.31447],[82.98284,25.315],[82.98218,25.31501],[82.98184,25.31449],[82.98216,25.31396],[82.98282,25.31395],[82.98316,25.31447]]]}},{"type":"Feature","properties":{"n":3,"np":2,"gz":0.61,"hot":0},"geometry":{"type":"Polygon","coordinates":[[[82.98323,25.31864],[82.98291,25.31917],[82.98224,25.31917],[82.98191,25.31866],[82.98223,25.31813],[82.98289,25.31812],[82.98323,25.31864]]]}},{"type":"Feature","properties":{"n":1,"np":1,"gz":0.13,"hot":0},"geometry":{"type":"Polygon","coordinates":[[[82.98326,25.32072],[82.98294,25.32125],[82.98228,25.32126],[82.98194,25.32074],[82.98226,25.32022],[82.98292,25.32021],[82.98326,25.32072]]]}},{"type":"Feature","properties":{"n":1,"np":0,"gz":0.29,"hot":0},"geometry":{"type":"Polygon","coordinates":[[[82.98328,25.32177],[82.98296,25.32229],[82.9823,25.3223],[82.98196,25.32178],[82.98228,25.32126],[82.98294,25.32125],[82.98328,25.32177]]]}},{"type":"Feature","properties":{"n":1,"np":1,"gz":-0.19,"hot":0},"geometry":{"type":"Polygon","coordinates":[[[82.98326,25.25974],[82.98294,25.26027],[82.98228,25.26028],[82.98194,25.25976],[82.98226,25.25924],[82.98292,25.25923],[82.98326,25.25974]]]}},{"type":"Feature","properties":{"n":3,"np":0,"gz":0.29,"hot":0},"geometry":{"type":"Polygon","coordinates":[[[82.98331,25.26287],[82.98299,25.2634],[82.98233,25.26341],[82.98199,25.26289],[82.98231,25.26236],[82.98298,25.26235],[82.98331,25.26287]]]}},{"type":"Feature","properties":{"n":2,"np":3,"gz":-0.03,"hot":0},"geometry":{"type":"Polygon","coordinates":[[[82.98343,25.27017],[82.98311,25.27069],[82.98245,25.2707],[82.98211,25.27018],[82.98243,25.26966],[82.98309,25.26965],[82.98343,25.27017]]]}},{"type":"Feature","properties":{"n":1,"np":0,"gz":1.26,"hot":0},"geometry":{"type":"Polygon","coordinates":[[[82.9835,25.27433],[82.98318,25.27486],[82.98252,25.27487],[82.98218,25.27435],[82.9825,25.27383],[82.98316,25.27382],[82.9835,25.27433]]]}},{"type":"Feature","properties":{"n":3,"np":0,"gz":0.13,"hot":0},"geometry":{"type":"Polygon","coordinates":[[[82.98355,25.27746],[82.98323,25.27799],[82.98257,25.278],[82.98223,25.27748],[82.98255,25.27695],[82.98321,25.27694],[82.98355,25.27746]]]}},{"type":"Feature","properties":{"n":1,"np":0,"gz":0.13,"hot":0},"geometry":{"type":"Polygon","coordinates":[[[82.98357,25.2785],[82.98325,25.27903],[82.98258,25.27904],[82.98225,25.27852],[82.98257,25.278],[82.98323,25.27799],[82.98357,25.2785]]]}},{"type":"Feature","properties":{"n":4,"np":0,"gz":0.45,"hot":0},"geometry":{"type":"Polygon","coordinates":[[[82.98362,25.28163],[82.9833,25.28216],[82.98264,25.28216],[82.9823,25.28165],[82.98262,25.28112],[82.98328,25.28111],[82.98362,25.28163]]]}},{"type":"Feature","properties":{"n":1,"np":0,"gz":0.61,"hot":0},"geometry":{"type":"Polygon","coordinates":[[[82.98364,25.28267],[82.98331,25.2832],[82.98265,25.28321],[82.98231,25.28269],[82.98264,25.28216],[82.9833,25.28216],[82.98364,25.28267]]]}},{"type":"Feature","properties":{"n":0,"np":1,"gz":0.13,"hot":0},"geometry":{"type":"Polygon","coordinates":[[[82.98372,25.28788],[82.9834,25.28841],[82.98274,25.28842],[82.9824,25.2879],[82.98272,25.28738],[82.98338,25.28737],[82.98372,25.28788]]]}},{"type":"Feature","properties":{"n":1,"np":0,"gz":-0.35,"hot":0},"geometry":{"type":"Polygon","coordinates":[[[82.98381,25.29309],[82.98348,25.29362],[82.98282,25.29363],[82.98248,25.29311],[82.98281,25.29259],[82.98347,25.29258],[82.98381,25.29309]]]}},{"type":"Feature","properties":{"n":1,"np":0,"gz":-0.19,"hot":0},"geometry":{"type":"Polygon","coordinates":[[[82.98391,25.29935],[82.98359,25.29987],[82.98292,25.29988],[82.98258,25.29936],[82.98291,25.29884],[82.98357,25.29883],[82.98391,25.29935]]]}},{"type":"Feature","properties":{"n":2,"np":1,"gz":-0.03,"hot":0},"geometry":{"type":"Polygon","coordinates":[[[82.98401,25.3056],[82.98369,25.30612],[82.98303,25.30613],[82.98269,25.30562],[82.98301,25.30509],[82.98367,25.30508],[82.98401,25.3056]]]}},{"type":"Feature","properties":{"n":1,"np":1,"gz":0.93,"hot":0},"geometry":{"type":"Polygon","coordinates":[[[82.98406,25.30873],[82.98374,25.30925],[82.98308,25.30926],[82.98274,25.30874],[82.98306,25.30822],[82.98372,25.30821],[82.98406,25.30873]]]}},{"type":"Feature","properties":{"n":2,"np":1,"gz":1.1,"hot":0},"geometry":{"type":"Polygon","coordinates":[[[82.98408,25.30977],[82.98376,25.31029],[82.98309,25.3103],[82.98275,25.30979],[82.98308,25.30926],[82.98374,25.30925],[82.98408,25.30977]]]}},{"type":"Feature","properties":{"n":2,"np":0,"gz":0.45,"hot":0},"geometry":{"type":"Polygon","coordinates":[[[82.98409,25.31081],[82.98377,25.31134],[82.98311,25.31134],[82.98277,25.31083],[82.98309,25.3103],[82.98376,25.31029],[82.98409,25.31081]]]}},{"type":"Feature","properties":{"n":2,"np":1,"gz":1.58,"hot":0},"geometry":{"type":"Polygon","coordinates":[[[82.98411,25.31185],[82.98379,25.31238],[82.98313,25.31239],[82.98279,25.31187],[82.98311,25.31134],[82.98377,25.31134],[82.98411,25.31185]]]}},{"type":"Feature","properties":{"n":0,"np":1,"gz":1.74,"hot":0},"geometry":{"type":"Polygon","coordinates":[[[82.98413,25.31289],[82.98381,25.31342],[82.98314,25.31343],[82.9828,25.31291],[82.98313,25.31239],[82.98379,25.31238],[82.98413,25.31289]]]}},{"type":"Feature","properties":{"n":2,"np":2,"gz":0.77,"hot":0},"geometry":{"type":"Polygon","coordinates":[[[82.98421,25.31811],[82.98389,25.31863],[82.98323,25.31864],[82.98289,25.31812],[82.98321,25.3176],[82.98387,25.31759],[82.98421,25.31811]]]}},{"type":"Feature","properties":{"n":2,"np":2,"gz":0.61,"hot":0},"geometry":{"type":"Polygon","coordinates":[[[82.98423,25.31915],[82.98391,25.31967],[82.98325,25.31968],[82.98291,25.31917],[82.98323,25.31864],[82.98389,25.31863],[82.98423,25.31915]]]}},{"type":"Feature","properties":{"n":1,"np":1,"gz":0.29,"hot":0},"geometry":{"type":"Polygon","coordinates":[[[82.98426,25.32123],[82.98394,25.32176],[82.98328,25.32177],[82.98294,25.32125],[82.98326,25.32072],[82.98393,25.32071],[82.98426,25.32123]]]}},{"type":"Feature","properties":{"n":1,"np":0,"gz":0.13,"hot":0},"geometry":{"type":"Polygon","coordinates":[[[82.98428,25.32227],[82.98396,25.3228],[82.9833,25.32281],[82.98296,25.32229],[82.98328,25.32177],[82.98394,25.32176],[82.98428,25.32227]]]}},{"type":"Feature","properties":{"n":2,"np":0,"gz":-0.19,"hot":0},"geometry":{"type":"Polygon","coordinates":[[[82.9844,25.26859],[82.98408,25.26912],[82.98342,25.26912],[82.98308,25.26861],[82.9834,25.26808],[82.98406,25.26807],[82.9844,25.26859]]]}},{"type":"Feature","properties":{"n":1,"np":0,"gz":-0.03,"hot":0},"geometry":{"type":"Polygon","coordinates":[[[82.98452,25.27588],[82.9842,25.27641],[82.98353,25.27642],[82.9832,25.2759],[82.98352,25.27538],[82.98418,25.27537],[82.98452,25.27588]]]}},{"type":"Feature","properties":{"n":1,"np":0,"gz":0.45,"hot":0},"geometry":{"type":"Polygon","coordinates":[[[82.98462,25.28214],[82.9843,25.28266],[82.98364,25.28267],[82.9833,25.28216],[82.98362,25.28163],[82.98428,25.28162],[82.98462,25.28214]]]}},{"type":"Feature","properties":{"n":1,"np":0,"gz":-0.19,"hot":0},"geometry":{"type":"Polygon","coordinates":[[[82.98488,25.29777],[82.98455,25.2983],[82.98389,25.2983],[82.98355,25.29779],[82.98387,25.29726],[82.98454,25.29725],[82.98488,25.29777]]]}},{"type":"Feature","properties":{"n":1,"np":1,"gz":-0.03,"hot":0},"geometry":{"type":"Polygon","coordinates":[[[82.98489,25.29881],[82.98457,25.29934],[82.98391,25.29935],[82.98357,25.29883],[82.98389,25.2983],[82.98455,25.2983],[82.98489,25.29881]]]}},{"type":"Feature","properties":{"n":0,"np":1,"gz":-0.03,"hot":0},"geometry":{"type":"Polygon","coordinates":[[[82.98491,25.29985],[82.98459,25.30038],[82.98393,25.30039],[82.98359,25.29987],[82.98391,25.29935],[82.98457,25.29934],[82.98491,25.29985]]]}},{"type":"Feature","properties":{"n":1,"np":1,"gz":-0.19,"hot":0},"geometry":{"type":"Polygon","coordinates":[[[82.98503,25.30715],[82.98471,25.30767],[82.98404,25.30768],[82.9837,25.30717],[82.98403,25.30664],[82.98469,25.30663],[82.98503,25.30715]]]}},{"type":"Feature","properties":{"n":1,"np":1,"gz":0.45,"hot":0},"geometry":{"type":"Polygon","coordinates":[[[82.98505,25.30819],[82.98472,25.30872],[82.98406,25.30873],[82.98372,25.30821],[82.98404,25.30768],[82.98471,25.30767],[82.98505,25.30819]]]}},{"type":"Feature","properties":{"n":3,"np":2,"gz":0.61,"hot":0},"geometry":{"type":"Polygon","coordinates":[[[82.98506,25.30923],[82.98474,25.30976],[82.98408,25.30977],[82.98374,25.30925],[82.98406,25.30873],[82.98472,25.30872],[82.98506,25.30923]]]}},{"type":"Feature","properties":{"n":6,"np":4,"gz":0.93,"hot":0},"geometry":{"type":"Polygon","coordinates":[[[82.98511,25.31236],[82.98479,25.31289],[82.98413,25.31289],[82.98379,25.31238],[82.98411,25.31185],[82.98477,25.31184],[82.98511,25.31236]]]}},{"type":"Feature","properties":{"n":1,"np":1,"gz":0.77,"hot":0},"geometry":{"type":"Polygon","coordinates":[[[82.98513,25.3134],[82.98481,25.31393],[82.98415,25.31394],[82.98381,25.31342],[82.98413,25.31289],[82.98479,25.31289],[82.98513,25.3134]]]}},{"type":"Feature","properties":{"n":1,"np":1,"gz":-0.19,"hot":0},"geometry":{"type":"Polygon","coordinates":[[[82.98515,25.31444],[82.98482,25.31497],[82.98416,25.31498],[82.98382,25.31446],[82.98415,25.31394],[82.98481,25.31393],[82.98515,25.31444]]]}},{"type":"Feature","properties":{"n":3,"np":3,"gz":0.29,"hot":0},"geometry":{"type":"Polygon","coordinates":[[[82.98518,25.31653],[82.98486,25.31705],[82.9842,25.31706],[82.98386,25.31655],[82.98418,25.31602],[82.98484,25.31601],[82.98518,25.31653]]]}},{"type":"Feature","properties":{"n":1,"np":0,"gz":0.45,"hot":0},"geometry":{"type":"Polygon","coordinates":[[[82.9852,25.31757],[82.98488,25.3181],[82.98421,25.31811],[82.98387,25.31759],[82.9842,25.31706],[82.98486,25.31705],[82.9852,25.31757]]]}},{"type":"Feature","properties":{"n":0,"np":1,"gz":0.29,"hot":0},"geometry":{"type":"Polygon","coordinates":[[[82.98522,25.31861],[82.98489,25.31914],[82.98423,25.31915],[82.98389,25.31863],[82.98421,25.31811],[82.98488,25.3181],[82.98522,25.31861]]]}},{"type":"Feature","properties":{"n":1,"np":1,"gz":-0.03,"hot":0},"geometry":{"type":"Polygon","coordinates":[[[82.98527,25.32174],[82.98494,25.32226],[82.98428,25.32227],[82.98394,25.32176],[82.98426,25.32123],[82.98493,25.32122],[82.98527,25.32174]]]}},{"type":"Feature","properties":{"n":0,"np":1,"gz":0.13,"hot":0},"geometry":{"type":"Polygon","coordinates":[[[82.98528,25.32278],[82.98496,25.32331],[82.9843,25.32332],[82.98396,25.3228],[82.98428,25.32227],[82.98494,25.32226],[82.98528,25.32278]]]}},{"type":"Feature","properties":{"n":1,"np":0,"gz":-0.35,"hot":0},"geometry":{"type":"Polygon","coordinates":[[[82.9852,25.25659],[82.98488,25.25712],[82.98421,25.25713],[82.98387,25.25661],[82.9842,25.25608],[82.98486,25.25607],[82.9852,25.25659]]]}},{"type":"Feature","properties":{"n":2,"np":0,"gz":-0.03,"hot":0},"geometry":{"type":"Polygon","coordinates":[[[82.9855,25.27535],[82.98518,25.27588],[82.98452,25.27588],[82.98418,25.27537],[82.9845,25.27484],[82.98516,25.27483],[82.9855,25.27535]]]}},{"type":"Feature","properties":{"n":5,"np":0,"gz":0.61,"hot":0},"geometry":{"type":"Polygon","coordinates":[[[82.98559,25.28056],[82.98527,25.28109],[82.9846,25.2811],[82.98426,25.28058],[82.98459,25.28005],[82.98525,25.28004],[82.98559,25.28056]]]}},{"type":"Feature","properties":{"n":7,"np":5,"gz":0.61,"hot":0},"geometry":{"type":"Polygon","coordinates":[[[82.98572,25.2889],[82.9854,25.28942],[82.98474,25.28943],[82.9844,25.28892],[82.98472,25.28839],[82.98538,25.28838],[82.98572,25.2889]]]}},{"type":"Feature","properties":{"n":0,"np":1,"gz":-0.19,"hot":0},"geometry":{"type":"Polygon","coordinates":[[[82.98588,25.29828],[82.98555,25.2988],[82.98489,25.29881],[82.98455,25.2983],[82.98488,25.29777],[82.98554,25.29776],[82.98588,25.29828]]]}},{"type":"Feature","properties":{"n":1,"np":0,"gz":-0.35,"hot":0},"geometry":{"type":"Polygon","coordinates":[[[82.98591,25.30036],[82.98559,25.30089],[82.98493,25.3009],[82.98459,25.30038],[82.98491,25.29985],[82.98557,25.29985],[82.98591,25.30036]]]}},{"type":"Feature","properties":{"n":1,"np":0,"gz":-0.19,"hot":0},"geometry":{"type":"Polygon","coordinates":[[[82.98594,25.30245],[82.98562,25.30297],[82.98496,25.30298],[82.98462,25.30246],[82.98494,25.30194],[82.98561,25.30193],[82.98594,25.30245]]]}},{"type":"Feature","properties":{"n":1,"np":0,"gz":-0.19,"hot":0},"geometry":{"type":"Polygon","coordinates":[[[82.986,25.30557],[82.98567,25.3061],[82.98501,25.30611],[82.98467,25.30559],[82.98499,25.30506],[82.98566,25.30506],[82.986,25.30557]]]}},{"type":"Feature","properties":{"n":0,"np":2,"gz":0.45,"hot":0},"geometry":{"type":"Polygon","coordinates":[[[82.9861,25.31183],[82.98578,25.31235],[82.98511,25.31236],[82.98477,25.31184],[82.9851,25.31132],[82.98576,25.31131],[82.9861,25.31183]]]}},{"type":"Feature","properties":{"n":1,"np":0,"gz":0.29,"hot":0},"geometry":{"type":"Polygon","coordinates":[[[82.98617,25.31599],[82.98584,25.31652],[82.98518,25.31653],[82.98484,25.31601],[82.98516,25.31549],[82.98583,25.31548],[82.98617,25.31599]]]}},{"type":"Feature","properties":{"n":2,"np":2,"gz":0.29,"hot":0},"geometry":{"type":"Polygon","coordinates":[[[82.98628,25.32329],[82.98596,25.32381],[82.9853,25.32382],[82.98496,25.32331],[82.98528,25.32278],[82.98595,25.32277],[82.98628,25.32329]]]}},{"type":"Feature","properties":{"n":1,"np":0,"gz":-0.19,"hot":0},"geometry":{"type":"Polygon","coordinates":[[[82.98645,25.27273],[82.98613,25.27326],[82.98547,25.27327],[82.98513,25.27275],[82.98545,25.27222],[82.98611,25.27221],[82.98645,25.27273]]]}},{"type":"Feature","properties":{"n":1,"np":0,"gz":-0.19,"hot":0},"geometry":{"type":"Polygon","coordinates":[[[82.98647,25.27377],[82.98615,25.2743],[82.98549,25.27431],[82.98515,25.27379],[82.98547,25.27327],[82.98613,25.27326],[82.98647,25.27377]]]}},{"type":"Feature","properties":{"n":2,"np":0,"gz":0.93,"hot":0},"geometry":{"type":"Polygon","coordinates":[[[82.98657,25.28003],[82.98625,25.28055],[82.98559,25.28056],[82.98525,25.28004],[82.98557,25.27952],[82.98623,25.27951],[82.98657,25.28003]]]}},{"type":"Feature","properties":{"n":1,"np":0,"gz":-0.19,"hot":0},"geometry":{"type":"Polygon","coordinates":[[[82.98662,25.28315],[82.9863,25.28368],[82.98564,25.28369],[82.9853,25.28317],[82.98562,25.28265],[82.98628,25.28264],[82.98662,25.28315]]]}},{"type":"Feature","properties":{"n":0,"np":1,"gz":-0.35,"hot":0},"geometry":{"type":"Polygon","coordinates":[[[82.9869,25.29983],[82.98657,25.30035],[82.98591,25.30036],[82.98557,25.29985],[82.98589,25.29932],[82.98656,25.29931],[82.9869,25.29983]]]}},{"type":"Feature","properties":{"n":1,"np":1,"gz":-0.03,"hot":0},"geometry":{"type":"Polygon","coordinates":[[[82.98693,25.30191],[82.98661,25.30244],[82.98594,25.30245],[82.98561,25.30193],[82.98593,25.3014],[82.98659,25.3014],[82.98693,25.30191]]]}},{"type":"Feature","properties":{"n":1,"np":1,"gz":0.61,"hot":0},"geometry":{"type":"Polygon","coordinates":[[[82.98696,25.304],[82.98664,25.30452],[82.98598,25.30453],[82.98564,25.30401],[82.98596,25.30349],[82.98662,25.30348],[82.98696,25.304]]]}},{"type":"Feature","properties":{"n":1,"np":0,"gz":0.45,"hot":0},"geometry":{"type":"Polygon","coordinates":[[[82.98698,25.30504],[82.98666,25.30556],[82.986,25.30557],[82.98566,25.30506],[82.98598,25.30453],[82.98664,25.30452],[82.98698,25.30504]]]}},{"type":"Feature","properties":{"n":1,"np":1,"gz":-0.19,"hot":0},"geometry":{"type":"Polygon","coordinates":[[[82.98712,25.31338],[82.98679,25.3139],[82.98613,25.31391],[82.98579,25.31339],[82.98611,25.31287],[82.98678,25.31286],[82.98712,25.31338]]]}},{"type":"Feature","properties":{"n":1,"np":0,"gz":-0.19,"hot":0},"geometry":{"type":"Polygon","coordinates":[[[82.98717,25.3165],[82.98684,25.31703],[82.98618,25.31704],[82.98584,25.31652],[82.98617,25.31599],[82.98683,25.31599],[82.98717,25.3165]]]}},{"type":"Feature","properties":{"n":5,"np":2,"gz":0.61,"hot":0},"geometry":{"type":"Polygon","coordinates":[[[82.98724,25.32067],[82.98691,25.3212],[82.98625,25.3212],[82.98591,25.32069],[82.98623,25.32016],[82.9869,25.32015],[82.98724,25.32067]]]}},{"type":"Feature","properties":{"n":3,"np":3,"gz":0.61,"hot":0},"geometry":{"type":"Polygon","coordinates":[[[82.98729,25.3238],[82.98696,25.32432],[82.9863,25.32433],[82.98596,25.32381],[82.98628,25.32329],[82.98695,25.32328],[82.98729,25.3238]]]}},{"type":"Feature","properties":{"n":1,"np":1,"gz":-0.35,"hot":0},"geometry":{"type":"Polygon","coordinates":[[[82.98725,25.26073],[82.98693,25.26126],[82.98627,25.26127],[82.98593,25.26075],[82.98625,25.26023],[82.98691,25.26022],[82.98725,25.26073]]]}},{"type":"Feature","properties":{"n":0,"np":1,"gz":-0.19,"hot":0},"geometry":{"type":"Polygon","coordinates":[[[82.98745,25.27324],[82.98713,25.27376],[82.98647,25.27377],[82.98613,25.27326],[82.98645,25.27273],[82.98712,25.27272],[82.98745,25.27324]]]}},{"type":"Feature","properties":{"n":2,"np":1,"gz":0.13,"hot":0},"geometry":{"type":"Polygon","coordinates":[[[82.98757,25.28053],[82.98725,25.28106],[82.98659,25.28107],[82.98625,25.28055],[82.98657,25.28003],[82.98723,25.28002],[82.98757,25.28053]]]}},{"type":"Feature","properties":{"n":1,"np":0,"gz":-0.19,"hot":0},"geometry":{"type":"Polygon","coordinates":[[[82.98761,25.28262],[82.98728,25.28314],[82.98662,25.28315],[82.98628,25.28264],[82.98661,25.28211],[82.98727,25.2821],[82.98761,25.28262]]]}},{"type":"Feature","properties":{"n":1,"np":0,"gz":0.13,"hot":0},"geometry":{"type":"Polygon","coordinates":[[[82.98764,25.2847],[82.98732,25.28523],[82.98666,25.28524],[82.98632,25.28472],[82.98664,25.2842],[82.9873,25.28419],[82.98764,25.2847]]]}},{"type":"Feature","properties":{"n":2,"np":2,"gz":-0.19,"hot":0},"geometry":{"type":"Polygon","coordinates":[[[82.98783,25.29617],[82.98751,25.29669],[82.98684,25.2967],[82.9865,25.29618],[82.98683,25.29566],[82.98749,25.29565],[82.98783,25.29617]]]}},{"type":"Feature","properties":{"n":1,"np":1,"gz":0.29,"hot":0},"geometry":{"type":"Polygon","coordinates":[[[82.98793,25.30242],[82.98761,25.30294],[82.98695,25.30295],[82.98661,25.30244],[82.98693,25.30191],[82.98759,25.3019],[82.98793,25.30242]]]}},{"type":"Feature","properties":{"n":3,"np":2,"gz":0.61,"hot":0},"geometry":{"type":"Polygon","coordinates":[[[82.98795,25.30346],[82.98762,25.30399],[82.98696,25.304],[82.98662,25.30348],[82.98695,25.30295],[82.98761,25.30294],[82.98795,25.30346]]]}},{"type":"Feature","properties":{"n":2,"np":2,"gz":0.77,"hot":0},"geometry":{"type":"Polygon","coordinates":[[[82.98796,25.3045],[82.98764,25.30503],[82.98698,25.30504],[82.98664,25.30452],[82.98696,25.304],[82.98762,25.30399],[82.98796,25.3045]]]}},{"type":"Feature","properties":{"n":1,"np":0,"gz":0.29,"hot":0},"geometry":{"type":"Polygon","coordinates":[[[82.98798,25.30555],[82.98766,25.30607],[82.987,25.30608],[82.98666,25.30556],[82.98698,25.30504],[82.98764,25.30503],[82.98798,25.30555]]]}},{"type":"Feature","properties":{"n":2,"np":2,"gz":-0.19,"hot":0},"geometry":{"type":"Polygon","coordinates":[[[82.98803,25.30867],[82.98771,25.3092],[82.98705,25.30921],[82.98671,25.30869],[82.98703,25.30816],[82.98769,25.30816],[82.98803,25.30867]]]}},{"type":"Feature","properties":{"n":1,"np":1,"gz":0.77,"hot":0},"geometry":{"type":"Polygon","coordinates":[[[82.98807,25.31076],[82.98774,25.31128],[82.98708,25.31129],[82.98674,25.31077],[82.98707,25.31025],[82.98773,25.31024],[82.98807,25.31076]]]}},{"type":"Feature","properties":{"n":1,"np":0,"gz":0.77,"hot":0},"geometry":{"type":"Polygon","coordinates":[[[82.98808,25.3118],[82.98776,25.31232],[82.9871,25.31233],[82.98676,25.31182],[82.98708,25.31129],[82.98774,25.31128],[82.98808,25.3118]]]}},{"type":"Feature","properties":{"n":1,"np":1,"gz":-0.03,"hot":0},"geometry":{"type":"Polygon","coordinates":[[[82.98812,25.31388],[82.98779,25.31441],[82.98713,25.31442],[82.98679,25.3139],[82.98712,25.31338],[82.98778,25.31337],[82.98812,25.31388]]]}},{"type":"Feature","properties":{"n":1,"np":1,"gz":0.61,"hot":0},"geometry":{"type":"Polygon","coordinates":[[[82.98822,25.32014],[82.9879,25.32066],[82.98724,25.32067],[82.9869,25.32015],[82.98722,25.31963],[82.98788,25.31962],[82.98822,25.32014]]]}},{"type":"Feature","properties":{"n":1,"np":1,"gz":0.61,"hot":0},"geometry":{"type":"Polygon","coordinates":[[[82.98824,25.32118],[82.98791,25.3217],[82.98725,25.32171],[82.98691,25.3212],[82.98724,25.32067],[82.9879,25.32066],[82.98824,25.32118]]]}},{"type":"Feature","properties":{"n":2,"np":2,"gz":1.1,"hot":0},"geometry":{"type":"Polygon","coordinates":[[[82.98829,25.3243],[82.98797,25.32483],[82.9873,25.32484],[82.98696,25.32432],[82.98729,25.3238],[82.98795,25.32379],[82.98829,25.3243]]]}},{"type":"Feature","properties":{"n":1,"np":1,"gz":0.45,"hot":0},"geometry":{"type":"Polygon","coordinates":[[[82.9883,25.32535],[82.98798,25.32587],[82.98732,25.32588],[82.98698,25.32536],[82.9873,25.32484],[82.98797,25.32483],[82.9883,25.32535]]]}},{"type":"Feature","properties":{"n":1,"np":0,"gz":-0.35,"hot":0},"geometry":{"type":"Polygon","coordinates":[[[82.98783,25.23519],[82.98751,25.23571],[82.98684,25.23572],[82.9865,25.2352],[82.98683,25.23468],[82.98749,25.23467],[82.98783,25.23519]]]}},{"type":"Feature","properties":{"n":1,"np":0,"gz":-0.35,"hot":0},"geometry":{"type":"Polygon","coordinates":[[[82.98837,25.26854],[82.98805,25.26906],[82.98739,25.26907],[82.98705,25.26855],[82.98737,25.26803],[82.98803,25.26802],[82.98837,25.26854]]]}},{"type":"Feature","properties":{"n":1,"np":0,"gz":-0.35,"hot":0},"geometry":{"type":"Polygon","coordinates":[[[82.98849,25.27583],[82.98817,25.27636],[82.98751,25.27637],[82.98717,25.27585],[82.98749,25.27532],[82.98815,25.27531],[82.98849,25.27583]]]}},{"type":"Feature","properties":{"n":1,"np":0,"gz":0.13,"hot":0},"geometry":{"type":"Polygon","coordinates":[[[82.98863,25.28417],[82.9883,25.28469],[82.98764,25.2847],[82.9873,25.28419],[82.98762,25.28366],[82.98829,25.28365],[82.98863,25.28417]]]}},{"type":"Feature","properties":{"n":2,"np":0,"gz":0.13,"hot":0},"geometry":{"type":"Polygon","coordinates":[[[82.98864,25.28521],[82.98832,25.28574],[82.98766,25.28574],[82.98732,25.28523],[82.98764,25.2847],[82.9883,25.28469],[82.98864,25.28521]]]}},{"type":"Feature","properties":{"n":1,"np":0,"gz":0.13,"hot":0},"geometry":{"type":"Polygon","coordinates":[[[82.98878,25.29355],[82.98846,25.29407],[82.98779,25.29408],[82.98745,25.29357],[82.98778,25.29304],[82.98844,25.29303],[82.98878,25.29355]]]}},{"type":"Feature","properties":{"n":1,"np":0,"gz":0.77,"hot":0},"geometry":{"type":"Polygon","coordinates":[[[82.98885,25.29772],[82.98852,25.29824],[82.98786,25.29825],[82.98752,25.29773],[82.98785,25.29721],[82.98851,25.2972],[82.98885,25.29772]]]}},{"type":"Feature","properties":{"n":2,"np":1,"gz":0.45,"hot":0},"geometry":{"type":"Polygon","coordinates":[[[82.98888,25.2998],[82.98856,25.30033],[82.9879,25.30034],[82.98756,25.29982],[82.98788,25.29929],[82.98854,25.29928],[82.98888,25.2998]]]}},{"type":"Feature","properties":{"n":0,"np":1,"gz":0.45,"hot":0},"geometry":{"type":"Polygon","coordinates":[[[82.98897,25.30501],[82.98864,25.30554],[82.98798,25.30555],[82.98764,25.30503],[82.98796,25.3045],[82.98863,25.30449],[82.98897,25.30501]]]}},{"type":"Feature","properties":{"n":1,"np":1,"gz":-0.03,"hot":0},"geometry":{"type":"Polygon","coordinates":[[[82.98898,25.30605],[82.98866,25.30658],[82.988,25.30659],[82.98766,25.30607],[82.98798,25.30555],[82.98864,25.30554],[82.98898,25.30605]]]}},{"type":"Feature","properties":{"n":6,"np":3,"gz":1.1,"hot":0},"geometry":{"type":"Polygon","coordinates":[[[82.98907,25.31126],[82.98875,25.31179],[82.98808,25.3118],[82.98774,25.31128],[82.98807,25.31076],[82.98873,25.31075],[82.98907,25.31126]]]}},{"type":"Feature","properties":{"n":1,"np":1,"gz":-0.03,"hot":0},"geometry":{"type":"Polygon","coordinates":[[[82.9891,25.31335],[82.98878,25.31387],[82.98812,25.31388],[82.98778,25.31337],[82.9881,25.31284],[82.98876,25.31283],[82.9891,25.31335]]]}},{"type":"Feature","properties":{"n":3,"np":2,"gz":0.93,"hot":0},"geometry":{"type":"Polygon","coordinates":[[[82.98927,25.32377],[82.98895,25.3243],[82.98829,25.3243],[82.98795,25.32379],[82.98827,25.32326],[82.98893,25.32325],[82.98927,25.32377]]]}},{"type":"Feature","properties":{"n":1,"np":1,"gz":1.26,"hot":0},"geometry":{"type":"Polygon","coordinates":[[[82.98929,25.32481],[82.98897,25.32534],[82.9883,25.32535],[82.98797,25.32483],[82.98829,25.3243],[82.98895,25.3243],[82.98929,25.32481]]]}},{"type":"Feature","properties":{"n":2,"np":1,"gz":0.29,"hot":0},"geometry":{"type":"Polygon","coordinates":[[[82.98931,25.32585],[82.98898,25.32638],[82.98832,25.32639],[82.98798,25.32587],[82.9883,25.32535],[82.98897,25.32534],[82.98931,25.32585]]]}},{"type":"Feature","properties":{"n":1,"np":1,"gz":0.29,"hot":0},"geometry":{"type":"Polygon","coordinates":[[[82.98932,25.3269],[82.989,25.32742],[82.98834,25.32743],[82.988,25.32691],[82.98832,25.32639],[82.98898,25.32638],[82.98932,25.3269]]]}},{"type":"Feature","properties":{"n":2,"np":2,"gz":0.13,"hot":0},"geometry":{"type":"Polygon","coordinates":[[[82.98934,25.32794],[82.98902,25.32846],[82.98836,25.32847],[82.98802,25.32796],[82.98834,25.32743],[82.989,25.32742],[82.98934,25.32794]]]}},{"type":"Feature","properties":{"n":1,"np":0,"gz":-0.03,"hot":0},"geometry":{"type":"Polygon","coordinates":[[[82.98936,25.32898],[82.98903,25.32951],[82.98837,25.32952],[82.98803,25.329],[82.98836,25.32847],[82.98902,25.32846],[82.98936,25.32898]]]}},{"type":"Feature","properties":{"n":0,"np":1,"gz":-0.35,"hot":0},"geometry":{"type":"Polygon","coordinates":[[[82.98883,25.23569],[82.98851,25.23622],[82.98784,25.23623],[82.98751,25.23571],[82.98783,25.23519],[82.98849,25.23518],[82.98883,25.23569]]]}},{"type":"Feature","properties":{"n":1,"np":0,"gz":-0.35,"hot":0},"geometry":{"type":"Polygon","coordinates":[[[82.9889,25.23986],[82.98857,25.24039],[82.98791,25.2404],[82.98757,25.23988],[82.9879,25.23936],[82.98856,25.23935],[82.9889,25.23986]]]}},{"type":"Feature","properties":{"n":1,"np":0,"gz":-0.35,"hot":0},"geometry":{"type":"Polygon","coordinates":[[[82.98903,25.2482],[82.98871,25.24873],[82.98805,25.24874],[82.98771,25.24822],[82.98803,25.24769],[82.98869,25.24768],[82.98903,25.2482]]]}},{"type":"Feature","properties":{"n":1,"np":1,"gz":-0.35,"hot":0},"geometry":{"type":"Polygon","coordinates":[[[82.98941,25.27113],[82.98908,25.27165],[82.98842,25.27166],[82.98808,25.27115],[82.9884,25.27062],[82.98907,25.27061],[82.98941,25.27113]]]}},{"type":"Feature","properties":{"n":1,"np":0,"gz":-0.19,"hot":0},"geometry":{"type":"Polygon","coordinates":[[[82.98969,25.28884],[82.98937,25.28937],[82.98871,25.28938],[82.98837,25.28886],[82.98869,25.28834],[82.98936,25.28833],[82.98969,25.28884]]]}},{"type":"Feature","properties":{"n":3,"np":4,"gz":0.29,"hot":0},"geometry":{"type":"Polygon","coordinates":[[[82.98976,25.29301],[82.98944,25.29354],[82.98878,25.29355],[82.98844,25.29303],[82.98876,25.29251],[82.98942,25.2925],[82.98976,25.29301]]]}},{"type":"Feature","properties":{"n":0,"np":1,"gz":0.77,"hot":0},"geometry":{"type":"Polygon","coordinates":[[[82.98983,25.29718],[82.98951,25.29771],[82.98885,25.29772],[82.98851,25.2972],[82.98883,25.29667],[82.98949,25.29667],[82.98983,25.29718]]]}},{"type":"Feature","properties":{"n":7,"np":3,"gz":0.77,"hot":0},"geometry":{"type":"Polygon","coordinates":[[[82.98985,25.29822],[82.98953,25.29875],[82.98886,25.29876],[82.98852,25.29824],[82.98885,25.29772],[82.98951,25.29771],[82.98985,25.29822]]]}},{"type":"Feature","properties":{"n":4,"np":2,"gz":0.45,"hot":0},"geometry":{"type":"Polygon","coordinates":[[[82.98988,25.30031],[82.98956,25.30083],[82.9889,25.30084],[82.98856,25.30033],[82.98888,25.2998],[82.98954,25.29979],[82.98988,25.30031]]]}},{"type":"Feature","properties":{"n":1,"np":1,"gz":0.13,"hot":0},"geometry":{"type":"Polygon","coordinates":[[[82.98992,25.30239],[82.98959,25.30292],[82.98893,25.30293],[82.98859,25.30241],[82.98891,25.30188],[82.98958,25.30188],[82.98992,25.30239]]]}},{"type":"Feature","properties":{"n":2,"np":1,"gz":-0.03,"hot":0},"geometry":{"type":"Polygon","coordinates":[[[82.98995,25.30448],[82.98963,25.305],[82.98897,25.30501],[82.98863,25.30449],[82.98895,25.30397],[82.98961,25.30396],[82.98995,25.30448]]]}},{"type":"Feature","properties":{"n":1,"np":0,"gz":0.13,"hot":0},"geometry":{"type":"Polygon","coordinates":[[[82.98998,25.30656],[82.98966,25.30709],[82.989,25.3071],[82.98866,25.30658],[82.98898,25.30605],[82.98964,25.30604],[82.98998,25.30656]]]}},{"type":"Feature","properties":{"n":1,"np":0,"gz":0.77,"hot":0},"geometry":{"type":"Polygon","coordinates":[[[82.99,25.3076],[82.98968,25.30813],[82.98902,25.30814],[82.98868,25.30762],[82.989,25.3071],[82.98966,25.30709],[82.99,25.3076]]]}},{"type":"Feature","properties":{"n":3,"np":0,"gz":0.77,"hot":0},"geometry":{"type":"Polygon","coordinates":[[[82.99002,25.30865],[82.9897,25.30917],[82.98903,25.30918],[82.98869,25.30866],[82.98902,25.30814],[82.98968,25.30813],[82.99002,25.30865]]]}},{"type":"Feature","properties":{"n":1,"np":0,"gz":0.61,"hot":0},"geometry":{"type":"Polygon","coordinates":[[[82.99004,25.30969],[82.98971,25.31021],[82.98905,25.31022],[82.98871,25.30971],[82.98903,25.30918],[82.9897,25.30917],[82.99004,25.30969]]]}},{"type":"Feature","properties":{"n":2,"np":1,"gz":1.42,"hot":0},"geometry":{"type":"Polygon","coordinates":[[[82.99005,25.31073],[82.98973,25.31126],[82.98907,25.31126],[82.98873,25.31075],[82.98905,25.31022],[82.98971,25.31021],[82.99005,25.31073]]]}},{"type":"Feature","properties":{"n":1,"np":0,"gz":-0.03,"hot":0},"geometry":{"type":"Polygon","coordinates":[[[82.9901,25.31386],[82.98978,25.31438],[82.98912,25.31439],[82.98878,25.31387],[82.9891,25.31335],[82.98976,25.31334],[82.9901,25.31386]]]}},{"type":"Feature","properties":{"n":1,"np":1,"gz":0.45,"hot":0},"geometry":{"type":"Polygon","coordinates":[[[82.99026,25.32324],[82.98993,25.32376],[82.98927,25.32377],[82.98893,25.32325],[82.98926,25.32273],[82.98992,25.32272],[82.99026,25.32324]]]}},{"type":"Feature","properties":{"n":2,"np":3,"gz":0.77,"hot":0},"geometry":{"type":"Polygon","coordinates":[[[82.99027,25.32428],[82.98995,25.3248],[82.98929,25.32481],[82.98895,25.3243],[82.98927,25.32377],[82.98993,25.32376],[82.99027,25.32428]]]}},{"type":"Feature","properties":{"n":0,"np":1,"gz":-0.03,"hot":0},"geometry":{"type":"Polygon","coordinates":[[[82.99031,25.32636],[82.98999,25.32689],[82.98932,25.3269],[82.98898,25.32638],[82.98931,25.32585],[82.98997,25.32585],[82.99031,25.32636]]]}},{"type":"Feature","properties":{"n":0,"np":1,"gz":-0.35,"hot":0},"geometry":{"type":"Polygon","coordinates":[[[82.99036,25.32949],[82.99004,25.33001],[82.98937,25.33002],[82.98903,25.32951],[82.98936,25.32898],[82.99002,25.32897],[82.99036,25.32949]]]}},{"type":"Feature","properties":{"n":0,"np":1,"gz":-0.35,"hot":0},"geometry":{"type":"Polygon","coordinates":[[[82.98988,25.23933],[82.98956,25.23985],[82.9889,25.23986],[82.98856,25.23935],[82.98888,25.23882],[82.98954,25.23881],[82.98988,25.23933]]]}},{"type":"Feature","properties":{"n":3,"np":0,"gz":-0.03,"hot":0},"geometry":{"type":"Polygon","coordinates":[[[82.99051,25.27789],[82.99019,25.27841],[82.98952,25.27842],[82.98919,25.27791],[82.98951,25.27738],[82.99017,25.27737],[82.99051,25.27789]]]}},{"type":"Feature","properties":{"n":1,"np":0,"gz":0.13,"hot":0},"geometry":{"type":"Polygon","coordinates":[[[82.99054,25.27997],[82.99022,25.2805],[82.98956,25.28051],[82.98922,25.27999],[82.98954,25.27947],[82.9902,25.27946],[82.99054,25.27997]]]}},{"type":"Feature","properties":{"n":1,"np":0,"gz":-0.19,"hot":0},"geometry":{"type":"Polygon","coordinates":[[[82.9907,25.28935],[82.99037,25.28988],[82.98971,25.28989],[82.98937,25.28937],[82.98969,25.28884],[82.99036,25.28884],[82.9907,25.28935]]]}},{"type":"Feature","properties":{"n":1,"np":0,"gz":0.29,"hot":0},"geometry":{"type":"Polygon","coordinates":[[[82.99076,25.29352],[82.99044,25.29405],[82.98978,25.29406],[82.98944,25.29354],[82.98976,25.29301],[82.99042,25.293],[82.99076,25.29352]]]}},{"type":"Feature","properties":{"n":3,"np":0,"gz":0.45,"hot":0},"geometry":{"type":"Polygon","coordinates":[[[82.99092,25.3029],[82.99059,25.30343],[82.98993,25.30343],[82.98959,25.30292],[82.98992,25.30239],[82.99058,25.30238],[82.99092,25.3029]]]}},{"type":"Feature","properties":{"n":1,"np":1,"gz":-0.03,"hot":0},"geometry":{"type":"Polygon","coordinates":[[[82.99095,25.30498],[82.99063,25.30551],[82.98997,25.30552],[82.98963,25.305],[82.98995,25.30448],[82.99061,25.30447],[82.99095,25.30498]]]}},{"type":"Feature","properties":{"n":1,"np":1,"gz":0.29,"hot":0},"geometry":{"type":"Polygon","coordinates":[[[82.99099,25.30707],[82.99066,25.30759],[82.99,25.3076],[82.98966,25.30709],[82.98998,25.30656],[82.99065,25.30655],[82.99099,25.30707]]]}},{"type":"Feature","properties":{"n":2,"np":1,"gz":0.77,"hot":0},"geometry":{"type":"Polygon","coordinates":[[[82.991,25.30811],[82.99068,25.30864],[82.99002,25.30865],[82.98968,25.30813],[82.99,25.3076],[82.99066,25.30759],[82.991,25.30811]]]}},{"type":"Feature","properties":{"n":1,"np":0,"gz":0.61,"hot":0},"geometry":{"type":"Polygon","coordinates":[[[82.99102,25.30915],[82.9907,25.30968],[82.99004,25.30969],[82.9897,25.30917],[82.99002,25.30865],[82.99068,25.30864],[82.99102,25.30915]]]}},{"type":"Feature","properties":{"n":3,"np":2,"gz":0.61,"hot":0},"geometry":{"type":"Polygon","coordinates":[[[82.99105,25.31124],[82.99073,25.31176],[82.99007,25.31177],[82.98973,25.31126],[82.99005,25.31073],[82.99071,25.31072],[82.99105,25.31124]]]}},{"type":"Feature","properties":{"n":1,"np":0,"gz":0.13,"hot":0},"geometry":{"type":"Polygon","coordinates":[[[82.9911,25.31436],[82.99078,25.31489],[82.99012,25.3149],[82.98978,25.31438],[82.9901,25.31386],[82.99077,25.31385],[82.9911,25.31436]]]}},{"type":"Feature","properties":{"n":2,"np":1,"gz":0.29,"hot":0},"geometry":{"type":"Polygon","coordinates":[[[82.99117,25.31853],[82.99085,25.31906],[82.99019,25.31907],[82.98985,25.31855],[82.99017,25.31802],[82.99083,25.31802],[82.99117,25.31853]]]}},{"type":"Feature","properties":{"n":1,"np":0,"gz":0.13,"hot":0},"geometry":{"type":"Polygon","coordinates":[[[82.99128,25.32479],[82.99095,25.32531],[82.99029,25.32532],[82.98995,25.3248],[82.99027,25.32428],[82.99094,25.32427],[82.99128,25.32479]]]}},{"type":"Feature","properties":{"n":1,"np":0,"gz":-0.35,"hot":0},"geometry":{"type":"Polygon","coordinates":[[[82.99137,25.27006],[82.99105,25.27058],[82.99039,25.27059],[82.99005,25.27008],[82.99037,25.26955],[82.99103,25.26954],[82.99137,25.27006]]]}},{"type":"Feature","properties":{"n":3,"np":0,"gz":0.13,"hot":0},"geometry":{"type":"Polygon","coordinates":[[[82.99154,25.28048],[82.99122,25.28101],[82.99056,25.28102],[82.99022,25.2805],[82.99054,25.27997],[82.9912,25.27996],[82.99154,25.28048]]]}},{"type":"Feature","properties":{"n":1,"np":2,"gz":-0.19,"hot":0},"geometry":{"type":"Polygon","coordinates":[[[82.99177,25.29403],[82.99144,25.29455],[82.99078,25.29456],[82.99044,25.29405],[82.99076,25.29352],[82.99143,25.29351],[82.99177,25.29403]]]}},{"type":"Feature","properties":{"n":1,"np":1,"gz":0.45,"hot":0},"geometry":{"type":"Polygon","coordinates":[[[82.99183,25.2982],[82.99151,25.29872],[82.99085,25.29873],[82.99051,25.29822],[82.99083,25.29769],[82.99149,25.29768],[82.99183,25.2982]]]}},{"type":"Feature","properties":{"n":1,"np":1,"gz":0.93,"hot":0},"geometry":{"type":"Polygon","coordinates":[[[82.99185,25.29924],[82.99153,25.29976],[82.99087,25.29977],[82.99053,25.29926],[82.99085,25.29873],[82.99151,25.29872],[82.99185,25.29924]]]}},{"type":"Feature","properties":{"n":2,"np":3,"gz":0.45,"hot":0},"geometry":{"type":"Polygon","coordinates":[[[82.9919,25.30237],[82.99158,25.30289],[82.99092,25.3029],[82.99058,25.30238],[82.9909,25.30186],[82.99156,25.30185],[82.9919,25.30237]]]}},{"type":"Feature","properties":{"n":2,"np":3,"gz":0.61,"hot":0},"geometry":{"type":"Polygon","coordinates":[[[82.99206,25.31175],[82.99173,25.31227],[82.99107,25.31228],[82.99073,25.31176],[82.99105,25.31124],[82.99172,25.31123],[82.99206,25.31175]]]}},{"type":"Feature","properties":{"n":1,"np":0,"gz":-0.03,"hot":0},"geometry":{"type":"Polygon","coordinates":[[[82.99207,25.31279],[82.99175,25.31331],[82.99109,25.31332],[82.99075,25.31281],[82.99107,25.31228],[82.99173,25.31227],[82.99207,25.31279]]]}},{"type":"Feature","properties":{"n":2,"np":2,"gz":-0.03,"hot":0},"geometry":{"type":"Polygon","coordinates":[[[82.99211,25.31487],[82.99178,25.3154],[82.99112,25.31541],[82.99078,25.31489],[82.9911,25.31436],[82.99177,25.31435],[82.99211,25.31487]]]}},{"type":"Feature","properties":{"n":3,"np":3,"gz":0.29,"hot":0},"geometry":{"type":"Polygon","coordinates":[[[82.99217,25.31904],[82.99185,25.31957],[82.99119,25.31957],[82.99085,25.31906],[82.99117,25.31853],[82.99183,25.31852],[82.99217,25.31904]]]}},{"type":"Feature","properties":{"n":1,"np":1,"gz":0.13,"hot":0},"geometry":{"type":"Polygon","coordinates":[[[82.99224,25.32321],[82.99192,25.32373],[82.99126,25.32374],[82.99092,25.32323],[82.99124,25.3227],[82.9919,25.32269],[82.99224,25.32321]]]}},{"type":"Feature","properties":{"n":1,"np":1,"gz":0.29,"hot":0},"geometry":{"type":"Polygon","coordinates":[[[82.99226,25.32425],[82.99194,25.32478],[82.99128,25.32479],[82.99094,25.32427],[82.99126,25.32374],[82.99192,25.32373],[82.99226,25.32425]]]}},{"type":"Feature","properties":{"n":0,"np":1,"gz":0.29,"hot":0},"geometry":{"type":"Polygon","coordinates":[[[82.99228,25.32529],[82.99195,25.32582],[82.99129,25.32583],[82.99095,25.32531],[82.99128,25.32479],[82.99194,25.32478],[82.99228,25.32529]]]}},{"type":"Feature","properties":{"n":1,"np":1,"gz":-0.19,"hot":0},"geometry":{"type":"Polygon","coordinates":[[[82.99229,25.32634],[82.99197,25.32686],[82.99131,25.32687],[82.99097,25.32635],[82.99129,25.32583],[82.99195,25.32582],[82.99229,25.32634]]]}},{"type":"Feature","properties":{"n":1,"np":1,"gz":-0.19,"hot":0},"geometry":{"type":"Polygon","coordinates":[[[82.99236,25.3305],[82.99204,25.33103],[82.99138,25.33104],[82.99104,25.33052],[82.99136,25.33],[82.99202,25.32999],[82.99236,25.3305]]]}},{"type":"Feature","properties":{"n":1,"np":0,"gz":-0.35,"hot":0},"geometry":{"type":"Polygon","coordinates":[[[82.99256,25.28203],[82.99224,25.28256],[82.99158,25.28256],[82.99124,25.28205],[82.99156,25.28152],[82.99222,25.28151],[82.99256,25.28203]]]}},{"type":"Feature","properties":{"n":1,"np":0,"gz":-0.35,"hot":0},"geometry":{"type":"Polygon","coordinates":[[[82.99261,25.28516],[82.99229,25.28568],[82.99163,25.28569],[82.99129,25.28517],[82.99161,25.28465],[82.99227,25.28464],[82.99261,25.28516]]]}},{"type":"Feature","properties":{"n":5,"np":0,"gz":0.61,"hot":0},"geometry":{"type":"Polygon","coordinates":[[[82.99265,25.28724],[82.99232,25.28777],[82.99166,25.28778],[82.99132,25.28726],[82.99165,25.28673],[82.99231,25.28672],[82.99265,25.28724]]]}},{"type":"Feature","properties":{"n":1,"np":0,"gz":0.77,"hot":0},"geometry":{"type":"Polygon","coordinates":[[[82.99266,25.28828],[82.99234,25.28881],[82.99168,25.28882],[82.99134,25.2883],[82.99166,25.28778],[82.99232,25.28777],[82.99266,25.28828]]]}},{"type":"Feature","properties":{"n":1,"np":0,"gz":-0.19,"hot":0},"geometry":{"type":"Polygon","coordinates":[[[82.99268,25.28933],[82.99236,25.28985],[82.9917,25.28986],[82.99136,25.28934],[82.99168,25.28882],[82.99234,25.28881],[82.99268,25.28933]]]}},{"type":"Feature","properties":{"n":5,"np":0,"gz":0.93,"hot":0},"geometry":{"type":"Polygon","coordinates":[[[82.99272,25.29141],[82.99239,25.29194],[82.99173,25.29194],[82.99139,25.29143],[82.99171,25.2909],[82.99238,25.29089],[82.99272,25.29141]]]}},{"type":"Feature","properties":{"n":4,"np":0,"gz":2.06,"hot":0},"geometry":{"type":"Polygon","coordinates":[[[82.9928,25.29662],[82.99248,25.29715],[82.99182,25.29716],[82.99148,25.29664],[82.9918,25.29611],[82.99246,25.2961],[82.9928,25.29662]]]}},{"type":"Feature","properties":{"n":1,"np":0,"gz":1.74,"hot":0},"geometry":{"type":"Polygon","coordinates":[[[82.99282,25.29766],[82.9925,25.29819],[82.99183,25.2982],[82.99149,25.29768],[82.99182,25.29716],[82.99248,25.29715],[82.99282,25.29766]]]}},{"type":"Feature","properties":{"n":3,"np":0,"gz":1.26,"hot":0},"geometry":{"type":"Polygon","coordinates":[[[82.99283,25.2987],[82.99251,25.29923],[82.99185,25.29924],[82.99151,25.29872],[82.99183,25.2982],[82.9925,25.29819],[82.99283,25.2987]]]}},{"type":"Feature","properties":{"n":4,"np":3,"gz":0.93,"hot":0},"geometry":{"type":"Polygon","coordinates":[[[82.99285,25.29975],[82.99253,25.30027],[82.99187,25.30028],[82.99153,25.29976],[82.99185,25.29924],[82.99251,25.29923],[82.99285,25.29975]]]}},{"type":"Feature","properties":{"n":1,"np":0,"gz":0.13,"hot":0},"geometry":{"type":"Polygon","coordinates":[[[82.9929,25.30287],[82.99258,25.3034],[82.99192,25.30341],[82.99158,25.30289],[82.9919,25.30237],[82.99256,25.30236],[82.9929,25.30287]]]}},{"type":"Feature","properties":{"n":4,"np":3,"gz":0.29,"hot":0},"geometry":{"type":"Polygon","coordinates":[[[82.99294,25.30496],[82.99261,25.30548],[82.99195,25.30549],[82.99161,25.30498],[82.99194,25.30445],[82.9926,25.30444],[82.99294,25.30496]]]}},{"type":"Feature","properties":{"n":1,"np":1,"gz":0.13,"hot":0},"geometry":{"type":"Polygon","coordinates":[[[82.99299,25.30808],[82.99267,25.30861],[82.992,25.30862],[82.99166,25.3081],[82.99199,25.30758],[82.99265,25.30757],[82.99299,25.30808]]]}},{"type":"Feature","properties":{"n":2,"np":2,"gz":1.1,"hot":0},"geometry":{"type":"Polygon","coordinates":[[[82.99301,25.30913],[82.99268,25.30965],[82.99202,25.30966],[82.99168,25.30914],[82.992,25.30862],[82.99267,25.30861],[82.99301,25.30913]]]}},{"type":"Feature","properties":{"n":1,"np":1,"gz":1.26,"hot":0},"geometry":{"type":"Polygon","coordinates":[[[82.99302,25.31017],[82.9927,25.31069],[82.99204,25.3107],[82.9917,25.31019],[82.99202,25.30966],[82.99268,25.30965],[82.99302,25.31017]]]}},{"type":"Feature","properties":{"n":1,"np":0,"gz":0.29,"hot":0},"geometry":{"type":"Polygon","coordinates":[[[82.99304,25.31121],[82.99272,25.31174],[82.99206,25.31175],[82.99172,25.31123],[82.99204,25.3107],[82.9927,25.31069],[82.99304,25.31121]]]}},{"type":"Feature","properties":{"n":0,"np":1,"gz":-0.03,"hot":0},"geometry":{"type":"Polygon","coordinates":[[[82.99318,25.31955],[82.99285,25.32007],[82.99219,25.32008],[82.99185,25.31957],[82.99217,25.31904],[82.99284,25.31903],[82.99318,25.31955]]]}},{"type":"Feature","properties":{"n":1,"np":0,"gz":-0.03,"hot":0},"geometry":{"type":"Polygon","coordinates":[[[82.99323,25.32267],[82.9929,25.3232],[82.99224,25.32321],[82.9919,25.32269],[82.99223,25.32217],[82.99289,25.32216],[82.99323,25.32267]]]}},{"type":"Feature","properties":{"n":1,"np":0,"gz":0.29,"hot":0},"geometry":{"type":"Polygon","coordinates":[[[82.99324,25.32372],[82.99292,25.32424],[82.99226,25.32425],[82.99192,25.32373],[82.99224,25.32321],[82.9929,25.3232],[82.99324,25.32372]]]}},{"type":"Feature","properties":{"n":1,"np":0,"gz":0.13,"hot":0},"geometry":{"type":"Polygon","coordinates":[[[82.99326,25.32476],[82.99294,25.32528],[82.99228,25.32529],[82.99194,25.32478],[82.99226,25.32425],[82.99292,25.32424],[82.99326,25.32476]]]}},{"type":"Feature","properties":{"n":1,"np":0,"gz":-0.03,"hot":0},"geometry":{"type":"Polygon","coordinates":[[[82.99328,25.3258],[82.99296,25.32633],[82.99229,25.32634],[82.99195,25.32582],[82.99228,25.32529],[82.99294,25.32528],[82.99328,25.3258]]]}},{"type":"Feature","properties":{"n":1,"np":0,"gz":-0.03,"hot":0},"geometry":{"type":"Polygon","coordinates":[[[82.99333,25.32893],[82.99301,25.32945],[82.99235,25.32946],[82.99201,25.32894],[82.99233,25.32842],[82.99299,25.32841],[82.99333,25.32893]]]}},{"type":"Feature","properties":{"n":1,"np":1,"gz":0.13,"hot":0},"geometry":{"type":"Polygon","coordinates":[[[82.99335,25.32997],[82.99302,25.33049],[82.99236,25.3305],[82.99202,25.32999],[82.99235,25.32946],[82.99301,25.32945],[82.99335,25.32997]]]}},{"type":"Feature","properties":{"n":2,"np":0,"gz":-0.19,"hot":0},"geometry":{"type":"Polygon","coordinates":[[[82.99302,25.24919],[82.9927,25.24971],[82.99203,25.24972],[82.9917,25.24921],[82.99202,25.24868],[82.99268,25.24867],[82.99302,25.24919]]]}},{"type":"Feature","properties":{"n":2,"np":0,"gz":0.13,"hot":0},"geometry":{"type":"Polygon","coordinates":[[[82.99348,25.27733],[82.99316,25.27785],[82.99249,25.27786],[82.99215,25.27735],[82.99248,25.27682],[82.99314,25.27681],[82.99348,25.27733]]]}},{"type":"Feature","properties":{"n":2,"np":0,"gz":0.45,"hot":0},"geometry":{"type":"Polygon","coordinates":[[[82.9935,25.27837],[82.99317,25.2789],[82.99251,25.2789],[82.99217,25.27839],[82.99249,25.27786],[82.99316,25.27785],[82.9935,25.27837]]]}},{"type":"Feature","properties":{"n":1,"np":0,"gz":0.61,"hot":0},"geometry":{"type":"Polygon","coordinates":[[[82.99365,25.28775],[82.99333,25.28827],[82.99266,25.28828],[82.99232,25.28777],[82.99265,25.28724],[82.99331,25.28723],[82.99365,25.28775]]]}},{"type":"Feature","properties":{"n":4,"np":0,"gz":1.1,"hot":0},"geometry":{"type":"Polygon","coordinates":[[[82.9937,25.29088],[82.99338,25.2914],[82.99272,25.29141],[82.99238,25.29089],[82.9927,25.29037],[82.99336,25.29036],[82.9937,25.29088]]]}},{"type":"Feature","properties":{"n":6,"np":3,"gz":2.22,"hot":0},"geometry":{"type":"Polygon","coordinates":[[[82.99378,25.29609],[82.99346,25.29661],[82.9928,25.29662],[82.99246,25.2961],[82.99278,25.29558],[82.99345,25.29557],[82.99378,25.29609]]]}},{"type":"Feature","properties":{"n":5,"np":6,"gz":2.38,"hot":0},"geometry":{"type":"Polygon","coordinates":[[[82.9938,25.29713],[82.99348,25.29765],[82.99282,25.29766],[82.99248,25.29715],[82.9928,25.29662],[82.99346,25.29661],[82.9938,25.29713]]]}},{"type":"Feature","properties":{"n":1,"np":2,"gz":0.77,"hot":0},"geometry":{"type":"Polygon","coordinates":[[[82.99384,25.29921],[82.99351,25.29974],[82.99285,25.29975],[82.99251,25.29923],[82.99283,25.2987],[82.9935,25.2987],[82.99384,25.29921]]]}},{"type":"Feature","properties":{"n":1,"np":1,"gz":-0.19,"hot":0},"geometry":{"type":"Polygon","coordinates":[[[82.9939,25.30338],[82.99358,25.30391],[82.99292,25.30392],[82.99258,25.3034],[82.9929,25.30287],[82.99356,25.30286],[82.9939,25.30338]]]}},{"type":"Feature","properties":{"n":1,"np":1,"gz":0.45,"hot":0},"geometry":{"type":"Polygon","coordinates":[[[82.99394,25.30547],[82.99362,25.30599],[82.99295,25.306],[82.99261,25.30548],[82.99294,25.30496],[82.9936,25.30495],[82.99394,25.30547]]]}},{"type":"Feature","properties":{"n":1,"np":0,"gz":-0.03,"hot":0},"geometry":{"type":"Polygon","coordinates":[[[82.99397,25.30755],[82.99365,25.30808],[82.99299,25.30808],[82.99265,25.30757],[82.99297,25.30704],[82.99363,25.30703],[82.99397,25.30755]]]}},{"type":"Feature","properties":{"n":6,"np":6,"gz":1.42,"hot":0},"geometry":{"type":"Polygon","coordinates":[[[82.99401,25.30963],[82.99368,25.31016],[82.99302,25.31017],[82.99268,25.30965],[82.99301,25.30913],[82.99367,25.30912],[82.99401,25.30963]]]}},{"type":"Feature","properties":{"n":1,"np":1,"gz":0.93,"hot":0},"geometry":{"type":"Polygon","coordinates":[[[82.99402,25.31068],[82.9937,25.3112],[82.99304,25.31121],[82.9927,25.31069],[82.99302,25.31017],[82.99368,25.31016],[82.99402,25.31068]]]}},{"type":"Feature","properties":{"n":1,"np":1,"gz":-0.35,"hot":0},"geometry":{"type":"Polygon","coordinates":[[[82.99406,25.31276],[82.99374,25.31329],[82.99307,25.31329],[82.99273,25.31278],[82.99306,25.31225],[82.99372,25.31224],[82.99406,25.31276]]]}},{"type":"Feature","properties":{"n":1,"np":0,"gz":-0.03,"hot":0},"geometry":{"type":"Polygon","coordinates":[[[82.99409,25.31484],[82.99377,25.31537],[82.99311,25.31538],[82.99277,25.31486],[82.99309,25.31434],[82.99375,25.31433],[82.99409,25.31484]]]}},{"type":"Feature","properties":{"n":0,"np":1,"gz":0.29,"hot":0},"geometry":{"type":"Polygon","coordinates":[[[82.99423,25.32318],[82.99391,25.32371],[82.99324,25.32372],[82.9929,25.3232],[82.99323,25.32267],[82.99389,25.32267],[82.99423,25.32318]]]}},{"type":"Feature","properties":{"n":1,"np":2,"gz":-0.03,"hot":0},"geometry":{"type":"Polygon","coordinates":[[[82.99433,25.32943],[82.99401,25.32996],[82.99335,25.32997],[82.99301,25.32945],[82.99333,25.32893],[82.99399,25.32892],[82.99433,25.32943]]]}},{"type":"Feature","properties":{"n":1,"np":1,"gz":-0.35,"hot":0},"geometry":{"type":"Polygon","coordinates":[[[82.99385,25.23928],[82.99353,25.2398],[82.99287,25.23981],[82.99253,25.23929],[82.99285,25.23877],[82.99351,25.23876],[82.99385,25.23928]]]}},{"type":"Feature","properties":{"n":1,"np":0,"gz":-0.35,"hot":0},"geometry":{"type":"Polygon","coordinates":[[[82.99404,25.25074],[82.99371,25.25126],[82.99305,25.25127],[82.99271,25.25076],[82.99304,25.25023],[82.9937,25.25022],[82.99404,25.25074]]]}},{"type":"Feature","properties":{"n":1,"np":0,"gz":-0.35,"hot":0},"geometry":{"type":"Polygon","coordinates":[[[82.99414,25.25699],[82.99382,25.25752],[82.99315,25.25753],[82.99282,25.25701],[82.99314,25.25648],[82.9938,25.25648],[82.99414,25.25699]]]}},{"type":"Feature","properties":{"n":2,"np":0,"gz":0.77,"hot":0},"geometry":{"type":"Polygon","coordinates":[[[82.9945,25.27888],[82.99417,25.2794],[82.99351,25.27941],[82.99317,25.2789],[82.9935,25.27837],[82.99416,25.27836],[82.9945,25.27888]]]}},{"type":"Feature","properties":{"n":1,"np":0,"gz":0.13,"hot":0},"geometry":{"type":"Polygon","coordinates":[[[82.99451,25.27992],[82.99419,25.28044],[82.99353,25.28045],[82.99319,25.27994],[82.99351,25.27941],[82.99417,25.2794],[82.99451,25.27992]]]}},{"type":"Feature","properties":{"n":1,"np":0,"gz":0.45,"hot":0},"geometry":{"type":"Polygon","coordinates":[[[82.99468,25.29034],[82.99436,25.29087],[82.9937,25.29088],[82.99336,25.29036],[82.99368,25.28983],[82.99434,25.28982],[82.99468,25.29034]]]}},{"type":"Feature","properties":{"n":2,"np":2,"gz":1.58,"hot":0},"geometry":{"type":"Polygon","coordinates":[[[82.99479,25.29659],[82.99446,25.29712],[82.9938,25.29713],[82.99346,25.29661],[82.99378,25.29609],[82.99445,25.29608],[82.99479,25.29659]]]}},{"type":"Feature","properties":{"n":1,"np":1,"gz":-0.03,"hot":0},"geometry":{"type":"Polygon","coordinates":[[[82.99492,25.30493],[82.9946,25.30546],[82.99394,25.30547],[82.9936,25.30495],[82.99392,25.30442],[82.99458,25.30441],[82.99492,25.30493]]]}},{"type":"Feature","properties":{"n":1,"np":0,"gz":0.29,"hot":0},"geometry":{"type":"Polygon","coordinates":[[[82.99497,25.30806],[82.99465,25.30858],[82.99399,25.30859],[82.99365,25.30808],[82.99397,25.30755],[82.99463,25.30754],[82.99497,25.30806]]]}},{"type":"Feature","properties":{"n":2,"np":2,"gz":1.1,"hot":0},"geometry":{"type":"Polygon","coordinates":[[[82.99499,25.3091],[82.99467,25.30962],[82.99401,25.30963],[82.99367,25.30912],[82.99399,25.30859],[82.99465,25.30858],[82.99499,25.3091]]]}},{"type":"Feature","properties":{"n":1,"np":1,"gz":0.29,"hot":0},"geometry":{"type":"Polygon","coordinates":[[[82.99508,25.31431],[82.99475,25.31484],[82.99409,25.31484],[82.99375,25.31433],[82.99407,25.3138],[82.99474,25.31379],[82.99508,25.31431]]]}},{"type":"Feature","properties":{"n":1,"np":2,"gz":0.45,"hot":0},"geometry":{"type":"Polygon","coordinates":[[[82.99509,25.31535],[82.99477,25.31588],[82.99411,25.31589],[82.99377,25.31537],[82.99409,25.31484],[82.99475,25.31484],[82.99509,25.31535]]]}},{"type":"Feature","properties":{"n":1,"np":0,"gz":0.13,"hot":0},"geometry":{"type":"Polygon","coordinates":[[[82.99511,25.31639],[82.99479,25.31692],[82.99413,25.31693],[82.99379,25.31641],[82.99411,25.31589],[82.99477,25.31588],[82.99511,25.31639]]]}},{"type":"Feature","properties":{"n":2,"np":0,"gz":0.13,"hot":0},"geometry":{"type":"Polygon","coordinates":[[[82.99513,25.31744],[82.99481,25.31796],[82.99414,25.31797],[82.9938,25.31745],[82.99413,25.31693],[82.99479,25.31692],[82.99513,25.31744]]]}},{"type":"Feature","properties":{"n":2,"np":2,"gz":0.13,"hot":0},"geometry":{"type":"Polygon","coordinates":[[[82.9952,25.32161],[82.99487,25.32213],[82.99421,25.32214],[82.99387,25.32162],[82.99419,25.3211],[82.99486,25.32109],[82.9952,25.32161]]]}},{"type":"Feature","properties":{"n":2,"np":1,"gz":0.29,"hot":0},"geometry":{"type":"Polygon","coordinates":[[[82.99521,25.32265],[82.99489,25.32317],[82.99423,25.32318],[82.99389,25.32267],[82.99421,25.32214],[82.99487,25.32213],[82.99521,25.32265]]]}},{"type":"Feature","properties":{"n":1,"np":1,"gz":-0.03,"hot":0},"geometry":{"type":"Polygon","coordinates":[[[82.99523,25.32369],[82.99491,25.32421],[82.99425,25.32422],[82.99391,25.32371],[82.99423,25.32318],[82.99489,25.32317],[82.99523,25.32369]]]}},{"type":"Feature","properties":{"n":1,"np":1,"gz":-0.35,"hot":0},"geometry":{"type":"Polygon","coordinates":[[[82.99526,25.32577],[82.99494,25.3263],[82.99428,25.32631],[82.99394,25.32579],[82.99426,25.32527],[82.99492,25.32526],[82.99526,25.32577]]]}},{"type":"Feature","properties":{"n":2,"np":0,"gz":-0.19,"hot":0},"geometry":{"type":"Polygon","coordinates":[[[82.99533,25.26896],[82.995,25.26949],[82.99434,25.2695],[82.994,25.26898],[82.99433,25.26846],[82.99499,25.26845],[82.99533,25.26896]]]}},{"type":"Feature","properties":{"n":2,"np":0,"gz":0.45,"hot":0},"geometry":{"type":"Polygon","coordinates":[[[82.99548,25.27834],[82.99516,25.27887],[82.9945,25.27888],[82.99416,25.27836],[82.99448,25.27784],[82.99514,25.27783],[82.99548,25.27834]]]}},{"type":"Feature","properties":{"n":1,"np":0,"gz":0.45,"hot":0},"geometry":{"type":"Polygon","coordinates":[[[82.9955,25.27938],[82.99518,25.27991],[82.99451,25.27992],[82.99417,25.2794],[82.9945,25.27888],[82.99516,25.27887],[82.9955,25.27938]]]}},{"type":"Feature","properties":{"n":1,"np":0,"gz":-0.35,"hot":0},"geometry":{"type":"Polygon","coordinates":[[[82.99555,25.28251],[82.99523,25.28304],[82.99456,25.28305],[82.99423,25.28253],[82.99455,25.282],[82.99521,25.28199],[82.99555,25.28251]]]}},{"type":"Feature","properties":{"n":1,"np":0,"gz":-0.35,"hot":0},"geometry":{"type":"Polygon","coordinates":[[[82.99563,25.28772],[82.99531,25.28825],[82.99465,25.28826],[82.99431,25.28774],[82.99463,25.28721],[82.99529,25.28721],[82.99563,25.28772]]]}},{"type":"Feature","properties":{"n":1,"np":0,"gz":-0.19,"hot":0},"geometry":{"type":"Polygon","coordinates":[[[82.99567,25.28981],[82.99535,25.29033],[82.99468,25.29034],[82.99434,25.28982],[82.99467,25.2893],[82.99533,25.28929],[82.99567,25.28981]]]}},{"type":"Feature","properties":{"n":4,"np":2,"gz":0.77,"hot":0},"geometry":{"type":"Polygon","coordinates":[[[82.99572,25.29293],[82.9954,25.29346],[82.99474,25.29347],[82.9944,25.29295],[82.99472,25.29243],[82.99538,25.29242],[82.99572,25.29293]]]}},{"type":"Feature","properties":{"n":1,"np":1,"gz":0.93,"hot":0},"geometry":{"type":"Polygon","coordinates":[[[82.99592,25.30544],[82.9956,25.30596],[82.99494,25.30597],[82.9946,25.30546],[82.99492,25.30493],[82.99558,25.30492],[82.99592,25.30544]]]}},{"type":"Feature","properties":{"n":1,"np":2,"gz":-0.03,"hot":0},"geometry":{"type":"Polygon","coordinates":[[[82.99596,25.30752],[82.99564,25.30805],[82.99497,25.30806],[82.99463,25.30754],[82.99496,25.30702],[82.99562,25.30701],[82.99596,25.30752]]]}},{"type":"Feature","properties":{"n":1,"np":1,"gz":0.61,"hot":0},"geometry":{"type":"Polygon","coordinates":[[[82.99599,25.30961],[82.99567,25.31013],[82.99501,25.31014],[82.99467,25.30962],[82.99499,25.3091],[82.99565,25.30909],[82.99599,25.30961]]]}},{"type":"Feature","properties":{"n":2,"np":2,"gz":-0.03,"hot":0},"geometry":{"type":"Polygon","coordinates":[[[82.99604,25.31273],[82.99572,25.31326],[82.99506,25.31327],[82.99472,25.31275],[82.99504,25.31223],[82.9957,25.31222],[82.99604,25.31273]]]}},{"type":"Feature","properties":{"n":2,"np":2,"gz":0.13,"hot":0},"geometry":{"type":"Polygon","coordinates":[[[82.99608,25.31482],[82.99576,25.31534],[82.99509,25.31535],[82.99475,25.31484],[82.99508,25.31431],[82.99574,25.3143],[82.99608,25.31482]]]}},{"type":"Feature","properties":{"n":0,"np":3,"gz":0.29,"hot":0},"geometry":{"type":"Polygon","coordinates":[[[82.99611,25.3169],[82.99579,25.31743],[82.99513,25.31744],[82.99479,25.31692],[82.99511,25.31639],[82.99577,25.31639],[82.99611,25.3169]]]}},{"type":"Feature","properties":{"n":1,"np":0,"gz":-0.03,"hot":0},"geometry":{"type":"Polygon","coordinates":[[[82.99613,25.31794],[82.99581,25.31847],[82.99514,25.31848],[82.99481,25.31796],[82.99513,25.31744],[82.99579,25.31743],[82.99613,25.31794]]]}},{"type":"Feature","properties":{"n":0,"np":1,"gz":-0.35,"hot":0},"geometry":{"type":"Polygon","coordinates":[[[82.99615,25.31899],[82.99582,25.31951],[82.99516,25.31952],[82.99482,25.319],[82.99514,25.31848],[82.99581,25.31847],[82.99615,25.31899]]]}},{"type":"Feature","properties":{"n":0,"np":1,"gz":0.45,"hot":0},"geometry":{"type":"Polygon","coordinates":[[[82.99621,25.32315],[82.99589,25.32368],[82.99523,25.32369],[82.99489,25.32317],[82.99521,25.32265],[82.99588,25.32264],[82.99621,25.32315]]]}},{"type":"Feature","properties":{"n":1,"np":1,"gz":0.45,"hot":0},"geometry":{"type":"Polygon","coordinates":[[[82.99637,25.33253],[82.99605,25.33306],[82.99538,25.33307],[82.99504,25.33255],[82.99537,25.33203],[82.99603,25.33202],[82.99637,25.33253]]]}},{"type":"Feature","properties":{"n":1,"np":1,"gz":-0.35,"hot":0},"geometry":{"type":"Polygon","coordinates":[[[82.99651,25.34087],[82.99618,25.3414],[82.99552,25.34141],[82.99518,25.34089],[82.9955,25.34036],[82.99617,25.34035],[82.99651,25.34087]]]}},{"type":"Feature","properties":{"n":1,"np":0,"gz":-0.35,"hot":0},"geometry":{"type":"Polygon","coordinates":[[[82.99609,25.25488],[82.99577,25.25541],[82.99511,25.25542],[82.99477,25.2549],[82.99509,25.25437],[82.99575,25.25436],[82.99609,25.25488]]]}},{"type":"Feature","properties":{"n":1,"np":0,"gz":-0.03,"hot":0},"geometry":{"type":"Polygon","coordinates":[[[82.99646,25.27781],[82.99614,25.27833],[82.99548,25.27834],[82.99514,25.27783],[82.99546,25.2773],[82.99613,25.27729],[82.99646,25.27781]]]}},{"type":"Feature","properties":{"n":3,"np":0,"gz":0.29,"hot":0},"geometry":{"type":"Polygon","coordinates":[[[82.99669,25.29136],[82.99636,25.29188],[82.9957,25.29189],[82.99536,25.29137],[82.99569,25.29085],[82.99635,25.29084],[82.99669,25.29136]]]}},{"type":"Feature","properties":{"n":2,"np":0,"gz":1.26,"hot":0},"geometry":{"type":"Polygon","coordinates":[[[82.9967,25.2924],[82.99638,25.29292],[82.99572,25.29293],[82.99538,25.29242],[82.9957,25.29189],[82.99636,25.29188],[82.9967,25.2924]]]}},{"type":"Feature","properties":{"n":2,"np":0,"gz":0.77,"hot":0},"geometry":{"type":"Polygon","coordinates":[[[82.99672,25.29344],[82.9964,25.29397],[82.99574,25.29397],[82.9954,25.29346],[82.99572,25.29293],[82.99638,25.29292],[82.99672,25.29344]]]}},{"type":"Feature","properties":{"n":1,"np":0,"gz":-0.19,"hot":0},"geometry":{"type":"Polygon","coordinates":[[[82.99686,25.30178],[82.99653,25.3023],[82.99587,25.30231],[82.99553,25.3018],[82.99586,25.30127],[82.99652,25.30126],[82.99686,25.30178]]]}},{"type":"Feature","properties":{"n":3,"np":2,"gz":0.77,"hot":0},"geometry":{"type":"Polygon","coordinates":[[[82.99691,25.3049],[82.99659,25.30543],[82.99592,25.30544],[82.99558,25.30492],[82.99591,25.3044],[82.99657,25.30439],[82.99691,25.3049]]]}},{"type":"Feature","properties":{"n":4,"np":3,"gz":0.77,"hot":0},"geometry":{"type":"Polygon","coordinates":[[[82.99693,25.30595],[82.9966,25.30647],[82.99594,25.30648],[82.9956,25.30596],[82.99592,25.30544],[82.99659,25.30543],[82.99693,25.30595]]]}},{"type":"Feature","properties":{"n":1,"np":0,"gz":0.61,"hot":0},"geometry":{"type":"Polygon","coordinates":[[[82.99696,25.30803],[82.99664,25.30856],[82.99598,25.30856],[82.99564,25.30805],[82.99596,25.30752],[82.99662,25.30751],[82.99696,25.30803]]]}},{"type":"Feature","properties":{"n":3,"np":3,"gz":0.93,"hot":0},"geometry":{"type":"Polygon","coordinates":[[[82.99698,25.30907],[82.99665,25.3096],[82.99599,25.30961],[82.99565,25.30909],[82.99598,25.30856],[82.99664,25.30856],[82.99698,25.30907]]]}},{"type":"Feature","properties":{"n":1,"np":0,"gz":1.1,"hot":0},"geometry":{"type":"Polygon","coordinates":[[[82.99699,25.31011],[82.99667,25.31064],[82.99601,25.31065],[82.99567,25.31013],[82.99599,25.30961],[82.99665,25.3096],[82.99699,25.31011]]]}},{"type":"Feature","properties":{"n":2,"np":2,"gz":0.45,"hot":0},"geometry":{"type":"Polygon","coordinates":[[[82.99701,25.31116],[82.99669,25.31168],[82.99603,25.31169],[82.99569,25.31117],[82.99601,25.31065],[82.99667,25.31064],[82.99701,25.31116]]]}},{"type":"Feature","properties":{"n":1,"np":1,"gz":0.45,"hot":0},"geometry":{"type":"Polygon","coordinates":[[[82.99705,25.31324],[82.99672,25.31377],[82.99606,25.31378],[82.99572,25.31326],[82.99604,25.31273],[82.99671,25.31272],[82.99705,25.31324]]]}},{"type":"Feature","properties":{"n":1,"np":1,"gz":-0.19,"hot":0},"geometry":{"type":"Polygon","coordinates":[[[82.9971,25.31637],[82.99677,25.31689],[82.99611,25.3169],[82.99577,25.31639],[82.99609,25.31586],[82.99676,25.31585],[82.9971,25.31637]]]}},{"type":"Feature","properties":{"n":1,"np":0,"gz":0.77,"hot":0},"geometry":{"type":"Polygon","coordinates":[[[82.99716,25.32054],[82.99684,25.32106],[82.99618,25.32107],[82.99584,25.32055],[82.99616,25.32003],[82.99683,25.32002],[82.99716,25.32054]]]}},{"type":"Feature","properties":{"n":4,"np":3,"gz":1.26,"hot":0},"geometry":{"type":"Polygon","coordinates":[[[82.99718,25.32158],[82.99686,25.3221],[82.9962,25.32211],[82.99586,25.3216],[82.99618,25.32107],[82.99684,25.32106],[82.99718,25.32158]]]}},{"type":"Feature","properties":{"n":2,"np":1,"gz":1.74,"hot":0},"geometry":{"type":"Polygon","coordinates":[[[82.9972,25.32262],[82.99688,25.32315],[82.99621,25.32315],[82.99588,25.32264],[82.9962,25.32211],[82.99686,25.3221],[82.9972,25.32262]]]}},{"type":"Feature","properties":{"n":1,"np":1,"gz":0.93,"hot":0},"geometry":{"type":"Polygon","coordinates":[[[82.99722,25.32366],[82.99689,25.32419],[82.99623,25.3242],[82.99589,25.32368],[82.99621,25.32315],[82.99688,25.32315],[82.99722,25.32366]]]}},{"type":"Feature","properties":{"n":5,"np":4,"gz":0.45,"hot":0},"geometry":{"type":"Polygon","coordinates":[[[82.99737,25.33304],[82.99705,25.33357],[82.99639,25.33358],[82.99605,25.33306],[82.99637,25.33253],[82.99703,25.33253],[82.99737,25.33304]]]}},{"type":"Feature","properties":{"n":1,"np":0,"gz":-0.35,"hot":0},"geometry":{"type":"Polygon","coordinates":[[[82.99712,25.25747],[82.9968,25.258],[82.99614,25.25801],[82.9958,25.25749],[82.99612,25.25697],[82.99679,25.25696],[82.99712,25.25747]]]}},{"type":"Feature","properties":{"n":1,"np":0,"gz":-0.03,"hot":0},"geometry":{"type":"Polygon","coordinates":[[[82.99716,25.25956],[82.99684,25.26008],[82.99617,25.26009],[82.99584,25.25958],[82.99616,25.25905],[82.99682,25.25904],[82.99716,25.25956]]]}},{"type":"Feature","properties":{"n":2,"np":0,"gz":-0.03,"hot":0},"geometry":{"type":"Polygon","coordinates":[[[82.99718,25.2606],[82.99685,25.26112],[82.99619,25.26113],[82.99585,25.26062],[82.99617,25.26009],[82.99684,25.26008],[82.99718,25.2606]]]}},{"type":"Feature","properties":{"n":1,"np":0,"gz":-0.03,"hot":0},"geometry":{"type":"Polygon","coordinates":[[[82.99721,25.26268],[82.99689,25.26321],[82.99623,25.26322],[82.99589,25.2627],[82.99621,25.26218],[82.99687,25.26217],[82.99721,25.26268]]]}},{"type":"Feature","properties":{"n":2,"np":0,"gz":-0.03,"hot":0},"geometry":{"type":"Polygon","coordinates":[[[82.9976,25.28665],[82.99728,25.28718],[82.99662,25.28719],[82.99628,25.28667],[82.9966,25.28615],[82.99726,25.28614],[82.9976,25.28665]]]}},{"type":"Feature","properties":{"n":1,"np":0,"gz":0.77,"hot":0},"geometry":{"type":"Polygon","coordinates":[[[82.99762,25.2877],[82.9973,25.28822],[82.99664,25.28823],[82.9963,25.28771],[82.99662,25.28719],[82.99728,25.28718],[82.99762,25.2877]]]}},{"type":"Feature","properties":{"n":4,"np":0,"gz":0.77,"hot":0},"geometry":{"type":"Polygon","coordinates":[[[82.99764,25.28874],[82.99731,25.28926],[82.99665,25.28927],[82.99631,25.28876],[82.99664,25.28823],[82.9973,25.28822],[82.99764,25.28874]]]}},{"type":"Feature","properties":{"n":1,"np":0,"gz":0.29,"hot":0},"geometry":{"type":"Polygon","coordinates":[[[82.99774,25.29499],[82.99742,25.29552],[82.99675,25.29552],[82.99642,25.29501],[82.99674,25.29448],[82.9974,25.29447],[82.99774,25.29499]]]}},{"type":"Feature","properties":{"n":1,"np":0,"gz":0.29,"hot":0},"geometry":{"type":"Polygon","coordinates":[[[82.99776,25.29603],[82.99743,25.29656],[82.99677,25.29657],[82.99643,25.29605],[82.99675,25.29552],[82.99742,25.29552],[82.99776,25.29603]]]}},{"type":"Feature","properties":{"n":1,"np":1,"gz":0.29,"hot":0},"geometry":{"type":"Polygon","coordinates":[[[82.99784,25.30124],[82.99752,25.30177],[82.99686,25.30178],[82.99652,25.30126],[82.99684,25.30074],[82.9975,25.30073],[82.99784,25.30124]]]}},{"type":"Feature","properties":{"n":1,"np":1,"gz":0.29,"hot":0},"geometry":{"type":"Polygon","coordinates":[[[82.99794,25.3075],[82.99762,25.30802],[82.99696,25.30803],[82.99662,25.30751],[82.99694,25.30699],[82.9976,25.30698],[82.99794,25.3075]]]}},{"type":"Feature","properties":{"n":1,"np":0,"gz":1.26,"hot":0},"geometry":{"type":"Polygon","coordinates":[[[82.99796,25.30854],[82.99764,25.30906],[82.99698,25.30907],[82.99664,25.30856],[82.99696,25.30803],[82.99762,25.30802],[82.99796,25.30854]]]}},{"type":"Feature","properties":{"n":2,"np":3,"gz":0.93,"hot":0},"geometry":{"type":"Polygon","coordinates":[[[82.99798,25.30958],[82.99766,25.31011],[82.99699,25.31011],[82.99665,25.3096],[82.99698,25.30907],[82.99764,25.30906],[82.99798,25.30958]]]}},{"type":"Feature","properties":{"n":1,"np":0,"gz":0.77,"hot":0},"geometry":{"type":"Polygon","coordinates":[[[82.998,25.31062],[82.99767,25.31115],[82.99701,25.31116],[82.99667,25.31064],[82.99699,25.31011],[82.99766,25.31011],[82.998,25.31062]]]}},{"type":"Feature","properties":{"n":2,"np":2,"gz":0.77,"hot":0},"geometry":{"type":"Polygon","coordinates":[[[82.99801,25.31166],[82.99769,25.31219],[82.99703,25.3122],[82.99669,25.31168],[82.99701,25.31116],[82.99767,25.31115],[82.99801,25.31166]]]}},{"type":"Feature","properties":{"n":3,"np":3,"gz":0.61,"hot":0},"geometry":{"type":"Polygon","coordinates":[[[82.99803,25.31271],[82.99771,25.31323],[82.99705,25.31324],[82.99671,25.31272],[82.99703,25.3122],[82.99769,25.31219],[82.99803,25.31271]]]}},{"type":"Feature","properties":{"n":1,"np":0,"gz":0.13,"hot":0},"geometry":{"type":"Polygon","coordinates":[[[82.9981,25.31688],[82.99778,25.3174],[82.99711,25.31741],[82.99677,25.31689],[82.9971,25.31637],[82.99776,25.31636],[82.9981,25.31688]]]}},{"type":"Feature","properties":{"n":3,"np":2,"gz":1.1,"hot":0},"geometry":{"type":"Polygon","coordinates":[[[82.99817,25.32104],[82.99784,25.32157],[82.99718,25.32158],[82.99684,25.32106],[82.99716,25.32054],[82.99783,25.32053],[82.99817,25.32104]]]}},{"type":"Feature","properties":{"n":1,"np":0,"gz":2.22,"hot":0},"geometry":{"type":"Polygon","coordinates":[[[82.99818,25.32209],[82.99786,25.32261],[82.9972,25.32262],[82.99686,25.3221],[82.99718,25.32158],[82.99784,25.32157],[82.99818,25.32209]]]}},{"type":"Feature","properties":{"n":6,"np":2,"gz":1.74,"hot":0},"geometry":{"type":"Polygon","coordinates":[[[82.9982,25.32313],[82.99788,25.32365],[82.99722,25.32366],[82.99688,25.32315],[82.9972,25.32262],[82.99786,25.32261],[82.9982,25.32313]]]}},{"type":"Feature","properties":{"n":0,"np":1,"gz":0.45,"hot":0},"geometry":{"type":"Polygon","coordinates":[[[82.99837,25.33355],[82.99805,25.33407],[82.99739,25.33408],[82.99705,25.33357],[82.99737,25.33304],[82.99803,25.33303],[82.99837,25.33355]]]}},{"type":"Feature","properties":{"n":1,"np":0,"gz":-0.35,"hot":0},"geometry":{"type":"Polygon","coordinates":[[[82.99777,25.2361],[82.99745,25.23662],[82.99678,25.23663],[82.99644,25.23611],[82.99677,25.23559],[82.99743,25.23558],[82.99777,25.2361]]]}},{"type":"Feature","properties":{"n":1,"np":0,"gz":-0.35,"hot":0},"geometry":{"type":"Polygon","coordinates":[[[82.99799,25.24964],[82.99767,25.25017],[82.99701,25.25018],[82.99667,25.24966],[82.99699,25.24914],[82.99765,25.24913],[82.99799,25.24964]]]}},{"type":"Feature","properties":{"n":1,"np":0,"gz":-0.35,"hot":0},"geometry":{"type":"Polygon","coordinates":[[[82.99802,25.25173],[82.9977,25.25225],[82.99704,25.25226],[82.9967,25.25175],[82.99702,25.25122],[82.99768,25.25121],[82.99802,25.25173]]]}},{"type":"Feature","properties":{"n":1,"np":0,"gz":-0.03,"hot":0},"geometry":{"type":"Polygon","coordinates":[[[82.99819,25.26215],[82.99787,25.26267],[82.99721,25.26268],[82.99687,25.26217],[82.99719,25.26164],[82.99785,25.26163],[82.99819,25.26215]]]}},{"type":"Feature","properties":{"n":1,"np":0,"gz":-0.03,"hot":0},"geometry":{"type":"Polygon","coordinates":[[[82.99821,25.26319],[82.99789,25.26372],[82.99723,25.26373],[82.99689,25.26321],[82.99721,25.26268],[82.99787,25.26267],[82.99821,25.26319]]]}},{"type":"Feature","properties":{"n":3,"np":0,"gz":0.29,"hot":0},"geometry":{"type":"Polygon","coordinates":[[[82.99824,25.26528],[82.99792,25.2658],[82.99726,25.26581],[82.99692,25.26529],[82.99724,25.26477],[82.99791,25.26476],[82.99824,25.26528]]]}},{"type":"Feature","properties":{"n":1,"np":1,"gz":0.45,"hot":0},"geometry":{"type":"Polygon","coordinates":[[[82.99826,25.26632],[82.99794,25.26684],[82.99728,25.26685],[82.99694,25.26634],[82.99726,25.26581],[82.99792,25.2658],[82.99826,25.26632]]]}},{"type":"Feature","properties":{"n":2,"np":0,"gz":-0.19,"hot":0},"geometry":{"type":"Polygon","coordinates":[[[82.99831,25.26944],[82.99799,25.26997],[82.99733,25.26998],[82.99699,25.26946],[82.99731,25.26894],[82.99797,25.26893],[82.99831,25.26944]]]}},{"type":"Feature","properties":{"n":1,"np":0,"gz":-0.35,"hot":0},"geometry":{"type":"Polygon","coordinates":[[[82.99847,25.27882],[82.99814,25.27935],[82.99748,25.27936],[82.99714,25.27884],[82.99747,25.27832],[82.99813,25.27831],[82.99847,25.27882]]]}},{"type":"Feature","properties":{"n":1,"np":0,"gz":-0.35,"hot":0},"geometry":{"type":"Polygon","coordinates":[[[82.99852,25.28195],[82.9982,25.28248],[82.99753,25.28248],[82.99719,25.28197],[82.99752,25.28144],[82.99818,25.28143],[82.99852,25.28195]]]}},{"type":"Feature","properties":{"n":1,"np":0,"gz":1.9,"hot":0},"geometry":{"type":"Polygon","coordinates":[[[82.99862,25.2882],[82.9983,25.28873],[82.99764,25.28874],[82.9973,25.28822],[82.99762,25.2877],[82.99828,25.28769],[82.99862,25.2882]]]}},{"type":"Feature","properties":{"n":2,"np":0,"gz":1.9,"hot":0},"geometry":{"type":"Polygon","coordinates":[[[82.99864,25.28924],[82.99832,25.28977],[82.99765,25.28978],[82.99731,25.28926],[82.99764,25.28874],[82.9983,25.28873],[82.99864,25.28924]]]}},{"type":"Feature","properties":{"n":1,"np":0,"gz":0.29,"hot":0},"geometry":{"type":"Polygon","coordinates":[[[82.99872,25.29446],[82.9984,25.29498],[82.99774,25.29499],[82.9974,25.29447],[82.99772,25.29395],[82.99838,25.29394],[82.99872,25.29446]]]}},{"type":"Feature","properties":{"n":2,"np":0,"gz":0.61,"hot":0},"geometry":{"type":"Polygon","coordinates":[[[82.99874,25.2955],[82.99842,25.29602],[82.99776,25.29603],[82.99742,25.29552],[82.99774,25.29499],[82.9984,25.29498],[82.99874,25.2955]]]}},{"type":"Feature","properties":{"n":1,"np":0,"gz":0.29,"hot":0},"geometry":{"type":"Polygon","coordinates":[[[82.99876,25.29654],[82.99843,25.29707],[82.99777,25.29707],[82.99743,25.29656],[82.99776,25.29603],[82.99842,25.29602],[82.99876,25.29654]]]}},{"type":"Feature","properties":{"n":3,"np":2,"gz":1.1,"hot":0},"geometry":{"type":"Polygon","coordinates":[[[82.99883,25.30071],[82.9985,25.30123],[82.99784,25.30124],[82.9975,25.30073],[82.99782,25.3002],[82.99849,25.30019],[82.99883,25.30071]]]}},{"type":"Feature","properties":{"n":1,"np":1,"gz":-0.03,"hot":0},"geometry":{"type":"Polygon","coordinates":[[[82.99891,25.30592],[82.99859,25.30644],[82.99793,25.30645],[82.99759,25.30594],[82.99791,25.30541],[82.99857,25.3054],[82.99891,25.30592]]]}},{"type":"Feature","properties":{"n":2,"np":1,"gz":0.61,"hot":0},"geometry":{"type":"Polygon","coordinates":[[[82.99895,25.308],[82.99862,25.30853],[82.99796,25.30854],[82.99762,25.30802],[82.99794,25.3075],[82.99861,25.30749],[82.99895,25.308]]]}},{"type":"Feature","properties":{"n":1,"np":1,"gz":0.93,"hot":0},"geometry":{"type":"Polygon","coordinates":[[[82.99896,25.30905],[82.99864,25.30957],[82.99798,25.30958],[82.99764,25.30906],[82.99796,25.30854],[82.99862,25.30853],[82.99896,25.30905]]]}},{"type":"Feature","properties":{"n":0,"np":1,"gz":0.45,"hot":0},"geometry":{"type":"Polygon","coordinates":[[[82.999,25.31113],[82.99867,25.31166],[82.99801,25.31166],[82.99767,25.31115],[82.998,25.31062],[82.99866,25.31061],[82.999,25.31113]]]}},{"type":"Feature","properties":{"n":1,"np":0,"gz":0.29,"hot":0},"geometry":{"type":"Polygon","coordinates":[[[82.99903,25.31321],[82.99871,25.31374],[82.99805,25.31375],[82.99771,25.31323],[82.99803,25.31271],[82.99869,25.3127],[82.99903,25.31321]]]}},{"type":"Feature","properties":{"n":1,"np":1,"gz":0.77,"hot":0},"geometry":{"type":"Polygon","coordinates":[[[82.99907,25.3153],[82.99874,25.31582],[82.99808,25.31583],[82.99774,25.31532],[82.99806,25.31479],[82.99873,25.31478],[82.99907,25.3153]]]}},{"type":"Feature","properties":{"n":1,"np":2,"gz":1.26,"hot":0},"geometry":{"type":"Polygon","coordinates":[[[82.99908,25.31634],[82.99876,25.31687],[82.9981,25.31688],[82.99776,25.31636],[82.99808,25.31583],[82.99874,25.31582],[82.99908,25.31634]]]}},{"type":"Feature","properties":{"n":1,"np":1,"gz":0.77,"hot":0},"geometry":{"type":"Polygon","coordinates":[[[82.9991,25.31738],[82.99878,25.31791],[82.99812,25.31792],[82.99778,25.3174],[82.9981,25.31688],[82.99876,25.31687],[82.9991,25.31738]]]}},{"type":"Feature","properties":{"n":1,"np":2,"gz":0.77,"hot":0},"geometry":{"type":"Polygon","coordinates":[[[82.99915,25.32051],[82.99883,25.32103],[82.99817,25.32104],[82.99783,25.32053],[82.99815,25.32],[82.99881,25.31999],[82.99915,25.32051]]]}},{"type":"Feature","properties":{"n":1,"np":0,"gz":1.9,"hot":0},"geometry":{"type":"Polygon","coordinates":[[[82.99919,25.32259],[82.99886,25.32312],[82.9982,25.32313],[82.99786,25.32261],[82.99818,25.32209],[82.99885,25.32208],[82.99919,25.32259]]]}},{"type":"Feature","properties":{"n":3,"np":3,"gz":1.58,"hot":0},"geometry":{"type":"Polygon","coordinates":[[[82.9992,25.32364],[82.99888,25.32416],[82.99822,25.32417],[82.99788,25.32365],[82.9982,25.32313],[82.99886,25.32312],[82.9992,25.32364]]]}},{"type":"Feature","properties":{"n":1,"np":1,"gz":-0.19,"hot":0},"geometry":{"type":"Polygon","coordinates":[[[82.99924,25.32572],[82.99891,25.32625],[82.99825,25.32625],[82.99791,25.32574],[82.99823,25.32521],[82.9989,25.3252],[82.99924,25.32572]]]}},{"type":"Feature","properties":{"n":1,"np":1,"gz":-0.19,"hot":0},"geometry":{"type":"Polygon","coordinates":[[[82.99936,25.33301],[82.99903,25.33354],[82.99837,25.33355],[82.99803,25.33303],[82.99835,25.33251],[82.99902,25.3325],[82.99936,25.33301]]]}},{"type":"Feature","properties":{"n":1,"np":0,"gz":-0.35,"hot":0},"geometry":{"type":"Polygon","coordinates":[[[82.99911,25.25745],[82.99879,25.25797],[82.99813,25.25798],[82.99779,25.25746],[82.99811,25.25694],[82.99877,25.25693],[82.99911,25.25745]]]}},{"type":"Feature","properties":{"n":1,"np":0,"gz":0.45,"hot":0},"geometry":{"type":"Polygon","coordinates":[[[82.99925,25.26578],[82.99892,25.26631],[82.99826,25.26632],[82.99792,25.2658],[82.99824,25.26528],[82.99891,25.26527],[82.99925,25.26578]]]}},{"type":"Feature","properties":{"n":1,"np":0,"gz":-0.03,"hot":0},"geometry":{"type":"Polygon","coordinates":[[[82.99926,25.26683],[82.99894,25.26735],[82.99828,25.26736],[82.99794,25.26684],[82.99826,25.26632],[82.99892,25.26631],[82.99926,25.26683]]]}},{"type":"Feature","properties":{"n":2,"np":0,"gz":0.13,"hot":0},"geometry":{"type":"Polygon","coordinates":[[[82.99955,25.28454],[82.99923,25.28507],[82.99857,25.28508],[82.99823,25.28456],[82.99855,25.28403],[82.99921,25.28403],[82.99955,25.28454]]]}},{"type":"Feature","properties":{"n":1,"np":0,"gz":0.77,"hot":0},"geometry":{"type":"Polygon","coordinates":[[[82.99959,25.28663],[82.99927,25.28715],[82.9986,25.28716],[82.99826,25.28664],[82.99859,25.28612],[82.99925,25.28611],[82.99959,25.28663]]]}},{"type":"Feature","properties":{"n":3,"np":0,"gz":1.58,"hot":0},"geometry":{"type":"Polygon","coordinates":[[[82.9996,25.28767],[82.99928,25.28819],[82.99862,25.2882],[82.99828,25.28769],[82.9986,25.28716],[82.99927,25.28715],[82.9996,25.28767]]]}},{"type":"Feature","properties":{"n":4,"np":0,"gz":2.06,"hot":0},"geometry":{"type":"Polygon","coordinates":[[[82.99962,25.28871],[82.9993,25.28924],[82.99864,25.28924],[82.9983,25.28873],[82.99862,25.2882],[82.99928,25.28819],[82.99962,25.28871]]]}},{"type":"Feature","properties":{"n":4,"np":0,"gz":1.42,"hot":0},"geometry":{"type":"Polygon","coordinates":[[[82.99964,25.28975],[82.99932,25.29028],[82.99865,25.29029],[82.99832,25.28977],[82.99864,25.28924],[82.9993,25.28924],[82.99964,25.28975]]]}},{"type":"Feature","properties":{"n":1,"np":0,"gz":0.77,"hot":0},"geometry":{"type":"Polygon","coordinates":[[[82.99966,25.29079],[82.99933,25.29132],[82.99867,25.29133],[82.99833,25.29081],[82.99865,25.29029],[82.99932,25.29028],[82.99966,25.29079]]]}},{"type":"Feature","properties":{"n":3,"np":0,"gz":0.45,"hot":0},"geometry":{"type":"Polygon","coordinates":[[[82.99967,25.29184],[82.99935,25.29236],[82.99869,25.29237],[82.99835,25.29185],[82.99867,25.29133],[82.99933,25.29132],[82.99967,25.29184]]]}},{"type":"Feature","properties":{"n":1,"np":0,"gz":0.45,"hot":0},"geometry":{"type":"Polygon","coordinates":[[[82.99969,25.29288],[82.99937,25.2934],[82.99871,25.29341],[82.99837,25.2929],[82.99869,25.29237],[82.99935,25.29236],[82.99969,25.29288]]]}},{"type":"Feature","properties":{"n":1,"np":0,"gz":0.13,"hot":0},"geometry":{"type":"Polygon","coordinates":[[[82.99971,25.29392],[82.99939,25.29445],[82.99872,25.29446],[82.99838,25.29394],[82.99871,25.29341],[82.99937,25.2934],[82.99971,25.29392]]]}},{"type":"Feature","properties":{"n":1,"np":0,"gz":0.13,"hot":0},"geometry":{"type":"Polygon","coordinates":[[[82.99974,25.29601],[82.99942,25.29653],[82.99876,25.29654],[82.99842,25.29602],[82.99874,25.2955],[82.9994,25.29549],[82.99974,25.29601]]]}},{"type":"Feature","properties":{"n":6,"np":3,"gz":1.42,"hot":0},"geometry":{"type":"Polygon","coordinates":[[[82.99981,25.30017],[82.99949,25.3007],[82.99883,25.30071],[82.99849,25.30019],[82.99881,25.29967],[82.99947,25.29966],[82.99981,25.30017]]]}},{"type":"Feature","properties":{"n":2,"np":0,"gz":0.13,"hot":0},"geometry":{"type":"Polygon","coordinates":[[[82.9999,25.30538],[82.99957,25.30591],[82.99891,25.30592],[82.99857,25.3054],[82.99889,25.30488],[82.99956,25.30487],[82.9999,25.30538]]]}},{"type":"Feature","properties":{"n":2,"np":3,"gz":1.26,"hot":0},"geometry":{"type":"Polygon","coordinates":[[[82.99995,25.30851],[82.99962,25.30904],[82.99896,25.30905],[82.99862,25.30853],[82.99895,25.308],[82.99961,25.30799],[82.99995,25.30851]]]}},{"type":"Feature","properties":{"n":1,"np":1,"gz":3.19,"hot":2},"geometry":{"type":"Polygon","coordinates":[[[82.99996,25.30955],[82.99964,25.31008],[82.99898,25.31009],[82.99864,25.30957],[82.99896,25.30905],[82.99962,25.30904],[82.99996,25.30955]]]}},{"type":"Feature","properties":{"n":1,"np":1,"gz":2.22,"hot":0},"geometry":{"type":"Polygon","coordinates":[[[82.99998,25.3106],[82.99966,25.31112],[82.999,25.31113],[82.99866,25.31061],[82.99898,25.31009],[82.99964,25.31008],[82.99998,25.3106]]]}},{"type":"Feature","properties":{"n":2,"np":1,"gz":0.13,"hot":0},"geometry":{"type":"Polygon","coordinates":[[[83.0,25.31164],[82.99968,25.31216],[82.99901,25.31217],[82.99867,25.31166],[82.999,25.31113],[82.99966,25.31112],[83.0,25.31164]]]}},{"type":"Feature","properties":{"n":1,"np":1,"gz":0.29,"hot":0},"geometry":{"type":"Polygon","coordinates":[[[83.00002,25.31268],[82.99969,25.31321],[82.99903,25.31321],[82.99869,25.3127],[82.99901,25.31217],[82.99968,25.31216],[83.00002,25.31268]]]}},{"type":"Feature","properties":{"n":3,"np":3,"gz":1.42,"hot":0},"geometry":{"type":"Polygon","coordinates":[[[83.00005,25.31476],[82.99973,25.31529],[82.99907,25.3153],[82.99873,25.31478],[82.99905,25.31426],[82.99971,25.31425],[83.00005,25.31476]]]}},{"type":"Feature","properties":{"n":3,"np":3,"gz":1.9,"hot":0},"geometry":{"type":"Polygon","coordinates":[[[83.00007,25.31581],[82.99974,25.31633],[82.99908,25.31634],[82.99874,25.31582],[82.99907,25.3153],[82.99973,25.31529],[83.00007,25.31581]]]}},{"type":"Feature","properties":{"n":4,"np":4,"gz":1.42,"hot":0},"geometry":{"type":"Polygon","coordinates":[[[83.00008,25.31685],[82.99976,25.31737],[82.9991,25.31738],[82.99876,25.31687],[82.99908,25.31634],[82.99974,25.31633],[83.00008,25.31685]]]}},{"type":"Feature","properties":{"n":1,"np":1,"gz":0.93,"hot":0},"geometry":{"type":"Polygon","coordinates":[[[83.0001,25.31789],[82.99978,25.31842],[82.99912,25.31842],[82.99878,25.31791],[82.9991,25.31738],[82.99976,25.31737],[83.0001,25.31789]]]}},{"type":"Feature","properties":{"n":3,"np":3,"gz":0.93,"hot":0},"geometry":{"type":"Polygon","coordinates":[[[83.00014,25.31997],[82.99981,25.3205],[82.99915,25.32051],[82.99881,25.31999],[82.99913,25.31947],[82.9998,25.31946],[83.00014,25.31997]]]}},{"type":"Feature","properties":{"n":1,"np":0,"gz":0.61,"hot":0},"geometry":{"type":"Polygon","coordinates":[[[83.00015,25.32102],[82.99983,25.32154],[82.99917,25.32155],[82.99883,25.32103],[82.99915,25.32051],[82.99981,25.3205],[83.00015,25.32102]]]}},{"type":"Feature","properties":{"n":1,"np":1,"gz":0.77,"hot":0},"geometry":{"type":"Polygon","coordinates":[[[83.00017,25.32206],[82.99985,25.32258],[82.99919,25.32259],[82.99885,25.32208],[82.99917,25.32155],[82.99983,25.32154],[83.00017,25.32206]]]}},{"type":"Feature","properties":{"n":3,"np":0,"gz":1.1,"hot":0},"geometry":{"type":"Polygon","coordinates":[[[83.00019,25.3231],[82.99986,25.32363],[82.9992,25.32364],[82.99886,25.32312],[82.99919,25.32259],[82.99985,25.32258],[83.00019,25.3231]]]}},{"type":"Feature","properties":{"n":1,"np":0,"gz":-0.03,"hot":0},"geometry":{"type":"Polygon","coordinates":[[[83.00022,25.32519],[82.9999,25.32571],[82.99924,25.32572],[82.9989,25.3252],[82.99922,25.32468],[82.99988,25.32467],[83.00022,25.32519]]]}},{"type":"Feature","properties":{"n":1,"np":1,"gz":-0.03,"hot":0},"geometry":{"type":"Polygon","coordinates":[[[83.00026,25.32727],[82.99993,25.3278],[82.99927,25.3278],[82.99893,25.32729],[82.99925,25.32676],[82.99992,25.32675],[83.00026,25.32727]]]}},{"type":"Feature","properties":{"n":1,"np":1,"gz":-0.19,"hot":0},"geometry":{"type":"Polygon","coordinates":[[[83.00029,25.32935],[82.99997,25.32988],[82.9993,25.32989],[82.99897,25.32937],[82.99929,25.32885],[82.99995,25.32884],[83.00029,25.32935]]]}},{"type":"Feature","properties":{"n":1,"np":1,"gz":0.13,"hot":0},"geometry":{"type":"Polygon","coordinates":[[[83.00036,25.33352],[83.00004,25.33405],[82.99937,25.33406],[82.99903,25.33354],[82.99936,25.33301],[83.00002,25.33301],[83.00036,25.33352]]]}},{"type":"Feature","properties":{"n":1,"np":0,"gz":-0.03,"hot":0},"geometry":{"type":"Polygon","coordinates":[[[83.00041,25.33665],[83.00009,25.33717],[82.99942,25.33718],[82.99909,25.33667],[82.99941,25.33614],[83.00007,25.33613],[83.00041,25.33665]]]}},{"type":"Feature","properties":{"n":1,"np":0,"gz":-0.35,"hot":0},"geometry":{"type":"Polygon","coordinates":[[[83.00028,25.26838],[82.99996,25.2689],[82.9993,25.26891],[82.99896,25.26839],[82.99928,25.26787],[82.99994,25.26786],[83.00028,25.26838]]]}},{"type":"Feature","properties":{"n":1,"np":0,"gz":-0.19,"hot":0},"geometry":{"type":"Polygon","coordinates":[[[83.00033,25.2715],[83.00001,25.27203],[82.99935,25.27204],[82.99901,25.27152],[82.99933,25.27099],[82.99999,25.27098],[83.00033,25.2715]]]}},{"type":"Feature","properties":{"n":1,"np":0,"gz":-0.19,"hot":0},"geometry":{"type":"Polygon","coordinates":[[[83.00035,25.27254],[83.00003,25.27307],[82.99937,25.27308],[82.99903,25.27256],[82.99935,25.27204],[83.00001,25.27203],[83.00035,25.27254]]]}},{"type":"Feature","properties":{"n":1,"np":0,"gz":-0.19,"hot":0},"geometry":{"type":"Polygon","coordinates":[[[83.00045,25.2788],[83.00013,25.27932],[82.99947,25.27933],[82.99913,25.27881],[82.99945,25.27829],[83.00011,25.27828],[83.00045,25.2788]]]}},{"type":"Feature","properties":{"n":1,"np":0,"gz":0.13,"hot":0},"geometry":{"type":"Polygon","coordinates":[[[83.0005,25.28192],[83.00018,25.28245],[82.99952,25.28246],[82.99918,25.28194],[82.9995,25.28142],[83.00016,25.28141],[83.0005,25.28192]]]}},{"type":"Feature","properties":{"n":2,"np":0,"gz":0.45,"hot":0},"geometry":{"type":"Polygon","coordinates":[[[83.00052,25.28297],[83.0002,25.28349],[82.99954,25.2835],[82.9992,25.28298],[82.99952,25.28246],[83.00018,25.28245],[83.00052,25.28297]]]}},{"type":"Feature","properties":{"n":1,"np":0,"gz":0.61,"hot":0},"geometry":{"type":"Polygon","coordinates":[[[83.00054,25.28401],[83.00022,25.28453],[82.99955,25.28454],[82.99921,25.28403],[82.99954,25.2835],[83.0002,25.28349],[83.00054,25.28401]]]}},{"type":"Feature","properties":{"n":1,"np":0,"gz":0.29,"hot":0},"geometry":{"type":"Polygon","coordinates":[[[83.00055,25.28505],[83.00023,25.28557],[82.99957,25.28558],[82.99923,25.28507],[82.99955,25.28454],[83.00022,25.28453],[83.00055,25.28505]]]}},{"type":"Feature","properties":{"n":1,"np":0,"gz":0.45,"hot":0},"geometry":{"type":"Polygon","coordinates":[[[83.00057,25.28609],[83.00025,25.28662],[82.99959,25.28663],[82.99925,25.28611],[82.99957,25.28558],[83.00023,25.28557],[83.00057,25.28609]]]}},{"type":"Feature","properties":{"n":3,"np":0,"gz":0.93,"hot":0},"geometry":{"type":"Polygon","coordinates":[[[83.00059,25.28713],[83.00027,25.28766],[82.9996,25.28767],[82.99927,25.28715],[82.99959,25.28663],[83.00025,25.28662],[83.00059,25.28713]]]}},{"type":"Feature","properties":{"n":1,"np":0,"gz":2.54,"hot":0},"geometry":{"type":"Polygon","coordinates":[[[83.00061,25.28818],[83.00028,25.2887],[82.99962,25.28871],[82.99928,25.28819],[82.9996,25.28767],[83.00027,25.28766],[83.00061,25.28818]]]}},{"type":"Feature","properties":{"n":1,"np":0,"gz":2.38,"hot":0},"geometry":{"type":"Polygon","coordinates":[[[83.00062,25.28922],[83.0003,25.28974],[82.99964,25.28975],[82.9993,25.28924],[82.99962,25.28871],[83.00028,25.2887],[83.00062,25.28922]]]}},{"type":"Feature","properties":{"n":1,"np":0,"gz":0.61,"hot":0},"geometry":{"type":"Polygon","coordinates":[[[83.00067,25.29234],[83.00035,25.29287],[82.99969,25.29288],[82.99935,25.29236],[82.99967,25.29184],[83.00034,25.29183],[83.00067,25.29234]]]}},{"type":"Feature","properties":{"n":1,"np":0,"gz":-0.03,"hot":0},"geometry":{"type":"Polygon","coordinates":[[[83.00071,25.29443],[83.00039,25.29495],[82.99972,25.29496],[82.99939,25.29445],[82.99971,25.29392],[83.00037,25.29391],[83.00071,25.29443]]]}},{"type":"Feature","properties":{"n":3,"np":0,"gz":1.9,"hot":0},"geometry":{"type":"Polygon","coordinates":[[[83.00081,25.30068],[83.00049,25.30121],[82.99983,25.30122],[82.99949,25.3007],[82.99981,25.30017],[83.00047,25.30016],[83.00081,25.30068]]]}},{"type":"Feature","properties":{"n":1,"np":0,"gz":-0.03,"hot":0},"geometry":{"type":"Polygon","coordinates":[[[83.0009,25.30589],[83.00057,25.30642],[82.99991,25.30643],[82.99957,25.30591],[82.9999,25.30538],[83.00056,25.30538],[83.0009,25.30589]]]}},{"type":"Feature","properties":{"n":5,"np":3,"gz":3.83,"hot":3},"geometry":{"type":"Polygon","coordinates":[[[83.00095,25.30902],[83.00063,25.30954],[82.99996,25.30955],[82.99962,25.30904],[82.99995,25.30851],[83.00061,25.3085],[83.00095,25.30902]]]}},{"type":"Feature","properties":{"n":13,"np":6,"gz":2.71,"hot":0},"geometry":{"type":"Polygon","coordinates":[[[83.00097,25.31006],[83.00064,25.31059],[82.99998,25.3106],[82.99964,25.31008],[82.99996,25.30955],[83.00063,25.30954],[83.00097,25.31006]]]}},{"type":"Feature","properties":{"n":0,"np":1,"gz":2.06,"hot":0},"geometry":{"type":"Polygon","coordinates":[[[83.00098,25.3111],[83.00066,25.31163],[83.0,25.31164],[82.99966,25.31112],[82.99998,25.3106],[83.00064,25.31059],[83.00098,25.3111]]]}},{"type":"Feature","properties":{"n":1,"np":1,"gz":0.61,"hot":0},"geometry":{"type":"Polygon","coordinates":[[[83.00102,25.31319],[83.00069,25.31371],[83.00003,25.31372],[82.99969,25.31321],[83.00002,25.31268],[83.00068,25.31267],[83.00102,25.31319]]]}},{"type":"Feature","properties":{"n":3,"np":1,"gz":1.42,"hot":0},"geometry":{"type":"Polygon","coordinates":[[[83.00103,25.31423],[83.00071,25.31475],[83.00005,25.31476],[82.99971,25.31425],[83.00003,25.31372],[83.00069,25.31371],[83.00103,25.31423]]]}},{"type":"Feature","properties":{"n":2,"np":2,"gz":1.9,"hot":0},"geometry":{"type":"Polygon","coordinates":[[[83.00105,25.31527],[83.00073,25.3158],[83.00007,25.31581],[82.99973,25.31529],[83.00005,25.31476],[83.00071,25.31475],[83.00105,25.31527]]]}},{"type":"Feature","properties":{"n":1,"np":1,"gz":1.74,"hot":0},"geometry":{"type":"Polygon","coordinates":[[[83.00107,25.31631],[83.00075,25.31684],[83.00008,25.31685],[82.99974,25.31633],[83.00007,25.31581],[83.00073,25.3158],[83.00107,25.31631]]]}},{"type":"Feature","properties":{"n":1,"np":1,"gz":1.26,"hot":0},"geometry":{"type":"Polygon","coordinates":[[[83.00109,25.31736],[83.00076,25.31788],[83.0001,25.31789],[82.99976,25.31737],[83.00008,25.31685],[83.00075,25.31684],[83.00109,25.31736]]]}},{"type":"Feature","properties":{"n":2,"np":2,"gz":0.77,"hot":0},"geometry":{"type":"Polygon","coordinates":[[[83.0011,25.3184],[83.00078,25.31892],[83.00012,25.31893],[82.99978,25.31842],[83.0001,25.31789],[83.00076,25.31788],[83.0011,25.3184]]]}},{"type":"Feature","properties":{"n":3,"np":3,"gz":1.1,"hot":0},"geometry":{"type":"Polygon","coordinates":[[[83.00112,25.31944],[83.0008,25.31997],[83.00014,25.31997],[82.9998,25.31946],[83.00012,25.31893],[83.00078,25.31892],[83.00112,25.31944]]]}},{"type":"Feature","properties":{"n":1,"np":1,"gz":0.93,"hot":0},"geometry":{"type":"Polygon","coordinates":[[[83.00114,25.32048],[83.00081,25.32101],[83.00015,25.32102],[82.99981,25.3205],[83.00014,25.31997],[83.0008,25.31997],[83.00114,25.32048]]]}},{"type":"Feature","properties":{"n":2,"np":0,"gz":0.45,"hot":0},"geometry":{"type":"Polygon","coordinates":[[[83.00117,25.32257],[83.00085,25.32309],[83.00019,25.3231],[82.99985,25.32258],[83.00017,25.32206],[83.00083,25.32205],[83.00117,25.32257]]]}},{"type":"Feature","properties":{"n":1,"np":2,"gz":-0.03,"hot":0},"geometry":{"type":"Polygon","coordinates":[[[83.00121,25.32465],[83.00088,25.32518],[83.00022,25.32519],[82.99988,25.32467],[83.0002,25.32414],[83.00087,25.32413],[83.00121,25.32465]]]}},{"type":"Feature","properties":{"n":2,"np":2,"gz":0.13,"hot":0},"geometry":{"type":"Polygon","coordinates":[[[83.00124,25.32673],[83.00092,25.32726],[83.00026,25.32727],[82.99992,25.32675],[83.00024,25.32623],[83.0009,25.32622],[83.00124,25.32673]]]}},{"type":"Feature","properties":{"n":1,"np":1,"gz":0.29,"hot":0},"geometry":{"type":"Polygon","coordinates":[[[83.00127,25.32882],[83.00095,25.32934],[83.00029,25.32935],[82.99995,25.32884],[83.00027,25.32831],[83.00093,25.3283],[83.00127,25.32882]]]}},{"type":"Feature","properties":{"n":2,"np":2,"gz":0.29,"hot":0},"geometry":{"type":"Polygon","coordinates":[[[83.00136,25.33403],[83.00104,25.33456],[83.00038,25.33456],[83.00004,25.33405],[83.00036,25.33352],[83.00102,25.33351],[83.00136,25.33403]]]}},{"type":"Feature","properties":{"n":1,"np":2,"gz":0.61,"hot":0},"geometry":{"type":"Polygon","coordinates":[[[83.00139,25.33611],[83.00107,25.33664],[83.00041,25.33665],[83.00007,25.33613],[83.00039,25.33561],[83.00105,25.3356],[83.00139,25.33611]]]}},{"type":"Feature","properties":{"n":1,"np":1,"gz":0.61,"hot":0},"geometry":{"type":"Polygon","coordinates":[[[83.00141,25.33716],[83.00109,25.33768],[83.00043,25.33769],[83.00009,25.33717],[83.00041,25.33665],[83.00107,25.33664],[83.00141,25.33716]]]}},{"type":"Feature","properties":{"n":1,"np":0,"gz":-0.35,"hot":0},"geometry":{"type":"Polygon","coordinates":[[[83.00137,25.27409],[83.00105,25.27462],[83.00038,25.27463],[83.00004,25.27411],[83.00037,25.27359],[83.00103,25.27358],[83.00137,25.27409]]]}},{"type":"Feature","properties":{"n":1,"np":0,"gz":-0.19,"hot":0},"geometry":{"type":"Polygon","coordinates":[[[83.00144,25.27826],[83.00111,25.27879],[83.00045,25.2788],[83.00011,25.27828],[83.00044,25.27775],[83.0011,25.27775],[83.00144,25.27826]]]}},{"type":"Feature","properties":{"n":1,"np":0,"gz":0.29,"hot":0},"geometry":{"type":"Polygon","coordinates":[[[83.0015,25.28243],[83.00118,25.28296],[83.00052,25.28297],[83.00018,25.28245],[83.0005,25.28192],[83.00117,25.28191],[83.0015,25.28243]]]}},{"type":"Feature","properties":{"n":1,"np":0,"gz":0.45,"hot":0},"geometry":{"type":"Polygon","coordinates":[[[83.00152,25.28347],[83.0012,25.284],[83.00054,25.28401],[83.0002,25.28349],[83.00052,25.28297],[83.00118,25.28296],[83.00152,25.28347]]]}},{"type":"Feature","properties":{"n":7,"np":0,"gz":1.26,"hot":0},"geometry":{"type":"Polygon","coordinates":[[[83.00161,25.28868],[83.00128,25.28921],[83.00062,25.28922],[83.00028,25.2887],[83.00061,25.28818],[83.00127,25.28817],[83.00161,25.28868]]]}},{"type":"Feature","properties":{"n":1,"np":0,"gz":1.1,"hot":0},"geometry":{"type":"Polygon","coordinates":[[[83.00162,25.28973],[83.0013,25.29025],[83.00064,25.29026],[83.0003,25.28974],[83.00062,25.28922],[83.00128,25.28921],[83.00162,25.28973]]]}},{"type":"Feature","properties":{"n":2,"np":1,"gz":0.29,"hot":0},"geometry":{"type":"Polygon","coordinates":[[[83.00168,25.29285],[83.00135,25.29338],[83.00069,25.29339],[83.00035,25.29287],[83.00067,25.29234],[83.00134,25.29234],[83.00168,25.29285]]]}},{"type":"Feature","properties":{"n":1,"np":0,"gz":-0.03,"hot":0},"geometry":{"type":"Polygon","coordinates":[[[83.00171,25.29494],[83.00139,25.29546],[83.00073,25.29547],[83.00039,25.29495],[83.00071,25.29443],[83.00137,25.29442],[83.00171,25.29494]]]}},{"type":"Feature","properties":{"n":1,"np":1,"gz":-0.19,"hot":0},"geometry":{"type":"Polygon","coordinates":[[[83.00173,25.29598],[83.0014,25.2965],[83.00074,25.29651],[83.0004,25.296],[83.00073,25.29547],[83.00139,25.29546],[83.00173,25.29598]]]}},{"type":"Feature","properties":{"n":1,"np":0,"gz":0.77,"hot":0},"geometry":{"type":"Polygon","coordinates":[[[83.00178,25.2991],[83.00146,25.29963],[83.00079,25.29964],[83.00045,25.29912],[83.00078,25.2986],[83.00144,25.29859],[83.00178,25.2991]]]}},{"type":"Feature","properties":{"n":2,"np":0,"gz":1.9,"hot":0},"geometry":{"type":"Polygon","coordinates":[[[83.0018,25.30015],[83.00147,25.30067],[83.00081,25.30068],[83.00047,25.30016],[83.00079,25.29964],[83.00146,25.29963],[83.0018,25.30015]]]}},{"type":"Feature","properties":{"n":4,"np":1,"gz":1.1,"hot":0},"geometry":{"type":"Polygon","coordinates":[[[83.00181,25.30119],[83.00149,25.30171],[83.00083,25.30172],[83.00049,25.30121],[83.00081,25.30068],[83.00147,25.30067],[83.00181,25.30119]]]}},{"type":"Feature","properties":{"n":1,"np":0,"gz":-0.35,"hot":0},"geometry":{"type":"Polygon","coordinates":[[[83.00186,25.30432],[83.00154,25.30484],[83.00088,25.30485],[83.00054,25.30433],[83.00086,25.30381],[83.00152,25.3038],[83.00186,25.30432]]]}},{"type":"Feature","properties":{"n":1,"np":0,"gz":1.26,"hot":0},"geometry":{"type":"Polygon","coordinates":[[[83.00192,25.30744],[83.00159,25.30797],[83.00093,25.30798],[83.00059,25.30746],[83.00091,25.30693],[83.00158,25.30693],[83.00192,25.30744]]]}},{"type":"Feature","properties":{"n":6,"np":3,"gz":1.42,"hot":0},"geometry":{"type":"Polygon","coordinates":[[[83.00193,25.30848],[83.00161,25.30901],[83.00095,25.30902],[83.00061,25.3085],[83.00093,25.30798],[83.00159,25.30797],[83.00193,25.30848]]]}},{"type":"Feature","properties":{"n":0,"np":0,"gz":3.51,"hot":3},"geometry":{"type":"Polygon","coordinates":[[[83.00195,25.30953],[83.00163,25.31005],[83.00097,25.31006],[83.00063,25.30954],[83.00095,25.30902],[83.00161,25.30901],[83.00195,25.30953]]]}},{"type":"Feature","properties":{"n":0,"np":2,"gz":1.74,"hot":0},"geometry":{"type":"Polygon","coordinates":[[[83.00197,25.31057],[83.00164,25.31109],[83.00098,25.3111],[83.00064,25.31059],[83.00097,25.31006],[83.00163,25.31005],[83.00197,25.31057]]]}},{"type":"Feature","properties":{"n":2,"np":3,"gz":0.93,"hot":0},"geometry":{"type":"Polygon","coordinates":[[[83.00202,25.31369],[83.0017,25.31422],[83.00103,25.31423],[83.00069,25.31371],[83.00102,25.31319],[83.00168,25.31318],[83.00202,25.31369]]]}},{"type":"Feature","properties":{"n":1,"np":1,"gz":1.42,"hot":0},"geometry":{"type":"Polygon","coordinates":[[[83.00204,25.31474],[83.00171,25.31526],[83.00105,25.31527],[83.00071,25.31475],[83.00103,25.31423],[83.0017,25.31422],[83.00204,25.31474]]]}},{"type":"Feature","properties":{"n":2,"np":0,"gz":0.77,"hot":0},"geometry":{"type":"Polygon","coordinates":[[[83.00205,25.31578],[83.00173,25.3163],[83.00107,25.31631],[83.00073,25.3158],[83.00105,25.31527],[83.00171,25.31526],[83.00205,25.31578]]]}},{"type":"Feature","properties":{"n":1,"np":0,"gz":1.1,"hot":0},"geometry":{"type":"Polygon","coordinates":[[[83.00207,25.31682],[83.00175,25.31735],[83.00109,25.31736],[83.00075,25.31684],[83.00107,25.31631],[83.00173,25.3163],[83.00207,25.31682]]]}},{"type":"Feature","properties":{"n":1,"np":1,"gz":0.93,"hot":0},"geometry":{"type":"Polygon","coordinates":[[[83.00209,25.31786],[83.00176,25.31839],[83.0011,25.3184],[83.00076,25.31788],[83.00109,25.31736],[83.00175,25.31735],[83.00209,25.31786]]]}},{"type":"Feature","properties":{"n":1,"np":1,"gz":0.61,"hot":0},"geometry":{"type":"Polygon","coordinates":[[[83.00212,25.31995],[83.0018,25.32047],[83.00114,25.32048],[83.0008,25.31997],[83.00112,25.31944],[83.00178,25.31943],[83.00212,25.31995]]]}},{"type":"Feature","properties":{"n":0,"np":2,"gz":0.29,"hot":0},"geometry":{"type":"Polygon","coordinates":[[[83.00216,25.32203],[83.00183,25.32256],[83.00117,25.32257],[83.00083,25.32205],[83.00115,25.32152],[83.00182,25.32152],[83.00216,25.32203]]]}},{"type":"Feature","properties":{"n":1,"np":1,"gz":0.29,"hot":0},"geometry":{"type":"Polygon","coordinates":[[[83.00219,25.32412],[83.00187,25.32464],[83.00121,25.32465],[83.00087,25.32413],[83.00119,25.32361],[83.00185,25.3236],[83.00219,25.32412]]]}},{"type":"Feature","properties":{"n":1,"np":0,"gz":-0.03,"hot":0},"geometry":{"type":"Polygon","coordinates":[[[83.00224,25.32724],[83.00192,25.32777],[83.00126,25.32778],[83.00092,25.32726],[83.00124,25.32673],[83.0019,25.32673],[83.00224,25.32724]]]}},{"type":"Feature","properties":{"n":0,"np":1,"gz":0.29,"hot":0},"geometry":{"type":"Polygon","coordinates":[[[83.00226,25.32828],[83.00194,25.32881],[83.00127,25.32882],[83.00093,25.3283],[83.00126,25.32778],[83.00192,25.32777],[83.00226,25.32828]]]}},{"type":"Feature","properties":{"n":3,"np":3,"gz":0.29,"hot":0},"geometry":{"type":"Polygon","coordinates":[[[83.00228,25.32933],[83.00195,25.32985],[83.00129,25.32986],[83.00095,25.32934],[83.00127,25.32882],[83.00194,25.32881],[83.00228,25.32933]]]}},{"type":"Feature","properties":{"n":2,"np":1,"gz":1.1,"hot":0},"geometry":{"type":"Polygon","coordinates":[[[83.00236,25.33454],[83.00204,25.33506],[83.00138,25.33507],[83.00104,25.33456],[83.00136,25.33403],[83.00202,25.33402],[83.00236,25.33454]]]}},{"type":"Feature","properties":{"n":1,"np":1,"gz":0.77,"hot":0},"geometry":{"type":"Polygon","coordinates":[[[83.00238,25.33558],[83.00206,25.33611],[83.00139,25.33611],[83.00105,25.3356],[83.00138,25.33507],[83.00204,25.33506],[83.00238,25.33558]]]}},{"type":"Feature","properties":{"n":3,"np":1,"gz":0.77,"hot":0},"geometry":{"type":"Polygon","coordinates":[[[83.0024,25.33662],[83.00207,25.33715],[83.00141,25.33716],[83.00107,25.33664],[83.00139,25.33611],[83.00206,25.33611],[83.0024,25.33662]]]}},{"type":"Feature","properties":{"n":1,"np":1,"gz":0.61,"hot":0},"geometry":{"type":"Polygon","coordinates":[[[83.00241,25.33766],[83.00209,25.33819],[83.00143,25.3382],[83.00109,25.33768],[83.00141,25.33716],[83.00207,25.33715],[83.00241,25.33766]]]}},{"type":"Feature","properties":{"n":1,"np":0,"gz":0.29,"hot":0},"geometry":{"type":"Polygon","coordinates":[[[83.00247,25.28085],[83.00215,25.28138],[83.00149,25.28139],[83.00115,25.28087],[83.00147,25.28035],[83.00213,25.28034],[83.00247,25.28085]]]}},{"type":"Feature","properties":{"n":1,"np":0,"gz":-0.03,"hot":0},"geometry":{"type":"Polygon","coordinates":[[[83.00252,25.28398],[83.0022,25.28451],[83.00154,25.28451],[83.0012,25.284],[83.00152,25.28347],[83.00218,25.28346],[83.00252,25.28398]]]}},{"type":"Feature","properties":{"n":1,"np":1,"gz":0.93,"hot":0},"geometry":{"type":"Polygon","coordinates":[[[83.00261,25.28919],[83.00229,25.28972],[83.00162,25.28973],[83.00128,25.28921],[83.00161,25.28868],[83.00227,25.28867],[83.00261,25.28919]]]}},{"type":"Feature","properties":{"n":1,"np":0,"gz":0.13,"hot":0},"geometry":{"type":"Polygon","coordinates":[[[83.00266,25.29232],[83.00234,25.29284],[83.00168,25.29285],[83.00134,25.29234],[83.00166,25.29181],[83.00232,25.2918],[83.00266,25.29232]]]}},{"type":"Feature","properties":{"n":1,"np":0,"gz":0.13,"hot":0},"geometry":{"type":"Polygon","coordinates":[[[83.00268,25.29336],[83.00235,25.29389],[83.00169,25.29389],[83.00135,25.29338],[83.00168,25.29285],[83.00234,25.29284],[83.00268,25.29336]]]}},{"type":"Feature","properties":{"n":5,"np":4,"gz":1.58,"hot":0},"geometry":{"type":"Polygon","coordinates":[[[83.00278,25.29961],[83.00246,25.30014],[83.0018,25.30015],[83.00146,25.29963],[83.00178,25.2991],[83.00244,25.2991],[83.00278,25.29961]]]}},{"type":"Feature","properties":{"n":1,"np":0,"gz":0.61,"hot":0},"geometry":{"type":"Polygon","coordinates":[[[83.00281,25.3017],[83.00249,25.30222],[83.00183,25.30223],[83.00149,25.30171],[83.00181,25.30119],[83.00247,25.30118],[83.00281,25.3017]]]}},{"type":"Feature","properties":{"n":2,"np":1,"gz":0.13,"hot":0},"geometry":{"type":"Polygon","coordinates":[[[83.00283,25.30274],[83.00251,25.30326],[83.00185,25.30327],[83.00151,25.30276],[83.00183,25.30223],[83.00249,25.30222],[83.00283,25.30274]]]}},{"type":"Feature","properties":{"n":0,"np":1,"gz":0.13,"hot":0},"geometry":{"type":"Polygon","coordinates":[[[83.00285,25.30378],[83.00253,25.30431],[83.00186,25.30432],[83.00152,25.3038],[83.00185,25.30327],[83.00251,25.30326],[83.00285,25.30378]]]}},{"type":"Feature","properties":{"n":1,"np":1,"gz":0.61,"hot":0},"geometry":{"type":"Polygon","coordinates":[[[83.00288,25.30587],[83.00256,25.30639],[83.0019,25.3064],[83.00156,25.30588],[83.00188,25.30536],[83.00254,25.30535],[83.00288,25.30587]]]}},{"type":"Feature","properties":{"n":4,"np":2,"gz":1.1,"hot":0},"geometry":{"type":"Polygon","coordinates":[[[83.0029,25.30691],[83.00258,25.30743],[83.00192,25.30744],[83.00158,25.30693],[83.0019,25.3064],[83.00256,25.30639],[83.0029,25.30691]]]}},{"type":"Feature","properties":{"n":0,"np":1,"gz":2.22,"hot":0},"geometry":{"type":"Polygon","coordinates":[[[83.00292,25.30795],[83.00259,25.30848],[83.00193,25.30848],[83.00159,25.30797],[83.00192,25.30744],[83.00258,25.30743],[83.00292,25.30795]]]}},{"type":"Feature","properties":{"n":1,"np":0,"gz":0.45,"hot":0},"geometry":{"type":"Polygon","coordinates":[[[83.00295,25.31003],[83.00263,25.31056],[83.00197,25.31057],[83.00163,25.31005],[83.00195,25.30953],[83.00261,25.30952],[83.00295,25.31003]]]}},{"type":"Feature","properties":{"n":2,"np":1,"gz":1.26,"hot":0},"geometry":{"type":"Polygon","coordinates":[[[83.00302,25.3142],[83.0027,25.31473],[83.00204,25.31474],[83.0017,25.31422],[83.00202,25.31369],[83.00268,25.31369],[83.00302,25.3142]]]}},{"type":"Feature","properties":{"n":1,"np":0,"gz":1.1,"hot":0},"geometry":{"type":"Polygon","coordinates":[[[83.00305,25.31629],[83.00273,25.31681],[83.00207,25.31682],[83.00173,25.3163],[83.00205,25.31578],[83.00271,25.31577],[83.00305,25.31629]]]}},{"type":"Feature","properties":{"n":3,"np":3,"gz":0.93,"hot":0},"geometry":{"type":"Polygon","coordinates":[[[83.00307,25.31733],[83.00275,25.31785],[83.00209,25.31786],[83.00175,25.31735],[83.00207,25.31682],[83.00273,25.31681],[83.00307,25.31733]]]}},{"type":"Feature","properties":{"n":1,"np":0,"gz":0.77,"hot":0},"geometry":{"type":"Polygon","coordinates":[[[83.00309,25.31837],[83.00277,25.3189],[83.0021,25.31891],[83.00176,25.31839],[83.00209,25.31786],[83.00275,25.31785],[83.00309,25.31837]]]}},{"type":"Feature","properties":{"n":2,"np":1,"gz":0.45,"hot":0},"geometry":{"type":"Polygon","coordinates":[[[83.00312,25.32046],[83.0028,25.32098],[83.00214,25.32099],[83.0018,25.32047],[83.00212,25.31995],[83.00278,25.31994],[83.00312,25.32046]]]}},{"type":"Feature","properties":{"n":2,"np":2,"gz":0.61,"hot":0},"geometry":{"type":"Polygon","coordinates":[[[83.00314,25.3215],[83.00282,25.32202],[83.00216,25.32203],[83.00182,25.32152],[83.00214,25.32099],[83.0028,25.32098],[83.00314,25.3215]]]}},{"type":"Feature","properties":{"n":1,"np":1,"gz":0.45,"hot":0},"geometry":{"type":"Polygon","coordinates":[[[83.00316,25.32254],[83.00283,25.32307],[83.00217,25.32307],[83.00183,25.32256],[83.00216,25.32203],[83.00282,25.32202],[83.00316,25.32254]]]}},{"type":"Feature","properties":{"n":2,"np":1,"gz":0.29,"hot":0},"geometry":{"type":"Polygon","coordinates":[[[83.00317,25.32358],[83.00285,25.32411],[83.00219,25.32412],[83.00185,25.3236],[83.00217,25.32307],[83.00283,25.32307],[83.00317,25.32358]]]}},{"type":"Feature","properties":{"n":1,"np":1,"gz":0.13,"hot":0},"geometry":{"type":"Polygon","coordinates":[[[83.00319,25.32462],[83.00287,25.32515],[83.00221,25.32516],[83.00187,25.32464],[83.00219,25.32412],[83.00285,25.32411],[83.00319,25.32462]]]}},{"type":"Feature","properties":{"n":1,"np":0,"gz":0.45,"hot":0},"geometry":{"type":"Polygon","coordinates":[[[83.00328,25.32983],[83.00295,25.33036],[83.00229,25.33037],[83.00195,25.32985],[83.00228,25.32933],[83.00294,25.32932],[83.00328,25.32983]]]}},{"type":"Feature","properties":{"n":2,"np":2,"gz":-0.03,"hot":0},"geometry":{"type":"Polygon","coordinates":[[[83.00329,25.33088],[83.00297,25.3314],[83.00231,25.33141],[83.00197,25.33089],[83.00229,25.33037],[83.00295,25.33036],[83.00329,25.33088]]]}},{"type":"Feature","properties":{"n":4,"np":0,"gz":0.61,"hot":0},"geometry":{"type":"Polygon","coordinates":[[[83.00335,25.334],[83.00302,25.33453],[83.00236,25.33454],[83.00202,25.33402],[83.00234,25.3335],[83.00301,25.33349],[83.00335,25.334]]]}},{"type":"Feature","properties":{"n":1,"np":1,"gz":0.77,"hot":0},"geometry":{"type":"Polygon","coordinates":[[[83.00336,25.33505],[83.00304,25.33557],[83.00238,25.33558],[83.00204,25.33506],[83.00236,25.33454],[83.00302,25.33453],[83.00336,25.33505]]]}},{"type":"Feature","properties":{"n":1,"np":1,"gz":0.77,"hot":0},"geometry":{"type":"Polygon","coordinates":[[[83.0034,25.33713],[83.00307,25.33765],[83.00241,25.33766],[83.00207,25.33715],[83.0024,25.33662],[83.00306,25.33661],[83.0034,25.33713]]]}},{"type":"Feature","properties":{"n":1,"np":1,"gz":-0.03,"hot":0},"geometry":{"type":"Polygon","coordinates":[[[83.00341,25.33817],[83.00309,25.3387],[83.00243,25.33871],[83.00209,25.33819],[83.00241,25.33766],[83.00307,25.33765],[83.00341,25.33817]]]}},{"type":"Feature","properties":{"n":2,"np":0,"gz":-0.19,"hot":0},"geometry":{"type":"Polygon","coordinates":[[[83.00325,25.26781],[83.00293,25.26834],[83.00227,25.26835],[83.00193,25.26783],[83.00225,25.26731],[83.00291,25.2673],[83.00325,25.26781]]]}},{"type":"Feature","properties":{"n":1,"np":0,"gz":-0.19,"hot":0},"geometry":{"type":"Polygon","coordinates":[[[83.0033,25.27094],[83.00298,25.27147],[83.00232,25.27147],[83.00198,25.27096],[83.0023,25.27043],[83.00296,25.27042],[83.0033,25.27094]]]}},{"type":"Feature","properties":{"n":1,"np":0,"gz":-0.35,"hot":0},"geometry":{"type":"Polygon","coordinates":[[[83.00334,25.27302],[83.00301,25.27355],[83.00235,25.27356],[83.00201,25.27304],[83.00233,25.27252],[83.003,25.27251],[83.00334,25.27302]]]}},{"type":"Feature","properties":{"n":1,"np":0,"gz":-0.19,"hot":0},"geometry":{"type":"Polygon","coordinates":[[[83.00342,25.27824],[83.0031,25.27876],[83.00244,25.27877],[83.0021,25.27825],[83.00242,25.27773],[83.00308,25.27772],[83.00342,25.27824]]]}},{"type":"Feature","properties":{"n":4,"np":0,"gz":0.61,"hot":0},"geometry":{"type":"Polygon","coordinates":[[[83.00347,25.28136],[83.00315,25.28189],[83.00249,25.2819],[83.00215,25.28138],[83.00247,25.28085],[83.00313,25.28084],[83.00347,25.28136]]]}},{"type":"Feature","properties":{"n":1,"np":0,"gz":-0.03,"hot":0},"geometry":{"type":"Polygon","coordinates":[[[83.00351,25.28345],[83.00318,25.28397],[83.00252,25.28398],[83.00218,25.28346],[83.00251,25.28294],[83.00317,25.28293],[83.00351,25.28345]]]}},{"type":"Feature","properties":{"n":2,"np":0,"gz":0.13,"hot":0},"geometry":{"type":"Polygon","coordinates":[[[83.00354,25.28553],[83.00322,25.28606],[83.00256,25.28606],[83.00222,25.28555],[83.00254,25.28502],[83.0032,25.28501],[83.00354,25.28553]]]}},{"type":"Feature","properties":{"n":1,"np":0,"gz":0.29,"hot":0},"geometry":{"type":"Polygon","coordinates":[[[83.00363,25.29074],[83.0033,25.29127],[83.00264,25.29128],[83.0023,25.29076],[83.00263,25.29023],[83.00329,25.29022],[83.00363,25.29074]]]}},{"type":"Feature","properties":{"n":5,"np":2,"gz":1.9,"hot":0},"geometry":{"type":"Polygon","coordinates":[[[83.00376,25.29908],[83.00344,25.2996],[83.00278,25.29961],[83.00244,25.2991],[83.00276,25.29857],[83.00342,25.29856],[83.00376,25.29908]]]}},{"type":"Feature","properties":{"n":1,"np":1,"gz":0.13,"hot":0},"geometry":{"type":"Polygon","coordinates":[[[83.00383,25.30325],[83.00351,25.30377],[83.00285,25.30378],[83.00251,25.30326],[83.00283,25.30274],[83.00349,25.30273],[83.00383,25.30325]]]}},{"type":"Feature","properties":{"n":2,"np":2,"gz":1.26,"hot":0},"geometry":{"type":"Polygon","coordinates":[[[83.00388,25.30637],[83.00356,25.3069],[83.0029,25.30691],[83.00256,25.30639],[83.00288,25.30587],[83.00354,25.30586],[83.00388,25.30637]]]}},{"type":"Feature","properties":{"n":2,"np":2,"gz":2.06,"hot":0},"geometry":{"type":"Polygon","coordinates":[[[83.0039,25.30741],[83.00358,25.30794],[83.00292,25.30795],[83.00258,25.30743],[83.0029,25.30691],[83.00356,25.3069],[83.0039,25.30741]]]}},{"type":"Feature","properties":{"n":4,"np":2,"gz":1.1,"hot":0},"geometry":{"type":"Polygon","coordinates":[[[83.00392,25.30846],[83.0036,25.30898],[83.00293,25.30899],[83.00259,25.30848],[83.00292,25.30795],[83.00358,25.30794],[83.00392,25.30846]]]}},{"type":"Feature","properties":{"n":1,"np":1,"gz":1.42,"hot":0},"geometry":{"type":"Polygon","coordinates":[[[83.00394,25.3095],[83.00361,25.31002],[83.00295,25.31003],[83.00261,25.30952],[83.00293,25.30899],[83.0036,25.30898],[83.00394,25.3095]]]}},{"type":"Feature","properties":{"n":4,"np":5,"gz":1.26,"hot":0},"geometry":{"type":"Polygon","coordinates":[[[83.00395,25.31054],[83.00363,25.31107],[83.00297,25.31108],[83.00263,25.31056],[83.00295,25.31003],[83.00361,25.31002],[83.00395,25.31054]]]}},{"type":"Feature","properties":{"n":2,"np":1,"gz":0.93,"hot":0},"geometry":{"type":"Polygon","coordinates":[[[83.00397,25.31158],[83.00365,25.31211],[83.00299,25.31212],[83.00265,25.3116],[83.00297,25.31108],[83.00363,25.31107],[83.00397,25.31158]]]}},{"type":"Feature","properties":{"n":6,"np":2,"gz":1.26,"hot":0},"geometry":{"type":"Polygon","coordinates":[[[83.00402,25.31471],[83.0037,25.31524],[83.00304,25.31524],[83.0027,25.31473],[83.00302,25.3142],[83.00368,25.31419],[83.00402,25.31471]]]}},{"type":"Feature","properties":{"n":2,"np":1,"gz":1.26,"hot":0},"geometry":{"type":"Polygon","coordinates":[[[83.00404,25.31575],[83.00372,25.31628],[83.00305,25.31629],[83.00271,25.31577],[83.00304,25.31524],[83.0037,25.31524],[83.00404,25.31575]]]}},{"type":"Feature","properties":{"n":1,"np":1,"gz":1.26,"hot":0},"geometry":{"type":"Polygon","coordinates":[[[83.00406,25.31679],[83.00373,25.31732],[83.00307,25.31733],[83.00273,25.31681],[83.00305,25.31629],[83.00372,25.31628],[83.00406,25.31679]]]}},{"type":"Feature","properties":{"n":1,"np":2,"gz":1.26,"hot":0},"geometry":{"type":"Polygon","coordinates":[[[83.00407,25.31784],[83.00375,25.31836],[83.00309,25.31837],[83.00275,25.31785],[83.00307,25.31733],[83.00373,25.31732],[83.00407,25.31784]]]}},{"type":"Feature","properties":{"n":2,"np":2,"gz":0.13,"hot":0},"geometry":{"type":"Polygon","coordinates":[[[83.00409,25.31888],[83.00377,25.3194],[83.00311,25.31941],[83.00277,25.3189],[83.00309,25.31837],[83.00375,25.31836],[83.00409,25.31888]]]}},{"type":"Feature","properties":{"n":1,"np":2,"gz":0.61,"hot":0},"geometry":{"type":"Polygon","coordinates":[[[83.00412,25.32096],[83.0038,25.32149],[83.00314,25.3215],[83.0028,25.32098],[83.00312,25.32046],[83.00378,25.32045],[83.00412,25.32096]]]}},{"type":"Feature","properties":{"n":1,"np":0,"gz":0.45,"hot":0},"geometry":{"type":"Polygon","coordinates":[[[83.00414,25.322],[83.00382,25.32253],[83.00316,25.32254],[83.00282,25.32202],[83.00314,25.3215],[83.0038,25.32149],[83.00414,25.322]]]}},{"type":"Feature","properties":{"n":0,"np":1,"gz":0.29,"hot":0},"geometry":{"type":"Polygon","coordinates":[[[83.00416,25.32305],[83.00384,25.32357],[83.00317,25.32358],[83.00283,25.32307],[83.00316,25.32254],[83.00382,25.32253],[83.00416,25.32305]]]}},{"type":"Feature","properties":{"n":1,"np":1,"gz":0.45,"hot":0},"geometry":{"type":"Polygon","coordinates":[[[83.00421,25.32617],[83.00389,25.3267],[83.00323,25.32671],[83.00289,25.32619],[83.00321,25.32567],[83.00387,25.32566],[83.00421,25.32617]]]}},{"type":"Feature","properties":{"n":0,"np":1,"gz":0.13,"hot":0},"geometry":{"type":"Polygon","coordinates":[[[83.00428,25.33034],[83.00396,25.33087],[83.00329,25.33088],[83.00295,25.33036],[83.00328,25.32983],[83.00394,25.32983],[83.00428,25.33034]]]}},{"type":"Feature","properties":{"n":0,"np":2,"gz":0.13,"hot":0},"geometry":{"type":"Polygon","coordinates":[[[83.00433,25.33347],[83.00401,25.33399],[83.00335,25.334],[83.00301,25.33349],[83.00333,25.33296],[83.00399,25.33295],[83.00433,25.33347]]]}},{"type":"Feature","properties":{"n":0,"np":2,"gz":0.45,"hot":0},"geometry":{"type":"Polygon","coordinates":[[[83.00435,25.33451],[83.00402,25.33504],[83.00336,25.33505],[83.00302,25.33453],[83.00335,25.334],[83.00401,25.33399],[83.00435,25.33451]]]}},{"type":"Feature","properties":{"n":2,"np":1,"gz":0.61,"hot":0},"geometry":{"type":"Polygon","coordinates":[[[83.00438,25.33659],[83.00406,25.33712],[83.0034,25.33713],[83.00306,25.33661],[83.00338,25.33609],[83.00404,25.33608],[83.00438,25.33659]]]}},{"type":"Feature","properties":{"n":1,"np":0,"gz":-0.19,"hot":0},"geometry":{"type":"Polygon","coordinates":[[[83.00429,25.27041],[83.00396,25.27093],[83.0033,25.27094],[83.00296,25.27042],[83.00328,25.2699],[83.00395,25.26989],[83.00429,25.27041]]]}},{"type":"Feature","properties":{"n":1,"np":0,"gz":-0.35,"hot":0},"geometry":{"type":"Polygon","coordinates":[[[83.00437,25.27562],[83.00405,25.27614],[83.00339,25.27615],[83.00305,25.27563],[83.00337,25.27511],[83.00403,25.2751],[83.00437,25.27562]]]}},{"type":"Feature","properties":{"n":1,"np":0,"gz":-0.03,"hot":0},"geometry":{"type":"Polygon","coordinates":[[[83.00442,25.27874],[83.0041,25.27927],[83.00344,25.27928],[83.0031,25.27876],[83.00342,25.27824],[83.00408,25.27823],[83.00442,25.27874]]]}},{"type":"Feature","properties":{"n":2,"np":0,"gz":1.26,"hot":0},"geometry":{"type":"Polygon","coordinates":[[[83.00446,25.28083],[83.00413,25.28135],[83.00347,25.28136],[83.00313,25.28084],[83.00346,25.28032],[83.00412,25.28031],[83.00446,25.28083]]]}},{"type":"Feature","properties":{"n":1,"np":0,"gz":-0.19,"hot":0},"geometry":{"type":"Polygon","coordinates":[[[83.00449,25.28291],[83.00417,25.28344],[83.00351,25.28345],[83.00317,25.28293],[83.00349,25.2824],[83.00415,25.28239],[83.00449,25.28291]]]}},{"type":"Feature","properties":{"n":1,"np":0,"gz":0.61,"hot":0},"geometry":{"type":"Polygon","coordinates":[[[83.00453,25.285],[83.0042,25.28552],[83.00354,25.28553],[83.0032,25.28501],[83.00352,25.28449],[83.00419,25.28448],[83.00453,25.285]]]}},{"type":"Feature","properties":{"n":1,"np":0,"gz":0.61,"hot":0},"geometry":{"type":"Polygon","coordinates":[[[83.00454,25.28604],[83.00422,25.28656],[83.00356,25.28657],[83.00322,25.28606],[83.00354,25.28553],[83.0042,25.28552],[83.00454,25.28604]]]}},{"type":"Feature","properties":{"n":2,"np":0,"gz":-0.03,"hot":0},"geometry":{"type":"Polygon","coordinates":[[[83.00459,25.28916],[83.00427,25.28969],[83.00361,25.2897],[83.00327,25.28918],[83.00359,25.28866],[83.00425,25.28865],[83.00459,25.28916]]]}},{"type":"Feature","properties":{"n":4,"np":0,"gz":0.77,"hot":0},"geometry":{"type":"Polygon","coordinates":[[[83.00463,25.29125],[83.00431,25.29177],[83.00364,25.29178],[83.0033,25.29127],[83.00363,25.29074],[83.00429,25.29073],[83.00463,25.29125]]]}},{"type":"Feature","properties":{"n":0,"np":1,"gz":0.93,"hot":0},"geometry":{"type":"Polygon","coordinates":[[[83.00465,25.29229],[83.00432,25.29282],[83.00366,25.29283],[83.00332,25.29231],[83.00364,25.29178],[83.00431,25.29177],[83.00465,25.29229]]]}},{"type":"Feature","properties":{"n":4,"np":0,"gz":0.61,"hot":0},"geometry":{"type":"Polygon","coordinates":[[[83.00471,25.29646],[83.00439,25.29698],[83.00373,25.29699],[83.00339,25.29648],[83.00371,25.29595],[83.00437,25.29594],[83.00471,25.29646]]]}},{"type":"Feature","properties":{"n":2,"np":0,"gz":1.42,"hot":0},"geometry":{"type":"Polygon","coordinates":[[[83.00473,25.2975],[83.00441,25.29803],[83.00375,25.29804],[83.00341,25.29752],[83.00373,25.29699],[83.00439,25.29698],[83.00473,25.2975]]]}},{"type":"Feature","properties":{"n":3,"np":0,"gz":2.71,"hot":0},"geometry":{"type":"Polygon","coordinates":[[[83.00475,25.29854],[83.00443,25.29907],[83.00376,25.29908],[83.00342,25.29856],[83.00375,25.29804],[83.00441,25.29803],[83.00475,25.29854]]]}},{"type":"Feature","properties":{"n":2,"np":0,"gz":2.22,"hot":0},"geometry":{"type":"Polygon","coordinates":[[[83.00477,25.29959],[83.00444,25.30011],[83.00378,25.30012],[83.00344,25.2996],[83.00376,25.29908],[83.00443,25.29907],[83.00477,25.29959]]]}},{"type":"Feature","properties":{"n":1,"np":0,"gz":0.93,"hot":0},"geometry":{"type":"Polygon","coordinates":[[[83.00482,25.30271],[83.00449,25.30324],[83.00383,25.30325],[83.00349,25.30273],[83.00382,25.3022],[83.00448,25.3022],[83.00482,25.30271]]]}},{"type":"Feature","properties":{"n":3,"np":0,"gz":0.29,"hot":0},"geometry":{"type":"Polygon","coordinates":[[[83.00485,25.3048],[83.00453,25.30532],[83.00387,25.30533],[83.00353,25.30481],[83.00385,25.30429],[83.00451,25.30428],[83.00485,25.3048]]]}},{"type":"Feature","properties":{"n":2,"np":1,"gz":1.58,"hot":0},"geometry":{"type":"Polygon","coordinates":[[[83.00489,25.30688],[83.00456,25.30741],[83.0039,25.30741],[83.00356,25.3069],[83.00388,25.30637],[83.00455,25.30636],[83.00489,25.30688]]]}},{"type":"Feature","properties":{"n":2,"np":2,"gz":1.58,"hot":0},"geometry":{"type":"Polygon","coordinates":[[[83.0049,25.30792],[83.00458,25.30845],[83.00392,25.30846],[83.00358,25.30794],[83.0039,25.30741],[83.00456,25.30741],[83.0049,25.30792]]]}},{"type":"Feature","properties":{"n":1,"np":1,"gz":1.58,"hot":0},"geometry":{"type":"Polygon","coordinates":[[[83.00492,25.30896],[83.0046,25.30949],[83.00394,25.3095],[83.0036,25.30898],[83.00392,25.30846],[83.00458,25.30845],[83.00492,25.30896]]]}},{"type":"Feature","properties":{"n":1,"np":1,"gz":2.22,"hot":0},"geometry":{"type":"Polygon","coordinates":[[[83.00494,25.31001],[83.00461,25.31053],[83.00395,25.31054],[83.00361,25.31002],[83.00394,25.3095],[83.0046,25.30949],[83.00494,25.31001]]]}},{"type":"Feature","properties":{"n":2,"np":2,"gz":2.54,"hot":0},"geometry":{"type":"Polygon","coordinates":[[[83.00495,25.31105],[83.00463,25.31157],[83.00397,25.31158],[83.00363,25.31107],[83.00395,25.31054],[83.00461,25.31053],[83.00495,25.31105]]]}},{"type":"Feature","properties":{"n":1,"np":1,"gz":1.26,"hot":0},"geometry":{"type":"Polygon","coordinates":[[[83.00497,25.31209],[83.00465,25.31262],[83.00399,25.31263],[83.00365,25.31211],[83.00397,25.31158],[83.00463,25.31157],[83.00497,25.31209]]]}},{"type":"Feature","properties":{"n":1,"np":0,"gz":-0.03,"hot":0},"geometry":{"type":"Polygon","coordinates":[[[83.00499,25.31313],[83.00467,25.31366],[83.004,25.31367],[83.00366,25.31315],[83.00399,25.31263],[83.00465,25.31262],[83.00499,25.31313]]]}},{"type":"Feature","properties":{"n":1,"np":1,"gz":1.58,"hot":0},"geometry":{"type":"Polygon","coordinates":[[[83.00502,25.31522],[83.0047,25.31574],[83.00404,25.31575],[83.0037,25.31524],[83.00402,25.31471],[83.00468,25.3147],[83.00502,25.31522]]]}},{"type":"Feature","properties":{"n":3,"np":2,"gz":0.77,"hot":0},"geometry":{"type":"Polygon","coordinates":[[[83.00506,25.3173],[83.00473,25.31783],[83.00407,25.31784],[83.00373,25.31732],[83.00406,25.31679],[83.00472,25.31679],[83.00506,25.3173]]]}},{"type":"Feature","properties":{"n":1,"np":1,"gz":0.29,"hot":0},"geometry":{"type":"Polygon","coordinates":[[[83.00511,25.32043],[83.00479,25.32095],[83.00412,25.32096],[83.00378,25.32045],[83.00411,25.31992],[83.00477,25.31991],[83.00511,25.32043]]]}},{"type":"Feature","properties":{"n":1,"np":1,"gz":-0.19,"hot":0},"geometry":{"type":"Polygon","coordinates":[[[83.00514,25.32251],[83.00482,25.32304],[83.00416,25.32305],[83.00382,25.32253],[83.00414,25.322],[83.0048,25.322],[83.00514,25.32251]]]}},{"type":"Feature","properties":{"n":5,"np":5,"gz":1.26,"hot":0},"geometry":{"type":"Polygon","coordinates":[[[83.00521,25.32668],[83.00489,25.32721],[83.00423,25.32722],[83.00389,25.3267],[83.00421,25.32617],[83.00487,25.32616],[83.00521,25.32668]]]}},{"type":"Feature","properties":{"n":2,"np":0,"gz":1.42,"hot":0},"geometry":{"type":"Polygon","coordinates":[[[83.00523,25.32772],[83.00491,25.32825],[83.00424,25.32826],[83.0039,25.32774],[83.00423,25.32722],[83.00489,25.32721],[83.00523,25.32772]]]}},{"type":"Feature","properties":{"n":2,"np":2,"gz":0.29,"hot":0},"geometry":{"type":"Polygon","coordinates":[[[83.00525,25.32877],[83.00492,25.32929],[83.00426,25.3293],[83.00392,25.32878],[83.00424,25.32826],[83.00491,25.32825],[83.00525,25.32877]]]}},{"type":"Feature","properties":{"n":1,"np":0,"gz":-0.03,"hot":0},"geometry":{"type":"Polygon","coordinates":[[[83.00526,25.32981],[83.00494,25.33033],[83.00428,25.33034],[83.00394,25.32983],[83.00426,25.3293],[83.00492,25.32929],[83.00526,25.32981]]]}},{"type":"Feature","properties":{"n":1,"np":1,"gz":0.13,"hot":0},"geometry":{"type":"Polygon","coordinates":[[[83.00535,25.33502],[83.00503,25.33554],[83.00436,25.33555],[83.00402,25.33504],[83.00435,25.33451],[83.00501,25.3345],[83.00535,25.33502]]]}},{"type":"Feature","properties":{"n":3,"np":3,"gz":0.61,"hot":0},"geometry":{"type":"Polygon","coordinates":[[[83.00537,25.33606],[83.00504,25.33659],[83.00438,25.33659],[83.00404,25.33608],[83.00436,25.33555],[83.00503,25.33554],[83.00537,25.33606]]]}},{"type":"Feature","properties":{"n":1,"np":1,"gz":0.45,"hot":0},"geometry":{"type":"Polygon","coordinates":[[[83.00538,25.3371],[83.00506,25.33763],[83.0044,25.33764],[83.00406,25.33712],[83.00438,25.33659],[83.00504,25.33659],[83.00538,25.3371]]]}},{"type":"Feature","properties":{"n":1,"np":0,"gz":-0.35,"hot":0},"geometry":{"type":"Polygon","coordinates":[[[83.00534,25.27404],[83.00502,25.27457],[83.00435,25.27457],[83.00401,25.27406],[83.00434,25.27353],[83.005,25.27352],[83.00534,25.27404]]]}},{"type":"Feature","properties":{"n":1,"np":0,"gz":-0.03,"hot":0},"geometry":{"type":"Polygon","coordinates":[[[83.00539,25.27717],[83.00507,25.27769],[83.00441,25.2777],[83.00407,25.27718],[83.00439,25.27666],[83.00505,25.27665],[83.00539,25.27717]]]}},{"type":"Feature","properties":{"n":1,"np":0,"gz":0.77,"hot":0},"geometry":{"type":"Polygon","coordinates":[[[83.00542,25.27925],[83.0051,25.27978],[83.00444,25.27978],[83.0041,25.27927],[83.00442,25.27874],[83.00508,25.27873],[83.00542,25.27925]]]}},{"type":"Feature","properties":{"n":5,"np":0,"gz":1.26,"hot":0},"geometry":{"type":"Polygon","coordinates":[[[83.00544,25.28029],[83.00512,25.28082],[83.00446,25.28083],[83.00412,25.28031],[83.00444,25.27978],[83.0051,25.27978],[83.00544,25.28029]]]}},{"type":"Feature","properties":{"n":3,"np":0,"gz":0.29,"hot":0},"geometry":{"type":"Polygon","coordinates":[[[83.00553,25.2855],[83.0052,25.28603],[83.00454,25.28604],[83.0042,25.28552],[83.00453,25.285],[83.00519,25.28499],[83.00553,25.2855]]]}},{"type":"Feature","properties":{"n":1,"np":0,"gz":0.93,"hot":0},"geometry":{"type":"Polygon","coordinates":[[[83.00558,25.28863],[83.00526,25.28916],[83.00459,25.28916],[83.00425,25.28865],[83.00458,25.28812],[83.00524,25.28811],[83.00558,25.28863]]]}},{"type":"Feature","properties":{"n":0,"np":0,"gz":3.51,"hot":3},"geometry":{"type":"Polygon","coordinates":[[[83.0056,25.28967],[83.00527,25.2902],[83.00461,25.29021],[83.00427,25.28969],[83.00459,25.28916],[83.00526,25.28916],[83.0056,25.28967]]]}},{"type":"Feature","properties":{"n":1,"np":0,"gz":4.16,"hot":3},"geometry":{"type":"Polygon","coordinates":[[[83.00561,25.29071],[83.00529,25.29124],[83.00463,25.29125],[83.00429,25.29073],[83.00461,25.29021],[83.00527,25.2902],[83.00561,25.29071]]]}},{"type":"Feature","properties":{"n":2,"np":0,"gz":2.22,"hot":0},"geometry":{"type":"Polygon","coordinates":[[[83.00563,25.29176],[83.00531,25.29228],[83.00465,25.29229],[83.00431,25.29177],[83.00463,25.29125],[83.00529,25.29124],[83.00563,25.29176]]]}},{"type":"Feature","properties":{"n":3,"np":0,"gz":0.93,"hot":0},"geometry":{"type":"Polygon","coordinates":[[[83.00565,25.2928],[83.00532,25.29332],[83.00466,25.29333],[83.00432,25.29282],[83.00465,25.29229],[83.00531,25.29228],[83.00565,25.2928]]]}},{"type":"Feature","properties":{"n":1,"np":0,"gz":2.38,"hot":0},"geometry":{"type":"Polygon","coordinates":[[[83.00572,25.29697],[83.00539,25.29749],[83.00473,25.2975],[83.00439,25.29698],[83.00471,25.29646],[83.00538,25.29645],[83.00572,25.29697]]]}},{"type":"Feature","properties":{"n":2,"np":0,"gz":3.35,"hot":3},"geometry":{"type":"Polygon","coordinates":[[[83.00573,25.29801],[83.00541,25.29853],[83.00475,25.29854],[83.00441,25.29803],[83.00473,25.2975],[83.00539,25.29749],[83.00573,25.29801]]]}},{"type":"Feature","properties":{"n":6,"np":1,"gz":3.35,"hot":3},"geometry":{"type":"Polygon","coordinates":[[[83.00575,25.29905],[83.00543,25.29958],[83.00477,25.29959],[83.00443,25.29907],[83.00475,25.29854],[83.00541,25.29853],[83.00575,25.29905]]]}},{"type":"Feature","properties":{"n":1,"np":0,"gz":3.03,"hot":0},"geometry":{"type":"Polygon","coordinates":[[[83.00577,25.30009],[83.00544,25.30062],[83.00478,25.30063],[83.00444,25.30011],[83.00477,25.29959],[83.00543,25.29958],[83.00577,25.30009]]]}},{"type":"Feature","properties":{"n":5,"np":0,"gz":2.38,"hot":0},"geometry":{"type":"Polygon","coordinates":[[[83.00578,25.30114],[83.00546,25.30166],[83.0048,25.30167],[83.00446,25.30115],[83.00478,25.30063],[83.00544,25.30062],[83.00578,25.30114]]]}},{"type":"Feature","properties":{"n":3,"np":0,"gz":3.51,"hot":3},"geometry":{"type":"Polygon","coordinates":[[[83.0058,25.30218],[83.00548,25.3027],[83.00482,25.30271],[83.00448,25.3022],[83.0048,25.30167],[83.00546,25.30166],[83.0058,25.30218]]]}},{"type":"Feature","properties":{"n":4,"np":0,"gz":2.87,"hot":0},"geometry":{"type":"Polygon","coordinates":[[[83.00582,25.30322],[83.0055,25.30374],[83.00483,25.30375],[83.00449,25.30324],[83.00482,25.30271],[83.00548,25.3027],[83.00582,25.30322]]]}},{"type":"Feature","properties":{"n":2,"np":0,"gz":1.74,"hot":0},"geometry":{"type":"Polygon","coordinates":[[[83.00584,25.30426],[83.00551,25.30479],[83.00485,25.3048],[83.00451,25.30428],[83.00483,25.30375],[83.0055,25.30374],[83.00584,25.30426]]]}},{"type":"Feature","properties":{"n":4,"np":1,"gz":2.71,"hot":0},"geometry":{"type":"Polygon","coordinates":[[[83.00587,25.30635],[83.00555,25.30687],[83.00489,25.30688],[83.00455,25.30636],[83.00487,25.30584],[83.00553,25.30583],[83.00587,25.30635]]]}},{"type":"Feature","properties":{"n":1,"np":0,"gz":2.87,"hot":0},"geometry":{"type":"Polygon","coordinates":[[[83.00589,25.30739],[83.00556,25.30791],[83.0049,25.30792],[83.00456,25.30741],[83.00489,25.30688],[83.00555,25.30687],[83.00589,25.30739]]]}},{"type":"Feature","properties":{"n":1,"np":0,"gz":1.9,"hot":0},"geometry":{"type":"Polygon","coordinates":[[[83.0059,25.30843],[83.00558,25.30896],[83.00492,25.30896],[83.00458,25.30845],[83.0049,25.30792],[83.00556,25.30791],[83.0059,25.30843]]]}},{"type":"Feature","properties":{"n":3,"np":2,"gz":2.06,"hot":0},"geometry":{"type":"Polygon","coordinates":[[[83.00592,25.30947],[83.0056,25.31],[83.00494,25.31001],[83.0046,25.30949],[83.00492,25.30896],[83.00558,25.30896],[83.00592,25.30947]]]}},{"type":"Feature","properties":{"n":5,"np":5,"gz":2.71,"hot":0},"geometry":{"type":"Polygon","coordinates":[[[83.00594,25.31051],[83.00562,25.31104],[83.00495,25.31105],[83.00461,25.31053],[83.00494,25.31001],[83.0056,25.31],[83.00594,25.31051]]]}},{"type":"Feature","properties":{"n":4,"np":1,"gz":2.06,"hot":0},"geometry":{"type":"Polygon","coordinates":[[[83.00596,25.31156],[83.00563,25.31208],[83.00497,25.31209],[83.00463,25.31157],[83.00495,25.31105],[83.00562,25.31104],[83.00596,25.31156]]]}},{"type":"Feature","properties":{"n":1,"np":0,"gz":0.77,"hot":0},"geometry":{"type":"Polygon","coordinates":[[[83.00597,25.3126],[83.00565,25.31312],[83.00499,25.31313],[83.00465,25.31262],[83.00497,25.31209],[83.00563,25.31208],[83.00597,25.3126]]]}},{"type":"Feature","properties":{"n":4,"np":4,"gz":1.1,"hot":0},"geometry":{"type":"Polygon","coordinates":[[[83.00602,25.31573],[83.0057,25.31625],[83.00504,25.31626],[83.0047,25.31574],[83.00502,25.31522],[83.00568,25.31521],[83.00602,25.31573]]]}},{"type":"Feature","properties":{"n":3,"np":2,"gz":2.22,"hot":0},"geometry":{"type":"Polygon","coordinates":[[[83.00604,25.31677],[83.00572,25.31729],[83.00506,25.3173],[83.00472,25.31679],[83.00504,25.31626],[83.0057,25.31625],[83.00604,25.31677]]]}},{"type":"Feature","properties":{"n":0,"np":1,"gz":2.71,"hot":0},"geometry":{"type":"Polygon","coordinates":[[[83.00606,25.31781],[83.00574,25.31833],[83.00507,25.31834],[83.00473,25.31783],[83.00506,25.3173],[83.00572,25.31729],[83.00606,25.31781]]]}},{"type":"Feature","properties":{"n":2,"np":2,"gz":0.29,"hot":0},"geometry":{"type":"Polygon","coordinates":[[[83.00609,25.31989],[83.00577,25.32042],[83.00511,25.32043],[83.00477,25.31991],[83.00509,25.31939],[83.00575,25.31938],[83.00609,25.31989]]]}},{"type":"Feature","properties":{"n":1,"np":0,"gz":0.45,"hot":0},"geometry":{"type":"Polygon","coordinates":[[[83.00611,25.32094],[83.00579,25.32146],[83.00513,25.32147],[83.00479,25.32095],[83.00511,25.32043],[83.00577,25.32042],[83.00611,25.32094]]]}},{"type":"Feature","properties":{"n":0,"np":1,"gz":-0.35,"hot":0},"geometry":{"type":"Polygon","coordinates":[[[83.00614,25.32302],[83.00582,25.32355],[83.00516,25.32355],[83.00482,25.32304],[83.00514,25.32251],[83.0058,25.3225],[83.00614,25.32302]]]}},{"type":"Feature","properties":{"n":3,"np":2,"gz":1.1,"hot":0},"geometry":{"type":"Polygon","coordinates":[[[83.00621,25.32719],[83.00589,25.32771],[83.00523,25.32772],[83.00489,25.32721],[83.00521,25.32668],[83.00587,25.32667],[83.00621,25.32719]]]}},{"type":"Feature","properties":{"n":2,"np":0,"gz":-0.03,"hot":0},"geometry":{"type":"Polygon","coordinates":[[[83.00637,25.27663],[83.00605,25.27716],[83.00539,25.27717],[83.00505,25.27665],[83.00537,25.27612],[83.00603,25.27611],[83.00637,25.27663]]]}},{"type":"Feature","properties":{"n":1,"np":0,"gz":-0.03,"hot":0},"geometry":{"type":"Polygon","coordinates":[[[83.00641,25.27872],[83.00609,25.27924],[83.00542,25.27925],[83.00508,25.27873],[83.00541,25.27821],[83.00607,25.2782],[83.00641,25.27872]]]}},{"type":"Feature","properties":{"n":3,"np":0,"gz":0.77,"hot":0},"geometry":{"type":"Polygon","coordinates":[[[83.00644,25.2808],[83.00612,25.28133],[83.00546,25.28133],[83.00512,25.28082],[83.00544,25.28029],[83.0061,25.28028],[83.00644,25.2808]]]}},{"type":"Feature","properties":{"n":2,"np":0,"gz":-0.03,"hot":0},"geometry":{"type":"Polygon","coordinates":[[[83.00655,25.28705],[83.00622,25.28758],[83.00556,25.28759],[83.00522,25.28707],[83.00554,25.28655],[83.00621,25.28654],[83.00655,25.28705]]]}},{"type":"Feature","properties":{"n":1,"np":0,"gz":1.1,"hot":0},"geometry":{"type":"Polygon","coordinates":[[[83.00656,25.28809],[83.00624,25.28862],[83.00558,25.28863],[83.00524,25.28811],[83.00556,25.28759],[83.00622,25.28758],[83.00656,25.28809]]]}},{"type":"Feature","properties":{"n":5,"np":1,"gz":3.35,"hot":3},"geometry":{"type":"Polygon","coordinates":[[[83.00658,25.28914],[83.00626,25.28966],[83.0056,25.28967],[83.00526,25.28916],[83.00558,25.28863],[83.00624,25.28862],[83.00658,25.28914]]]}},{"type":"Feature","properties":{"n":16,"np":12,"gz":3.99,"hot":3},"geometry":{"type":"Polygon","coordinates":[[[83.0066,25.29018],[83.00627,25.2907],[83.00561,25.29071],[83.00527,25.2902],[83.0056,25.28967],[83.00626,25.28966],[83.0066,25.29018]]]}},{"type":"Feature","properties":{"n":6,"np":3,"gz":3.67,"hot":3},"geometry":{"type":"Polygon","coordinates":[[[83.00661,25.29122],[83.00629,25.29175],[83.00563,25.29176],[83.00529,25.29124],[83.00561,25.29071],[83.00627,25.2907],[83.00661,25.29122]]]}},{"type":"Feature","properties":{"n":1,"np":0,"gz":2.38,"hot":0},"geometry":{"type":"Polygon","coordinates":[[[83.00663,25.29226],[83.00631,25.29279],[83.00565,25.2928],[83.00531,25.29228],[83.00563,25.29176],[83.00629,25.29175],[83.00663,25.29226]]]}},{"type":"Feature","properties":{"n":3,"np":0,"gz":1.9,"hot":0},"geometry":{"type":"Polygon","coordinates":[[[83.00665,25.29331],[83.00633,25.29383],[83.00566,25.29384],[83.00532,25.29332],[83.00565,25.2928],[83.00631,25.29279],[83.00665,25.29331]]]}},{"type":"Feature","properties":{"n":4,"np":2,"gz":1.26,"hot":0},"geometry":{"type":"Polygon","coordinates":[[[83.00667,25.29435],[83.00634,25.29487],[83.00568,25.29488],[83.00534,25.29437],[83.00566,25.29384],[83.00633,25.29383],[83.00667,25.29435]]]}},{"type":"Feature","properties":{"n":3,"np":0,"gz":2.38,"hot":0},"geometry":{"type":"Polygon","coordinates":[[[83.00668,25.29539],[83.00636,25.29592],[83.0057,25.29592],[83.00536,25.29541],[83.00568,25.29488],[83.00634,25.29487],[83.00668,25.29539]]]}},{"type":"Feature","properties":{"n":5,"np":0,"gz":3.51,"hot":3},"geometry":{"type":"Polygon","coordinates":[[[83.0067,25.29643],[83.00638,25.29696],[83.00572,25.29697],[83.00538,25.29645],[83.0057,25.29592],[83.00636,25.29592],[83.0067,25.29643]]]}},{"type":"Feature","properties":{"n":4,"np":0,"gz":4.64,"hot":3},"geometry":{"type":"Polygon","coordinates":[[[83.00672,25.29747],[83.00639,25.298],[83.00573,25.29801],[83.00539,25.29749],[83.00572,25.29697],[83.00638,25.29696],[83.00672,25.29747]]]}},{"type":"Feature","properties":{"n":6,"np":0,"gz":5.93,"hot":3},"geometry":{"type":"Polygon","coordinates":[[[83.00673,25.29852],[83.00641,25.29904],[83.00575,25.29905],[83.00541,25.29853],[83.00573,25.29801],[83.00639,25.298],[83.00673,25.29852]]]}},{"type":"Feature","properties":{"n":4,"np":0,"gz":6.73,"hot":3},"geometry":{"type":"Polygon","coordinates":[[[83.00675,25.29956],[83.00643,25.30008],[83.00577,25.30009],[83.00543,25.29958],[83.00575,25.29905],[83.00641,25.29904],[83.00675,25.29956]]]}},{"type":"Feature","properties":{"n":4,"np":0,"gz":6.57,"hot":3},"geometry":{"type":"Polygon","coordinates":[[[83.00677,25.3006],[83.00645,25.30113],[83.00578,25.30114],[83.00544,25.30062],[83.00577,25.30009],[83.00643,25.30008],[83.00677,25.3006]]]}},{"type":"Feature","properties":{"n":5,"np":0,"gz":7.86,"hot":3},"geometry":{"type":"Polygon","coordinates":[[[83.00679,25.30164],[83.00646,25.30217],[83.0058,25.30218],[83.00546,25.30166],[83.00578,25.30114],[83.00645,25.30113],[83.00679,25.30164]]]}},{"type":"Feature","properties":{"n":7,"np":0,"gz":7.06,"hot":3},"geometry":{"type":"Polygon","coordinates":[[[83.0068,25.30268],[83.00648,25.30321],[83.00582,25.30322],[83.00548,25.3027],[83.0058,25.30218],[83.00646,25.30217],[83.0068,25.30268]]]}},{"type":"Feature","properties":{"n":4,"np":1,"gz":4.32,"hot":3},"geometry":{"type":"Polygon","coordinates":[[[83.00682,25.30373],[83.0065,25.30425],[83.00584,25.30426],[83.0055,25.30374],[83.00582,25.30322],[83.00648,25.30321],[83.00682,25.30373]]]}},{"type":"Feature","properties":{"n":1,"np":0,"gz":4.32,"hot":3},"geometry":{"type":"Polygon","coordinates":[[[83.00684,25.30477],[83.00651,25.30529],[83.00585,25.3053],[83.00551,25.30479],[83.00584,25.30426],[83.0065,25.30425],[83.00684,25.30477]]]}},{"type":"Feature","properties":{"n":6,"np":4,"gz":6.41,"hot":3},"geometry":{"type":"Polygon","coordinates":[[[83.00685,25.30581],[83.00653,25.30634],[83.00587,25.30635],[83.00553,25.30583],[83.00585,25.3053],[83.00651,25.30529],[83.00685,25.30581]]]}},{"type":"Feature","properties":{"n":7,"np":5,"gz":5.77,"hot":3},"geometry":{"type":"Polygon","coordinates":[[[83.00687,25.30685],[83.00655,25.30738],[83.00589,25.30739],[83.00555,25.30687],[83.00587,25.30635],[83.00653,25.30634],[83.00687,25.30685]]]}},{"type":"Feature","properties":{"n":4,"np":0,"gz":4.96,"hot":3},"geometry":{"type":"Polygon","coordinates":[[[83.00689,25.3079],[83.00657,25.30842],[83.0059,25.30843],[83.00556,25.30791],[83.00589,25.30739],[83.00655,25.30738],[83.00689,25.3079]]]}},{"type":"Feature","properties":{"n":3,"np":1,"gz":4.64,"hot":3},"geometry":{"type":"Polygon","coordinates":[[[83.00691,25.30894],[83.00658,25.30946],[83.00592,25.30947],[83.00558,25.30896],[83.0059,25.30843],[83.00657,25.30842],[83.00691,25.30894]]]}},{"type":"Feature","properties":{"n":2,"np":0,"gz":4.64,"hot":3},"geometry":{"type":"Polygon","coordinates":[[[83.00692,25.30998],[83.0066,25.31051],[83.00594,25.31051],[83.0056,25.31],[83.00592,25.30947],[83.00658,25.30946],[83.00692,25.30998]]]}},{"type":"Feature","properties":{"n":3,"np":2,"gz":3.51,"hot":3},"geometry":{"type":"Polygon","coordinates":[[[83.00694,25.31102],[83.00662,25.31155],[83.00596,25.31156],[83.00562,25.31104],[83.00594,25.31051],[83.0066,25.31051],[83.00694,25.31102]]]}},{"type":"Feature","properties":{"n":0,"np":1,"gz":1.1,"hot":0},"geometry":{"type":"Polygon","coordinates":[[[83.00696,25.31206],[83.00663,25.31259],[83.00597,25.3126],[83.00563,25.31208],[83.00596,25.31156],[83.00662,25.31155],[83.00696,25.31206]]]}},{"type":"Feature","properties":{"n":1,"np":0,"gz":-0.03,"hot":0},"geometry":{"type":"Polygon","coordinates":[[[83.00697,25.31311],[83.00665,25.31363],[83.00599,25.31364],[83.00565,25.31312],[83.00597,25.3126],[83.00663,25.31259],[83.00697,25.31311]]]}},{"type":"Feature","properties":{"n":2,"np":1,"gz":3.03,"hot":0},"geometry":{"type":"Polygon","coordinates":[[[83.00703,25.31623],[83.0067,25.31676],[83.00604,25.31677],[83.0057,25.31625],[83.00602,25.31573],[83.00669,25.31572],[83.00703,25.31623]]]}},{"type":"Feature","properties":{"n":5,"np":3,"gz":3.51,"hot":3},"geometry":{"type":"Polygon","coordinates":[[[83.00704,25.31727],[83.00672,25.3178],[83.00606,25.31781],[83.00572,25.31729],[83.00604,25.31677],[83.0067,25.31676],[83.00704,25.31727]]]}},{"type":"Feature","properties":{"n":9,"np":3,"gz":2.71,"hot":0},"geometry":{"type":"Polygon","coordinates":[[[83.00706,25.31832],[83.00674,25.31884],[83.00608,25.31885],[83.00574,25.31833],[83.00606,25.31781],[83.00672,25.3178],[83.00706,25.31832]]]}},{"type":"Feature","properties":{"n":1,"np":1,"gz":0.45,"hot":0},"geometry":{"type":"Polygon","coordinates":[[[83.00709,25.3204],[83.00677,25.32093],[83.00611,25.32094],[83.00577,25.32042],[83.00609,25.31989],[83.00675,25.31988],[83.00709,25.3204]]]}},{"type":"Feature","properties":{"n":1,"np":2,"gz":-0.03,"hot":0},"geometry":{"type":"Polygon","coordinates":[[[83.00711,25.32144],[83.00679,25.32197],[83.00613,25.32198],[83.00579,25.32146],[83.00611,25.32094],[83.00677,25.32093],[83.00711,25.32144]]]}},{"type":"Feature","properties":{"n":2,"np":2,"gz":-0.03,"hot":0},"geometry":{"type":"Polygon","coordinates":[[[83.00716,25.32457],[83.00684,25.3251],[83.00618,25.3251],[83.00584,25.32459],[83.00616,25.32406],[83.00682,25.32405],[83.00716,25.32457]]]}},{"type":"Feature","properties":{"n":1,"np":1,"gz":-0.03,"hot":0},"geometry":{"type":"Polygon","coordinates":[[[83.00718,25.32561],[83.00686,25.32614],[83.0062,25.32615],[83.00586,25.32563],[83.00618,25.3251],[83.00684,25.3251],[83.00718,25.32561]]]}},{"type":"Feature","properties":{"n":1,"np":0,"gz":-0.35,"hot":0},"geometry":{"type":"Polygon","coordinates":[[[83.00715,25.26359],[83.00683,25.26412],[83.00617,25.26413],[83.00583,25.26361],[83.00615,25.26308],[83.00681,25.26307],[83.00715,25.26359]]]}},{"type":"Feature","properties":{"n":1,"np":0,"gz":-0.19,"hot":0},"geometry":{"type":"Polygon","coordinates":[[[83.00741,25.27922],[83.00709,25.27975],[83.00643,25.27976],[83.00609,25.27924],[83.00641,25.27872],[83.00707,25.27871],[83.00741,25.27922]]]}},{"type":"Feature","properties":{"n":1,"np":0,"gz":0.13,"hot":0},"geometry":{"type":"Polygon","coordinates":[[[83.00748,25.28339],[83.00716,25.28392],[83.00649,25.28393],[83.00615,25.28341],[83.00648,25.28288],[83.00714,25.28288],[83.00748,25.28339]]]}},{"type":"Feature","properties":{"n":3,"np":0,"gz":0.13,"hot":0},"geometry":{"type":"Polygon","coordinates":[[[83.00749,25.28443],[83.00717,25.28496],[83.00651,25.28497],[83.00617,25.28445],[83.00649,25.28393],[83.00716,25.28392],[83.00749,25.28443]]]}},{"type":"Feature","properties":{"n":1,"np":0,"gz":0.61,"hot":0},"geometry":{"type":"Polygon","coordinates":[[[83.00756,25.2886],[83.00724,25.28913],[83.00658,25.28914],[83.00624,25.28862],[83.00656,25.28809],[83.00722,25.28809],[83.00756,25.2886]]]}},{"type":"Feature","properties":{"n":3,"np":1,"gz":0.77,"hot":0},"geometry":{"type":"Polygon","coordinates":[[[83.00763,25.29277],[83.00731,25.2933],[83.00665,25.29331],[83.00631,25.29279],[83.00663,25.29226],[83.00729,25.29225],[83.00763,25.29277]]]}},{"type":"Feature","properties":{"n":1,"np":1,"gz":1.26,"hot":0},"geometry":{"type":"Polygon","coordinates":[[[83.00765,25.29381],[83.00733,25.29434],[83.00667,25.29435],[83.00633,25.29383],[83.00665,25.29331],[83.00731,25.2933],[83.00765,25.29381]]]}},{"type":"Feature","properties":{"n":6,"np":6,"gz":2.71,"hot":0},"geometry":{"type":"Polygon","coordinates":[[[83.00768,25.2959],[83.00736,25.29642],[83.0067,25.29643],[83.00636,25.29592],[83.00668,25.29539],[83.00734,25.29538],[83.00768,25.2959]]]}},{"type":"Feature","properties":{"n":6,"np":4,"gz":4.16,"hot":3},"geometry":{"type":"Polygon","coordinates":[[[83.0077,25.29694],[83.00738,25.29747],[83.00672,25.29747],[83.00638,25.29696],[83.0067,25.29643],[83.00736,25.29642],[83.0077,25.29694]]]}},{"type":"Feature","properties":{"n":8,"np":5,"gz":4.96,"hot":3},"geometry":{"type":"Polygon","coordinates":[[[83.00772,25.29798],[83.0074,25.29851],[83.00673,25.29852],[83.00639,25.298],[83.00672,25.29747],[83.00738,25.29747],[83.00772,25.29798]]]}},{"type":"Feature","properties":{"n":10,"np":4,"gz":6.25,"hot":3},"geometry":{"type":"Polygon","coordinates":[[[83.00774,25.29902],[83.00741,25.29955],[83.00675,25.29956],[83.00641,25.29904],[83.00673,25.29852],[83.0074,25.29851],[83.00774,25.29902]]]}},{"type":"Feature","properties":{"n":14,"np":7,"gz":6.41,"hot":3},"geometry":{"type":"Polygon","coordinates":[[[83.00775,25.30007],[83.00743,25.30059],[83.00677,25.3006],[83.00643,25.30008],[83.00675,25.29956],[83.00741,25.29955],[83.00775,25.30007]]]}},{"type":"Feature","properties":{"n":11,"np":3,"gz":7.7,"hot":3},"geometry":{"type":"Polygon","coordinates":[[[83.00777,25.30111],[83.00745,25.30163],[83.00679,25.30164],[83.00645,25.30113],[83.00677,25.3006],[83.00743,25.30059],[83.00777,25.30111]]]}},{"type":"Feature","properties":{"n":17,"np":9,"gz":7.22,"hot":3},"geometry":{"type":"Polygon","coordinates":[[[83.00779,25.30215],[83.00746,25.30268],[83.0068,25.30268],[83.00646,25.30217],[83.00679,25.30164],[83.00745,25.30163],[83.00779,25.30215]]]}},{"type":"Feature","properties":{"n":7,"np":1,"gz":6.73,"hot":3},"geometry":{"type":"Polygon","coordinates":[[[83.0078,25.30319],[83.00748,25.30372],[83.00682,25.30373],[83.00648,25.30321],[83.0068,25.30268],[83.00746,25.30268],[83.0078,25.30319]]]}},{"type":"Feature","properties":{"n":5,"np":2,"gz":8.18,"hot":3},"geometry":{"type":"Polygon","coordinates":[[[83.00782,25.30423],[83.0075,25.30476],[83.00684,25.30477],[83.0065,25.30425],[83.00682,25.30373],[83.00748,25.30372],[83.00782,25.30423]]]}},{"type":"Feature","properties":{"n":12,"np":8,"gz":9.79,"hot":3},"geometry":{"type":"Polygon","coordinates":[[[83.00784,25.30528],[83.00752,25.3058],[83.00685,25.30581],[83.00651,25.30529],[83.00684,25.30477],[83.0075,25.30476],[83.00784,25.30528]]]}},{"type":"Feature","properties":{"n":13,"np":9,"gz":8.5,"hot":3},"geometry":{"type":"Polygon","coordinates":[[[83.00786,25.30632],[83.00753,25.30684],[83.00687,25.30685],[83.00653,25.30634],[83.00685,25.30581],[83.00752,25.3058],[83.00786,25.30632]]]}},{"type":"Feature","properties":{"n":4,"np":4,"gz":8.67,"hot":3},"geometry":{"type":"Polygon","coordinates":[[[83.00787,25.30736],[83.00755,25.30789],[83.00689,25.3079],[83.00655,25.30738],[83.00687,25.30685],[83.00753,25.30684],[83.00787,25.30736]]]}},{"type":"Feature","properties":{"n":14,"np":7,"gz":6.25,"hot":3},"geometry":{"type":"Polygon","coordinates":[[[83.00789,25.3084],[83.00757,25.30893],[83.00691,25.30894],[83.00657,25.30842],[83.00689,25.3079],[83.00755,25.30789],[83.00789,25.3084]]]}},{"type":"Feature","properties":{"n":5,"np":4,"gz":7.22,"hot":3},"geometry":{"type":"Polygon","coordinates":[[[83.00791,25.30945],[83.00758,25.30997],[83.00692,25.30998],[83.00658,25.30946],[83.00691,25.30894],[83.00757,25.30893],[83.00791,25.30945]]]}},{"type":"Feature","properties":{"n":11,"np":8,"gz":5.93,"hot":3},"geometry":{"type":"Polygon","coordinates":[[[83.00792,25.31049],[83.0076,25.31101],[83.00694,25.31102],[83.0066,25.31051],[83.00692,25.30998],[83.00758,25.30997],[83.00792,25.31049]]]}},{"type":"Feature","properties":{"n":0,"np":0,"gz":3.83,"hot":3},"geometry":{"type":"Polygon","coordinates":[[[83.00794,25.31153],[83.00762,25.31206],[83.00696,25.31206],[83.00662,25.31155],[83.00694,25.31102],[83.0076,25.31101],[83.00794,25.31153]]]}},{"type":"Feature","properties":{"n":1,"np":1,"gz":-0.03,"hot":0},"geometry":{"type":"Polygon","coordinates":[[[83.00796,25.31257],[83.00764,25.3131],[83.00697,25.31311],[83.00663,25.31259],[83.00696,25.31206],[83.00762,25.31206],[83.00796,25.31257]]]}},{"type":"Feature","properties":{"n":1,"np":1,"gz":0.77,"hot":0},"geometry":{"type":"Polygon","coordinates":[[[83.00799,25.31466],[83.00767,25.31518],[83.00701,25.31519],[83.00667,25.31467],[83.00699,25.31415],[83.00765,25.31414],[83.00799,25.31466]]]}},{"type":"Feature","properties":{"n":3,"np":2,"gz":4.32,"hot":3},"geometry":{"type":"Polygon","coordinates":[[[83.00801,25.3157],[83.00769,25.31622],[83.00703,25.31623],[83.00669,25.31572],[83.00701,25.31519],[83.00767,25.31518],[83.00801,25.3157]]]}},{"type":"Feature","properties":{"n":5,"np":3,"gz":4.96,"hot":3},"geometry":{"type":"Polygon","coordinates":[[[83.00803,25.31674],[83.0077,25.31727],[83.00704,25.31727],[83.0067,25.31676],[83.00703,25.31623],[83.00769,25.31622],[83.00803,25.31674]]]}},{"type":"Feature","properties":{"n":1,"np":3,"gz":3.99,"hot":3},"geometry":{"type":"Polygon","coordinates":[[[83.00804,25.31778],[83.00772,25.31831],[83.00706,25.31832],[83.00672,25.3178],[83.00704,25.31727],[83.0077,25.31727],[83.00804,25.31778]]]}},{"type":"Feature","properties":{"n":5,"np":1,"gz":2.54,"hot":0},"geometry":{"type":"Polygon","coordinates":[[[83.00806,25.31882],[83.00774,25.31935],[83.00708,25.31936],[83.00674,25.31884],[83.00706,25.31832],[83.00772,25.31831],[83.00806,25.31882]]]}},{"type":"Feature","properties":{"n":1,"np":0,"gz":0.77,"hot":0},"geometry":{"type":"Polygon","coordinates":[[[83.00808,25.31987],[83.00776,25.32039],[83.00709,25.3204],[83.00675,25.31988],[83.00708,25.31936],[83.00774,25.31935],[83.00808,25.31987]]]}},{"type":"Feature","properties":{"n":2,"np":2,"gz":0.29,"hot":0},"geometry":{"type":"Polygon","coordinates":[[[83.0082,25.32716],[83.00788,25.32769],[83.00721,25.3277],[83.00688,25.32718],[83.0072,25.32665],[83.00786,25.32664],[83.0082,25.32716]]]}},{"type":"Feature","properties":{"n":0,"np":1,"gz":3.35,"hot":3},"geometry":{"type":"Polygon","coordinates":[[[83.00874,25.29953],[83.00841,25.30006],[83.00775,25.30007],[83.00741,25.29955],[83.00774,25.29902],[83.0084,25.29901],[83.00874,25.29953]]]}},{"type":"Feature","properties":{"n":0,"np":0,"gz":3.51,"hot":3},"geometry":{"type":"Polygon","coordinates":[[[83.00875,25.30057],[83.00843,25.3011],[83.00777,25.30111],[83.00743,25.30059],[83.00775,25.30007],[83.00841,25.30006],[83.00875,25.30057]]]}},{"type":"Feature","properties":{"n":0,"np":2,"gz":4.16,"hot":3},"geometry":{"type":"Polygon","coordinates":[[[83.00877,25.30162],[83.00845,25.30214],[83.00779,25.30215],[83.00745,25.30163],[83.00777,25.30111],[83.00843,25.3011],[83.00877,25.30162]]]}},{"type":"Feature","properties":{"n":1,"np":3,"gz":4.16,"hot":3},"geometry":{"type":"Polygon","coordinates":[[[83.00879,25.30266],[83.00847,25.30318],[83.0078,25.30319],[83.00746,25.30268],[83.00779,25.30215],[83.00845,25.30214],[83.00879,25.30266]]]}},{"type":"Feature","properties":{"n":4,"np":4,"gz":5.77,"hot":3},"geometry":{"type":"Polygon","coordinates":[[[83.00881,25.3037],[83.00848,25.30423],[83.00782,25.30423],[83.00748,25.30372],[83.0078,25.30319],[83.00847,25.30318],[83.00881,25.3037]]]}},{"type":"Feature","properties":{"n":21,"np":6,"gz":8.83,"hot":3},"geometry":{"type":"Polygon","coordinates":[[[83.00882,25.30474],[83.0085,25.30527],[83.00784,25.30528],[83.0075,25.30476],[83.00782,25.30423],[83.00848,25.30423],[83.00882,25.30474]]]}},{"type":"Feature","properties":{"n":6,"np":4,"gz":14.63,"hot":3},"geometry":{"type":"Polygon","coordinates":[[[83.00884,25.30578],[83.00852,25.30631],[83.00786,25.30632],[83.00752,25.3058],[83.00784,25.30528],[83.0085,25.30527],[83.00884,25.30578]]]}},{"type":"Feature","properties":{"n":8,"np":4,"gz":11.4,"hot":3},"geometry":{"type":"Polygon","coordinates":[[[83.00886,25.30683],[83.00853,25.30735],[83.00787,25.30736],[83.00753,25.30684],[83.00786,25.30632],[83.00852,25.30631],[83.00886,25.30683]]]}},{"type":"Feature","properties":{"n":7,"np":5,"gz":10.12,"hot":3},"geometry":{"type":"Polygon","coordinates":[[[83.00887,25.30787],[83.00855,25.30839],[83.00789,25.3084],[83.00755,25.30789],[83.00787,25.30736],[83.00853,25.30735],[83.00887,25.30787]]]}},{"type":"Feature","properties":{"n":5,"np":6,"gz":9.63,"hot":3},"geometry":{"type":"Polygon","coordinates":[[[83.00889,25.30891],[83.00857,25.30944],[83.00791,25.30945],[83.00757,25.30893],[83.00789,25.3084],[83.00855,25.30839],[83.00889,25.30891]]]}},{"type":"Feature","properties":{"n":8,"np":5,"gz":7.54,"hot":3},"geometry":{"type":"Polygon","coordinates":[[[83.00891,25.30995],[83.00859,25.31048],[83.00792,25.31049],[83.00758,25.30997],[83.00791,25.30945],[83.00857,25.30944],[83.00891,25.30995]]]}},{"type":"Feature","properties":{"n":11,"np":5,"gz":5.61,"hot":3},"geometry":{"type":"Polygon","coordinates":[[[83.00893,25.31099],[83.0086,25.31152],[83.00794,25.31153],[83.0076,25.31101],[83.00792,25.31049],[83.00859,25.31048],[83.00893,25.31099]]]}},{"type":"Feature","properties":{"n":1,"np":0,"gz":2.22,"hot":0},"geometry":{"type":"Polygon","coordinates":[[[83.00894,25.31204],[83.00862,25.31256],[83.00796,25.31257],[83.00762,25.31206],[83.00794,25.31153],[83.0086,25.31152],[83.00894,25.31204]]]}},{"type":"Feature","properties":{"n":2,"np":2,"gz":0.29,"hot":0},"geometry":{"type":"Polygon","coordinates":[[[83.00898,25.31412],[83.00865,25.31465],[83.00799,25.31466],[83.00765,25.31414],[83.00798,25.31361],[83.00864,25.3136],[83.00898,25.31412]]]}},{"type":"Feature","properties":{"n":2,"np":0,"gz":3.99,"hot":3},"geometry":{"type":"Polygon","coordinates":[[[83.00899,25.31516],[83.00867,25.31569],[83.00801,25.3157],[83.00767,25.31518],[83.00799,25.31466],[83.00865,25.31465],[83.00899,25.31516]]]}},{"type":"Feature","properties":{"n":17,"np":9,"gz":4.96,"hot":3},"geometry":{"type":"Polygon","coordinates":[[[83.00901,25.31621],[83.00869,25.31673],[83.00803,25.31674],[83.00769,25.31622],[83.00801,25.3157],[83.00867,25.31569],[83.00901,25.31621]]]}},{"type":"Feature","properties":{"n":1,"np":0,"gz":5.44,"hot":3},"geometry":{"type":"Polygon","coordinates":[[[83.00903,25.31725],[83.00871,25.31777],[83.00804,25.31778],[83.0077,25.31727],[83.00803,25.31674],[83.00869,25.31673],[83.00903,25.31725]]]}},{"type":"Feature","properties":{"n":2,"np":3,"gz":3.19,"hot":2},"geometry":{"type":"Polygon","coordinates":[[[83.00905,25.31829],[83.00872,25.31882],[83.00806,25.31882],[83.00772,25.31831],[83.00804,25.31778],[83.00871,25.31777],[83.00905,25.31829]]]}},{"type":"Feature","properties":{"n":1,"np":2,"gz":1.74,"hot":0},"geometry":{"type":"Polygon","coordinates":[[[83.00906,25.31933],[83.00874,25.31986],[83.00808,25.31987],[83.00774,25.31935],[83.00806,25.31882],[83.00872,25.31882],[83.00906,25.31933]]]}},{"type":"Feature","properties":{"n":0,"np":0,"gz":4.32,"hot":3},"geometry":{"type":"Polygon","coordinates":[[[83.00915,25.32454],[83.00883,25.32507],[83.00816,25.32508],[83.00783,25.32456],[83.00815,25.32404],[83.00881,25.32403],[83.00915,25.32454]]]}},{"type":"Feature","properties":{"n":7,"np":1,"gz":2.06,"hot":0},"geometry":{"type":"Polygon","coordinates":[[[83.00917,25.32558],[83.00884,25.32611],[83.00818,25.32612],[83.00784,25.3256],[83.00816,25.32508],[83.00883,25.32507],[83.00917,25.32558]]]}},{"type":"Feature","properties":{"n":3,"np":2,"gz":1.58,"hot":0},"geometry":{"type":"Polygon","coordinates":[[[83.00918,25.32663],[83.00886,25.32715],[83.0082,25.32716],[83.00786,25.32664],[83.00818,25.32612],[83.00884,25.32611],[83.00918,25.32663]]]}},{"type":"Feature","properties":{"n":1,"np":1,"gz":-0.19,"hot":0},"geometry":{"type":"Polygon","coordinates":[[[83.00924,25.32975],[83.00891,25.33028],[83.00825,25.33029],[83.00791,25.32977],[83.00823,25.32925],[83.0089,25.32924],[83.00924,25.32975]]]}},{"type":"Feature","properties":{"n":1,"np":0,"gz":-0.19,"hot":0},"geometry":{"type":"Polygon","coordinates":[[[83.00925,25.3308],[83.00893,25.33132],[83.00827,25.33133],[83.00793,25.33081],[83.00825,25.33029],[83.00891,25.33028],[83.00925,25.3308]]]}},{"type":"Feature","properties":{"n":1,"np":0,"gz":-0.19,"hot":0},"geometry":{"type":"Polygon","coordinates":[[[83.00919,25.26669],[83.00887,25.26722],[83.0082,25.26723],[83.00787,25.26671],[83.00819,25.26618],[83.00885,25.26617],[83.00919,25.26669]]]}},{"type":"Feature","properties":{"n":1,"np":0,"gz":-0.35,"hot":0},"geometry":{"type":"Polygon","coordinates":[[[83.00948,25.28441],[83.00916,25.28493],[83.0085,25.28494],[83.00816,25.28442],[83.00848,25.2839],[83.00914,25.28389],[83.00948,25.28441]]]}},{"type":"Feature","properties":{"n":1,"np":6,"gz":5.12,"hot":3},"geometry":{"type":"Polygon","coordinates":[[[83.00981,25.30421],[83.00948,25.30473],[83.00882,25.30474],[83.00848,25.30423],[83.00881,25.3037],[83.00947,25.30369],[83.00981,25.30421]]]}},{"type":"Feature","properties":{"n":9,"np":1,"gz":10.92,"hot":3},"geometry":{"type":"Polygon","coordinates":[[[83.00982,25.30525],[83.0095,25.30578],[83.00884,25.30578],[83.0085,25.30527],[83.00882,25.30474],[83.00948,25.30473],[83.00982,25.30525]]]}},{"type":"Feature","properties":{"n":25,"np":17,"gz":11.57,"hot":3},"geometry":{"type":"Polygon","coordinates":[[[83.00984,25.30629],[83.00952,25.30682],[83.00886,25.30683],[83.00852,25.30631],[83.00884,25.30578],[83.0095,25.30578],[83.00984,25.30629]]]}},{"type":"Feature","properties":{"n":11,"np":10,"gz":13.01,"hot":3},"geometry":{"type":"Polygon","coordinates":[[[83.00986,25.30733],[83.00954,25.30786],[83.00887,25.30787],[83.00853,25.30735],[83.00886,25.30683],[83.00952,25.30682],[83.00986,25.30733]]]}},{"type":"Feature","properties":{"n":17,"np":9,"gz":10.76,"hot":3},"geometry":{"type":"Polygon","coordinates":[[[83.00988,25.30838],[83.00955,25.3089],[83.00889,25.30891],[83.00855,25.30839],[83.00887,25.30787],[83.00954,25.30786],[83.00988,25.30838]]]}},{"type":"Feature","properties":{"n":7,"np":6,"gz":9.47,"hot":3},"geometry":{"type":"Polygon","coordinates":[[[83.00989,25.30942],[83.00957,25.30994],[83.00891,25.30995],[83.00857,25.30944],[83.00889,25.30891],[83.00955,25.3089],[83.00989,25.30942]]]}},{"type":"Feature","properties":{"n":3,"np":1,"gz":6.89,"hot":3},"geometry":{"type":"Polygon","coordinates":[[[83.00991,25.31046],[83.00959,25.31099],[83.00893,25.31099],[83.00859,25.31048],[83.00891,25.30995],[83.00957,25.30994],[83.00991,25.31046]]]}},{"type":"Feature","properties":{"n":4,"np":4,"gz":4.48,"hot":3},"geometry":{"type":"Polygon","coordinates":[[[83.00993,25.3115],[83.0096,25.31203],[83.00894,25.31204],[83.0086,25.31152],[83.00893,25.31099],[83.00959,25.31099],[83.00993,25.3115]]]}},{"type":"Feature","properties":{"n":0,"np":0,"gz":3.67,"hot":3},"geometry":{"type":"Polygon","coordinates":[[[83.00998,25.31463],[83.00966,25.31515],[83.00899,25.31516],[83.00865,25.31465],[83.00898,25.31412],[83.00964,25.31411],[83.00998,25.31463]]]}},{"type":"Feature","properties":{"n":3,"np":5,"gz":6.73,"hot":3},"geometry":{"type":"Polygon","coordinates":[[[83.01,25.31567],[83.00967,25.3162],[83.00901,25.31621],[83.00867,25.31569],[83.00899,25.31516],[83.00966,25.31515],[83.01,25.31567]]]}},{"type":"Feature","properties":{"n":3,"np":0,"gz":5.61,"hot":3},"geometry":{"type":"Polygon","coordinates":[[[83.01001,25.31671],[83.00969,25.31724],[83.00903,25.31725],[83.00869,25.31673],[83.00901,25.31621],[83.00967,25.3162],[83.01001,25.31671]]]}},{"type":"Feature","properties":{"n":8,"np":7,"gz":2.71,"hot":0},"geometry":{"type":"Polygon","coordinates":[[[83.01003,25.31776],[83.00971,25.31828],[83.00905,25.31829],[83.00871,25.31777],[83.00903,25.31725],[83.00969,25.31724],[83.01003,25.31776]]]}},{"type":"Feature","properties":{"n":5,"np":4,"gz":2.06,"hot":0},"geometry":{"type":"Polygon","coordinates":[[[83.01005,25.3188],[83.00973,25.31932],[83.00906,25.31933],[83.00872,25.31882],[83.00905,25.31829],[83.00971,25.31828],[83.01005,25.3188]]]}},{"type":"Feature","properties":{"n":1,"np":1,"gz":3.35,"hot":3},"geometry":{"type":"Polygon","coordinates":[[[83.01012,25.32297],[83.00979,25.32349],[83.00913,25.3235],[83.00879,25.32298],[83.00911,25.32246],[83.00978,25.32245],[83.01012,25.32297]]]}},{"type":"Feature","properties":{"n":18,"np":12,"gz":4.48,"hot":3},"geometry":{"type":"Polygon","coordinates":[[[83.01013,25.32401],[83.00981,25.32453],[83.00915,25.32454],[83.00881,25.32403],[83.00913,25.3235],[83.00979,25.32349],[83.01013,25.32401]]]}},{"type":"Feature","properties":{"n":5,"np":7,"gz":5.61,"hot":3},"geometry":{"type":"Polygon","coordinates":[[[83.01015,25.32505],[83.00983,25.32558],[83.00917,25.32558],[83.00883,25.32507],[83.00915,25.32454],[83.00981,25.32453],[83.01015,25.32505]]]}},{"type":"Feature","properties":{"n":1,"np":2,"gz":2.71,"hot":0},"geometry":{"type":"Polygon","coordinates":[[[83.01017,25.32609],[83.00985,25.32662],[83.00918,25.32663],[83.00884,25.32611],[83.00917,25.32558],[83.00983,25.32558],[83.01017,25.32609]]]}},{"type":"Feature","properties":{"n":1,"np":1,"gz":-0.19,"hot":0},"geometry":{"type":"Polygon","coordinates":[[[83.0102,25.32818],[83.00988,25.3287],[83.00922,25.32871],[83.00888,25.32819],[83.0092,25.32767],[83.00986,25.32766],[83.0102,25.32818]]]}},{"type":"Feature","properties":{"n":0,"np":1,"gz":-0.35,"hot":0},"geometry":{"type":"Polygon","coordinates":[[[83.01025,25.3313],[83.00993,25.33183],[83.00927,25.33184],[83.00893,25.33132],[83.00925,25.3308],[83.00991,25.33079],[83.01025,25.3313]]]}},{"type":"Feature","properties":{"n":1,"np":0,"gz":-0.35,"hot":0},"geometry":{"type":"Polygon","coordinates":[[[83.00997,25.25365],[83.00964,25.25418],[83.00898,25.25418],[83.00864,25.25367],[83.00897,25.25314],[83.00963,25.25313],[83.00997,25.25365]]]}},{"type":"Feature","properties":{"n":1,"np":0,"gz":-0.19,"hot":0},"geometry":{"type":"Polygon","coordinates":[[[83.01017,25.26616],[83.00985,25.26668],[83.00919,25.26669],[83.00885,25.26617],[83.00917,25.26565],[83.00983,25.26564],[83.01017,25.26616]]]}},{"type":"Feature","properties":{"n":1,"np":0,"gz":-0.35,"hot":0},"geometry":{"type":"Polygon","coordinates":[[[83.01045,25.28283],[83.01012,25.28336],[83.00946,25.28336],[83.00912,25.28285],[83.00945,25.28232],[83.01011,25.28231],[83.01045,25.28283]]]}},{"type":"Feature","properties":{"n":0,"np":1,"gz":-0.52,"hot":0},"geometry":{"type":"Polygon","coordinates":[[[83.01076,25.30159],[83.01043,25.30211],[83.00977,25.30212],[83.00943,25.30161],[83.00976,25.30108],[83.01042,25.30107],[83.01076,25.30159]]]}},{"type":"Feature","properties":{"n":0,"np":2,"gz":-0.52,"hot":0},"geometry":{"type":"Polygon","coordinates":[[[83.01077,25.30263],[83.01045,25.30316],[83.00979,25.30317],[83.00945,25.30265],[83.00977,25.30212],[83.01043,25.30211],[83.01077,25.30263]]]}},{"type":"Feature","properties":{"n":0,"np":1,"gz":-0.35,"hot":0},"geometry":{"type":"Polygon","coordinates":[[[83.01079,25.30367],[83.01047,25.3042],[83.00981,25.30421],[83.00947,25.30369],[83.00979,25.30317],[83.01045,25.30316],[83.01079,25.30367]]]}},{"type":"Feature","properties":{"n":9,"np":0,"gz":7.54,"hot":3},"geometry":{"type":"Polygon","coordinates":[[[83.01083,25.30576],[83.0105,25.30628],[83.00984,25.30629],[83.0095,25.30578],[83.00982,25.30525],[83.01049,25.30524],[83.01083,25.30576]]]}},{"type":"Feature","properties":{"n":7,"np":2,"gz":9.31,"hot":3},"geometry":{"type":"Polygon","coordinates":[[[83.01084,25.3068],[83.01052,25.30732],[83.00986,25.30733],[83.00952,25.30682],[83.00984,25.30629],[83.0105,25.30628],[83.01084,25.3068]]]}},{"type":"Feature","properties":{"n":9,"np":6,"gz":11.73,"hot":3},"geometry":{"type":"Polygon","coordinates":[[[83.01086,25.30784],[83.01054,25.30837],[83.00988,25.30838],[83.00954,25.30786],[83.00986,25.30733],[83.01052,25.30732],[83.01086,25.30784]]]}},{"type":"Feature","properties":{"n":14,"np":9,"gz":12.69,"hot":3},"geometry":{"type":"Polygon","coordinates":[[[83.01088,25.30888],[83.01055,25.30941],[83.00989,25.30942],[83.00955,25.3089],[83.00988,25.30838],[83.01054,25.30837],[83.01088,25.30888]]]}},{"type":"Feature","properties":{"n":8,"np":7,"gz":10.92,"hot":3},"geometry":{"type":"Polygon","coordinates":[[[83.01089,25.30993],[83.01057,25.31045],[83.00991,25.31046],[83.00957,25.30994],[83.00989,25.30942],[83.01055,25.30941],[83.01089,25.30993]]]}},{"type":"Feature","properties":{"n":5,"np":2,"gz":8.18,"hot":3},"geometry":{"type":"Polygon","coordinates":[[[83.01091,25.31097],[83.01059,25.31149],[83.00993,25.3115],[83.00959,25.31099],[83.00991,25.31046],[83.01057,25.31045],[83.01091,25.31097]]]}},{"type":"Feature","properties":{"n":7,"np":3,"gz":4.96,"hot":3},"geometry":{"type":"Polygon","coordinates":[[[83.01093,25.31201],[83.01061,25.31254],[83.00994,25.31254],[83.0096,25.31203],[83.00993,25.3115],[83.01059,25.31149],[83.01093,25.31201]]]}},{"type":"Feature","properties":{"n":3,"np":0,"gz":4.64,"hot":3},"geometry":{"type":"Polygon","coordinates":[[[83.01095,25.31305],[83.01062,25.31358],[83.00996,25.31359],[83.00962,25.31307],[83.00994,25.31254],[83.01061,25.31254],[83.01095,25.31305]]]}},{"type":"Feature","properties":{"n":4,"np":2,"gz":4.64,"hot":3},"geometry":{"type":"Polygon","coordinates":[[[83.01096,25.31409],[83.01064,25.31462],[83.00998,25.31463],[83.00964,25.31411],[83.00996,25.31359],[83.01062,25.31358],[83.01096,25.31409]]]}},{"type":"Feature","properties":{"n":15,"np":11,"gz":6.57,"hot":3},"geometry":{"type":"Polygon","coordinates":[[[83.01098,25.31514],[83.01066,25.31566],[83.01,25.31567],[83.00966,25.31515],[83.00998,25.31463],[83.01064,25.31462],[83.01098,25.31514]]]}},{"type":"Feature","properties":{"n":5,"np":4,"gz":9.31,"hot":3},"geometry":{"type":"Polygon","coordinates":[[[83.011,25.31618],[83.01068,25.3167],[83.01001,25.31671],[83.00967,25.3162],[83.01,25.31567],[83.01066,25.31566],[83.011,25.31618]]]}},{"type":"Feature","properties":{"n":1,"np":1,"gz":5.77,"hot":3},"geometry":{"type":"Polygon","coordinates":[[[83.01101,25.31722],[83.01069,25.31775],[83.01003,25.31776],[83.00969,25.31724],[83.01001,25.31671],[83.01068,25.3167],[83.01101,25.31722]]]}},{"type":"Feature","properties":{"n":0,"np":0,"gz":3.51,"hot":3},"geometry":{"type":"Polygon","coordinates":[[[83.01105,25.3193],[83.01073,25.31983],[83.01006,25.31984],[83.00973,25.31932],[83.01005,25.3188],[83.01071,25.31879],[83.01105,25.3193]]]}},{"type":"Feature","properties":{"n":2,"np":1,"gz":3.99,"hot":3},"geometry":{"type":"Polygon","coordinates":[[[83.01107,25.32035],[83.01074,25.32087],[83.01008,25.32088],[83.00974,25.32037],[83.01006,25.31984],[83.01073,25.31983],[83.01107,25.32035]]]}},{"type":"Feature","properties":{"n":1,"np":1,"gz":2.87,"hot":0},"geometry":{"type":"Polygon","coordinates":[[[83.01108,25.32139],[83.01076,25.32191],[83.0101,25.32192],[83.00976,25.32141],[83.01008,25.32088],[83.01074,25.32087],[83.01108,25.32139]]]}},{"type":"Feature","properties":{"n":2,"np":2,"gz":1.9,"hot":0},"geometry":{"type":"Polygon","coordinates":[[[83.0111,25.32243],[83.01078,25.32296],[83.01012,25.32297],[83.00978,25.32245],[83.0101,25.32192],[83.01076,25.32191],[83.0111,25.32243]]]}},{"type":"Feature","properties":{"n":3,"np":3,"gz":5.28,"hot":3},"geometry":{"type":"Polygon","coordinates":[[[83.01112,25.32347],[83.0108,25.324],[83.01013,25.32401],[83.00979,25.32349],[83.01012,25.32297],[83.01078,25.32296],[83.01112,25.32347]]]}},{"type":"Feature","properties":{"n":4,"np":4,"gz":5.28,"hot":3},"geometry":{"type":"Polygon","coordinates":[[[83.01114,25.32452],[83.01081,25.32504],[83.01015,25.32505],[83.00981,25.32453],[83.01013,25.32401],[83.0108,25.324],[83.01114,25.32452]]]}},{"type":"Feature","properties":{"n":3,"np":2,"gz":1.74,"hot":0},"geometry":{"type":"Polygon","coordinates":[[[83.01115,25.32556],[83.01083,25.32608],[83.01017,25.32609],[83.00983,25.32558],[83.01015,25.32505],[83.01081,25.32504],[83.01115,25.32556]]]}},{"type":"Feature","properties":{"n":1,"np":0,"gz":3.67,"hot":3},"geometry":{"type":"Polygon","coordinates":[[[83.01117,25.3266],[83.01085,25.32713],[83.01019,25.32713],[83.00985,25.32662],[83.01017,25.32609],[83.01083,25.32608],[83.01117,25.3266]]]}},{"type":"Feature","properties":{"n":1,"np":1,"gz":3.19,"hot":2},"geometry":{"type":"Polygon","coordinates":[[[83.01119,25.32764],[83.01086,25.32817],[83.0102,25.32818],[83.00986,25.32766],[83.01019,25.32713],[83.01085,25.32713],[83.01119,25.32764]]]}},{"type":"Feature","properties":{"n":1,"np":0,"gz":0.13,"hot":0},"geometry":{"type":"Polygon","coordinates":[[[83.01122,25.32973],[83.0109,25.33025],[83.01024,25.33026],[83.0099,25.32974],[83.01022,25.32922],[83.01088,25.32921],[83.01122,25.32973]]]}},{"type":"Feature","properties":{"n":1,"np":0,"gz":-0.35,"hot":0},"geometry":{"type":"Polygon","coordinates":[[[83.0111,25.26249],[83.01078,25.26302],[83.01012,25.26303],[83.00978,25.26251],[83.0101,25.26199],[83.01077,25.26198],[83.0111,25.26249]]]}},{"type":"Feature","properties":{"n":1,"np":0,"gz":-0.19,"hot":0},"geometry":{"type":"Polygon","coordinates":[[[83.01129,25.27396],[83.01097,25.27448],[83.01031,25.27449],[83.00997,25.27398],[83.01029,25.27345],[83.01095,25.27344],[83.01129,25.27396]]]}},{"type":"Feature","properties":{"n":1,"np":0,"gz":-0.19,"hot":0},"geometry":{"type":"Polygon","coordinates":[[[83.0114,25.28021],[83.01107,25.28074],[83.01041,25.28075],[83.01007,25.28023],[83.0104,25.2797],[83.01106,25.27969],[83.0114,25.28021]]]}},{"type":"Feature","properties":{"n":0,"np":0,"gz":4.96,"hot":3},"geometry":{"type":"Polygon","coordinates":[[[83.01184,25.30731],[83.01152,25.30783],[83.01086,25.30784],[83.01052,25.30732],[83.01084,25.3068],[83.0115,25.30679],[83.01184,25.30731]]]}},{"type":"Feature","properties":{"n":18,"np":19,"gz":9.15,"hot":3},"geometry":{"type":"Polygon","coordinates":[[[83.01186,25.30835],[83.01154,25.30887],[83.01088,25.30888],[83.01054,25.30837],[83.01086,25.30784],[83.01152,25.30783],[83.01186,25.30835]]]}},{"type":"Feature","properties":{"n":9,"np":7,"gz":13.82,"hot":3},"geometry":{"type":"Polygon","coordinates":[[[83.01188,25.30939],[83.01156,25.30992],[83.01089,25.30993],[83.01055,25.30941],[83.01088,25.30888],[83.01154,25.30887],[83.01188,25.30939]]]}},{"type":"Feature","properties":{"n":25,"np":12,"gz":13.82,"hot":3},"geometry":{"type":"Polygon","coordinates":[[[83.0119,25.31043],[83.01157,25.31096],[83.01091,25.31097],[83.01057,25.31045],[83.01089,25.30993],[83.01156,25.30992],[83.0119,25.31043]]]}},{"type":"Feature","properties":{"n":2,"np":2,"gz":15.59,"hot":3},"geometry":{"type":"Polygon","coordinates":[[[83.01191,25.31148],[83.01159,25.312],[83.01093,25.31201],[83.01059,25.31149],[83.01091,25.31097],[83.01157,25.31096],[83.01191,25.31148]]]}},{"type":"Feature","properties":{"n":13,"np":8,"gz":7.54,"hot":3},"geometry":{"type":"Polygon","coordinates":[[[83.01193,25.31252],[83.01161,25.31304],[83.01095,25.31305],[83.01061,25.31254],[83.01093,25.31201],[83.01159,25.312],[83.01193,25.31252]]]}},{"type":"Feature","properties":{"n":5,"np":3,"gz":5.93,"hot":3},"geometry":{"type":"Polygon","coordinates":[[[83.01195,25.31356],[83.01163,25.31409],[83.01096,25.31409],[83.01062,25.31358],[83.01095,25.31305],[83.01161,25.31304],[83.01195,25.31356]]]}},{"type":"Feature","properties":{"n":5,"np":4,"gz":7.7,"hot":3},"geometry":{"type":"Polygon","coordinates":[[[83.01196,25.3146],[83.01164,25.31513],[83.01098,25.31514],[83.01064,25.31462],[83.01096,25.31409],[83.01163,25.31409],[83.01196,25.3146]]]}},{"type":"Feature","properties":{"n":12,"np":6,"gz":11.89,"hot":3},"geometry":{"type":"Polygon","coordinates":[[[83.01198,25.31564],[83.01166,25.31617],[83.011,25.31618],[83.01066,25.31566],[83.01098,25.31514],[83.01164,25.31513],[83.01198,25.31564]]]}},{"type":"Feature","properties":{"n":22,"np":17,"gz":7.7,"hot":3},"geometry":{"type":"Polygon","coordinates":[[[83.012,25.31669],[83.01168,25.31721],[83.01101,25.31722],[83.01068,25.3167],[83.011,25.31618],[83.01166,25.31617],[83.012,25.31669]]]}},{"type":"Feature","properties":{"n":0,"np":0,"gz":4.48,"hot":3},"geometry":{"type":"Polygon","coordinates":[[[83.01202,25.31773],[83.01169,25.31825],[83.01103,25.31826],[83.01069,25.31775],[83.01101,25.31722],[83.01168,25.31721],[83.01202,25.31773]]]}},{"type":"Feature","properties":{"n":6,"np":6,"gz":3.19,"hot":2},"geometry":{"type":"Polygon","coordinates":[[[83.01203,25.31877],[83.01171,25.3193],[83.01105,25.3193],[83.01071,25.31879],[83.01103,25.31826],[83.01169,25.31825],[83.01203,25.31877]]]}},{"type":"Feature","properties":{"n":12,"np":9,"gz":5.93,"hot":3},"geometry":{"type":"Polygon","coordinates":[[[83.01205,25.31981],[83.01173,25.32034],[83.01107,25.32035],[83.01073,25.31983],[83.01105,25.3193],[83.01171,25.3193],[83.01205,25.31981]]]}},{"type":"Feature","properties":{"n":13,"np":14,"gz":6.73,"hot":3},"geometry":{"type":"Polygon","coordinates":[[[83.01207,25.32085],[83.01175,25.32138],[83.01108,25.32139],[83.01074,25.32087],[83.01107,25.32035],[83.01173,25.32034],[83.01207,25.32085]]]}},{"type":"Feature","properties":{"n":3,"np":2,"gz":5.77,"hot":3},"geometry":{"type":"Polygon","coordinates":[[[83.01209,25.3219],[83.01176,25.32242],[83.0111,25.32243],[83.01076,25.32191],[83.01108,25.32139],[83.01175,25.32138],[83.01209,25.3219]]]}},{"type":"Feature","properties":{"n":5,"np":3,"gz":3.51,"hot":3},"geometry":{"type":"Polygon","coordinates":[[[83.0121,25.32294],[83.01178,25.32346],[83.01112,25.32347],[83.01078,25.32296],[83.0111,25.32243],[83.01176,25.32242],[83.0121,25.32294]]]}},{"type":"Feature","properties":{"n":3,"np":1,"gz":2.54,"hot":0},"geometry":{"type":"Polygon","coordinates":[[[83.01212,25.32398],[83.0118,25.32451],[83.01114,25.32452],[83.0108,25.324],[83.01112,25.32347],[83.01178,25.32346],[83.01212,25.32398]]]}},{"type":"Feature","properties":{"n":0,"np":0,"gz":3.67,"hot":3},"geometry":{"type":"Polygon","coordinates":[[[83.01215,25.32607],[83.01183,25.32659],[83.01117,25.3266],[83.01083,25.32608],[83.01115,25.32556],[83.01181,25.32555],[83.01215,25.32607]]]}},{"type":"Feature","properties":{"n":20,"np":20,"gz":3.35,"hot":3},"geometry":{"type":"Polygon","coordinates":[[[83.01217,25.32711],[83.01185,25.32763],[83.01119,25.32764],[83.01085,25.32713],[83.01117,25.3266],[83.01183,25.32659],[83.01217,25.32711]]]}},{"type":"Feature","properties":{"n":0,"np":0,"gz":3.35,"hot":3},"geometry":{"type":"Polygon","coordinates":[[[83.01219,25.32815],[83.01187,25.32867],[83.0112,25.32868],[83.01086,25.32817],[83.01119,25.32764],[83.01185,25.32763],[83.01219,25.32815]]]}},{"type":"Feature","properties":{"n":2,"np":2,"gz":0.13,"hot":0},"geometry":{"type":"Polygon","coordinates":[[[83.01221,25.32919],[83.01188,25.32972],[83.01122,25.32973],[83.01088,25.32921],[83.0112,25.32868],[83.01187,25.32867],[83.01221,25.32919]]]}},{"type":"Feature","properties":{"n":1,"np":0,"gz":0.77,"hot":0},"geometry":{"type":"Polygon","coordinates":[[[83.01222,25.33023],[83.0119,25.33076],[83.01124,25.33077],[83.0109,25.33025],[83.01122,25.32973],[83.01188,25.32972],[83.01222,25.33023]]]}},{"type":"Feature","properties":{"n":1,"np":0,"gz":-0.19,"hot":0},"geometry":{"type":"Polygon","coordinates":[[[83.01229,25.27447],[83.01197,25.27499],[83.01131,25.275],[83.01097,25.27448],[83.01129,25.27396],[83.01196,25.27395],[83.01229,25.27447]]]}},{"type":"Feature","properties":{"n":1,"np":0,"gz":-0.19,"hot":0},"geometry":{"type":"Polygon","coordinates":[[[83.01238,25.27968],[83.01206,25.2802],[83.0114,25.28021],[83.01106,25.27969],[83.01138,25.27917],[83.01204,25.27916],[83.01238,25.27968]]]}},{"type":"Feature","properties":{"n":0,"np":0,"gz":3.99,"hot":3},"geometry":{"type":"Polygon","coordinates":[[[83.01285,25.30781],[83.01252,25.30834],[83.01186,25.30835],[83.01152,25.30783],[83.01184,25.30731],[83.01251,25.3073],[83.01285,25.30781]]]}},{"type":"Feature","properties":{"n":10,"np":9,"gz":6.57,"hot":3},"geometry":{"type":"Polygon","coordinates":[[[83.01286,25.30886],[83.01254,25.30938],[83.01188,25.30939],[83.01154,25.30887],[83.01186,25.30835],[83.01252,25.30834],[83.01286,25.30886]]]}},{"type":"Feature","properties":{"n":5,"np":15,"gz":16.24,"hot":3},"geometry":{"type":"Polygon","coordinates":[[[83.01288,25.3099],[83.01256,25.31042],[83.0119,25.31043],[83.01156,25.30992],[83.01188,25.30939],[83.01254,25.30938],[83.01288,25.3099]]]}},{"type":"Feature","properties":{"n":35,"np":27,"gz":21.07,"hot":3},"geometry":{"type":"Polygon","coordinates":[[[83.0129,25.31094],[83.01257,25.31147],[83.01191,25.31148],[83.01157,25.31096],[83.0119,25.31043],[83.01256,25.31042],[83.0129,25.31094]]]}},{"type":"Feature","properties":{"n":13,"np":19,"gz":18.17,"hot":3},"geometry":{"type":"Polygon","coordinates":[[[83.01291,25.31198],[83.01259,25.31251],[83.01193,25.31252],[83.01159,25.312],[83.01191,25.31148],[83.01257,25.31147],[83.01291,25.31198]]]}},{"type":"Feature","properties":{"n":7,"np":5,"gz":8.99,"hot":3},"geometry":{"type":"Polygon","coordinates":[[[83.01293,25.31302],[83.01261,25.31355],[83.01195,25.31356],[83.01161,25.31304],[83.01193,25.31252],[83.01259,25.31251],[83.01293,25.31302]]]}},{"type":"Feature","properties":{"n":3,"np":3,"gz":5.93,"hot":3},"geometry":{"type":"Polygon","coordinates":[[[83.01295,25.31407],[83.01263,25.31459],[83.01196,25.3146],[83.01163,25.31409],[83.01195,25.31356],[83.01261,25.31355],[83.01295,25.31407]]]}},{"type":"Feature","properties":{"n":7,"np":4,"gz":7.38,"hot":3},"geometry":{"type":"Polygon","coordinates":[[[83.01297,25.31511],[83.01264,25.31563],[83.01198,25.31564],[83.01164,25.31513],[83.01196,25.3146],[83.01263,25.31459],[83.01297,25.31511]]]}},{"type":"Feature","properties":{"n":11,"np":16,"gz":9.47,"hot":3},"geometry":{"type":"Polygon","coordinates":[[[83.01298,25.31615],[83.01266,25.31668],[83.012,25.31669],[83.01166,25.31617],[83.01198,25.31564],[83.01264,25.31563],[83.01298,25.31615]]]}},{"type":"Feature","properties":{"n":0,"np":0,"gz":5.77,"hot":3},"geometry":{"type":"Polygon","coordinates":[[[83.013,25.31719],[83.01268,25.31772],[83.01202,25.31773],[83.01168,25.31721],[83.012,25.31669],[83.01266,25.31668],[83.013,25.31719]]]}},{"type":"Feature","properties":{"n":2,"np":2,"gz":1.58,"hot":0},"geometry":{"type":"Polygon","coordinates":[[[83.01302,25.31824],[83.0127,25.31876],[83.01203,25.31877],[83.01169,25.31825],[83.01202,25.31773],[83.01268,25.31772],[83.01302,25.31824]]]}},{"type":"Feature","properties":{"n":3,"np":0,"gz":4.48,"hot":3},"geometry":{"type":"Polygon","coordinates":[[[83.01304,25.31928],[83.01271,25.3198],[83.01205,25.31981],[83.01171,25.3193],[83.01203,25.31877],[83.0127,25.31876],[83.01304,25.31928]]]}},{"type":"Feature","properties":{"n":4,"np":2,"gz":8.83,"hot":3},"geometry":{"type":"Polygon","coordinates":[[[83.01305,25.32032],[83.01273,25.32085],[83.01207,25.32085],[83.01173,25.32034],[83.01205,25.31981],[83.01271,25.3198],[83.01305,25.32032]]]}},{"type":"Feature","properties":{"n":10,"np":5,"gz":7.86,"hot":3},"geometry":{"type":"Polygon","coordinates":[[[83.01307,25.32136],[83.01275,25.32189],[83.01209,25.3219],[83.01175,25.32138],[83.01207,25.32085],[83.01273,25.32085],[83.01307,25.32136]]]}},{"type":"Feature","properties":{"n":5,"np":3,"gz":4.8,"hot":3},"geometry":{"type":"Polygon","coordinates":[[[83.01309,25.3224],[83.01276,25.32293],[83.0121,25.32294],[83.01176,25.32242],[83.01209,25.3219],[83.01275,25.32189],[83.01309,25.3224]]]}},{"type":"Feature","properties":{"n":4,"np":2,"gz":2.87,"hot":0},"geometry":{"type":"Polygon","coordinates":[[[83.0131,25.32345],[83.01278,25.32397],[83.01212,25.32398],[83.01178,25.32346],[83.0121,25.32294],[83.01276,25.32293],[83.0131,25.32345]]]}},{"type":"Feature","properties":{"n":1,"np":1,"gz":-0.19,"hot":0},"geometry":{"type":"Polygon","coordinates":[[[83.01314,25.32553],[83.01282,25.32606],[83.01215,25.32607],[83.01181,25.32555],[83.01214,25.32502],[83.0128,25.32501],[83.01314,25.32553]]]}},{"type":"Feature","properties":{"n":1,"np":1,"gz":3.19,"hot":2},"geometry":{"type":"Polygon","coordinates":[[[83.01316,25.32657],[83.01283,25.3271],[83.01217,25.32711],[83.01183,25.32659],[83.01215,25.32607],[83.01282,25.32606],[83.01316,25.32657]]]}},{"type":"Feature","properties":{"n":1,"np":1,"gz":3.03,"hot":0},"geometry":{"type":"Polygon","coordinates":[[[83.01317,25.32761],[83.01285,25.32814],[83.01219,25.32815],[83.01185,25.32763],[83.01217,25.32711],[83.01283,25.3271],[83.01317,25.32761]]]}},{"type":"Feature","properties":{"n":4,"np":4,"gz":0.61,"hot":0},"geometry":{"type":"Polygon","coordinates":[[[83.01322,25.33074],[83.0129,25.33127],[83.01224,25.33128],[83.0119,25.33076],[83.01222,25.33023],[83.01289,25.33022],[83.01322,25.33074]]]}},{"type":"Feature","properties":{"n":1,"np":1,"gz":0.45,"hot":0},"geometry":{"type":"Polygon","coordinates":[[[83.01324,25.33178],[83.01292,25.33231],[83.01226,25.33232],[83.01192,25.3318],[83.01224,25.33128],[83.0129,25.33127],[83.01324,25.33178]]]}},{"type":"Feature","properties":{"n":1,"np":0,"gz":-0.35,"hot":0},"geometry":{"type":"Polygon","coordinates":[[[83.01264,25.23537],[83.01232,25.2359],[83.01166,25.23591],[83.01132,25.23539],[83.01164,25.23486],[83.0123,25.23486],[83.01264,25.23537]]]}},{"type":"Feature","properties":{"n":0,"np":1,"gz":-0.35,"hot":0},"geometry":{"type":"Polygon","coordinates":[[[83.01266,25.23641],[83.01234,25.23694],[83.01168,25.23695],[83.01134,25.23643],[83.01166,25.23591],[83.01232,25.2359],[83.01266,25.23641]]]}},{"type":"Feature","properties":{"n":1,"np":0,"gz":-0.35,"hot":0},"geometry":{"type":"Polygon","coordinates":[[[83.01307,25.26143],[83.01275,25.26195],[83.01209,25.26196],[83.01175,25.26144],[83.01207,25.26092],[83.01273,25.26091],[83.01307,25.26143]]]}},{"type":"Feature","properties":{"n":1,"np":0,"gz":-0.19,"hot":0},"geometry":{"type":"Polygon","coordinates":[[[83.01323,25.2708],[83.01291,25.27133],[83.01224,25.27134],[83.0119,25.27082],[83.01223,25.2703],[83.01289,25.27029],[83.01323,25.2708]]]}},{"type":"Feature","properties":{"n":3,"np":0,"gz":0.13,"hot":0},"geometry":{"type":"Polygon","coordinates":[[[83.01326,25.27289],[83.01294,25.27341],[83.01228,25.27342],[83.01194,25.27291],[83.01226,25.27238],[83.01292,25.27237],[83.01326,25.27289]]]}},{"type":"Feature","properties":{"n":0,"np":2,"gz":-0.52,"hot":0},"geometry":{"type":"Polygon","coordinates":[[[83.01374,25.30207],[83.01342,25.30259],[83.01276,25.3026],[83.01242,25.30209],[83.01274,25.30156],[83.0134,25.30155],[83.01374,25.30207]]]}},{"type":"Feature","properties":{"n":2,"np":2,"gz":5.12,"hot":3},"geometry":{"type":"Polygon","coordinates":[[[83.01386,25.30936],[83.01354,25.30989],[83.01288,25.3099],[83.01254,25.30938],[83.01286,25.30886],[83.01352,25.30885],[83.01386,25.30936]]]}},{"type":"Feature","properties":{"n":18,"np":19,"gz":16.4,"hot":3},"geometry":{"type":"Polygon","coordinates":[[[83.01388,25.31041],[83.01356,25.31093],[83.0129,25.31094],[83.01256,25.31042],[83.01288,25.3099],[83.01354,25.30989],[83.01388,25.31041]]]}},{"type":"Feature","properties":{"n":36,"np":37,"gz":24.93,"hot":3},"geometry":{"type":"Polygon","coordinates":[[[83.0139,25.31145],[83.01358,25.31197],[83.01291,25.31198],[83.01257,25.31147],[83.0129,25.31094],[83.01356,25.31093],[83.0139,25.31145]]]}},{"type":"Feature","properties":{"n":10,"np":5,"gz":19.14,"hot":3},"geometry":{"type":"Polygon","coordinates":[[[83.01392,25.31249],[83.01359,25.31302],[83.01293,25.31302],[83.01259,25.31251],[83.01291,25.31198],[83.01358,25.31197],[83.01392,25.31249]]]}},{"type":"Feature","properties":{"n":8,"np":8,"gz":7.7,"hot":3},"geometry":{"type":"Polygon","coordinates":[[[83.01393,25.31353],[83.01361,25.31406],[83.01295,25.31407],[83.01261,25.31355],[83.01293,25.31302],[83.01359,25.31302],[83.01393,25.31353]]]}},{"type":"Feature","properties":{"n":5,"np":5,"gz":6.57,"hot":3},"geometry":{"type":"Polygon","coordinates":[[[83.01395,25.31457],[83.01363,25.3151],[83.01297,25.31511],[83.01263,25.31459],[83.01295,25.31407],[83.01361,25.31406],[83.01395,25.31457]]]}},{"type":"Feature","properties":{"n":6,"np":4,"gz":9.15,"hot":3},"geometry":{"type":"Polygon","coordinates":[[[83.01397,25.31562],[83.01365,25.31614],[83.01298,25.31615],[83.01264,25.31563],[83.01297,25.31511],[83.01363,25.3151],[83.01397,25.31562]]]}},{"type":"Feature","properties":{"n":4,"np":0,"gz":7.86,"hot":3},"geometry":{"type":"Polygon","coordinates":[[[83.01398,25.31666],[83.01366,25.31718],[83.013,25.31719],[83.01266,25.31668],[83.01298,25.31615],[83.01365,25.31614],[83.01398,25.31666]]]}},{"type":"Feature","properties":{"n":2,"np":1,"gz":1.26,"hot":0},"geometry":{"type":"Polygon","coordinates":[[[83.01402,25.31874],[83.0137,25.31927],[83.01304,25.31928],[83.0127,25.31876],[83.01302,25.31824],[83.01368,25.31823],[83.01402,25.31874]]]}},{"type":"Feature","properties":{"n":2,"np":5,"gz":6.09,"hot":3},"geometry":{"type":"Polygon","coordinates":[[[83.01404,25.31979],[83.01371,25.32031],[83.01305,25.32032],[83.01271,25.3198],[83.01304,25.31928],[83.0137,25.31927],[83.01404,25.31979]]]}},{"type":"Feature","properties":{"n":14,"np":13,"gz":8.99,"hot":3},"geometry":{"type":"Polygon","coordinates":[[[83.01405,25.32083],[83.01373,25.32135],[83.01307,25.32136],[83.01273,25.32085],[83.01305,25.32032],[83.01371,25.32031],[83.01405,25.32083]]]}},{"type":"Feature","properties":{"n":3,"np":3,"gz":8.99,"hot":3},"geometry":{"type":"Polygon","coordinates":[[[83.01407,25.32187],[83.01375,25.3224],[83.01309,25.3224],[83.01275,25.32189],[83.01307,25.32136],[83.01373,25.32135],[83.01407,25.32187]]]}},{"type":"Feature","properties":{"n":3,"np":4,"gz":4.16,"hot":3},"geometry":{"type":"Polygon","coordinates":[[[83.01409,25.32291],[83.01377,25.32344],[83.0131,25.32345],[83.01276,25.32293],[83.01309,25.3224],[83.01375,25.3224],[83.01409,25.32291]]]}},{"type":"Feature","properties":{"n":1,"np":0,"gz":0.93,"hot":0},"geometry":{"type":"Polygon","coordinates":[[[83.01411,25.32395],[83.01378,25.32448],[83.01312,25.32449],[83.01278,25.32397],[83.0131,25.32345],[83.01377,25.32344],[83.01411,25.32395]]]}},{"type":"Feature","properties":{"n":1,"np":0,"gz":0.29,"hot":0},"geometry":{"type":"Polygon","coordinates":[[[83.01421,25.33021],[83.01389,25.33073],[83.01322,25.33074],[83.01289,25.33022],[83.01321,25.3297],[83.01387,25.32969],[83.01421,25.33021]]]}},{"type":"Feature","properties":{"n":1,"np":0,"gz":0.29,"hot":0},"geometry":{"type":"Polygon","coordinates":[[[83.01424,25.33229],[83.01392,25.33282],[83.01326,25.33283],[83.01292,25.33231],[83.01324,25.33178],[83.0139,25.33177],[83.01424,25.33229]]]}},{"type":"Feature","properties":{"n":2,"np":2,"gz":0.45,"hot":0},"geometry":{"type":"Polygon","coordinates":[[[83.01426,25.33333],[83.01394,25.33386],[83.01328,25.33387],[83.01294,25.33335],[83.01326,25.33283],[83.01392,25.33282],[83.01426,25.33333]]]}},{"type":"Feature","properties":{"n":2,"np":2,"gz":0.29,"hot":0},"geometry":{"type":"Polygon","coordinates":[[[83.01428,25.33437],[83.01396,25.3349],[83.01329,25.33491],[83.01295,25.33439],[83.01328,25.33387],[83.01394,25.33386],[83.01428,25.33437]]]}},{"type":"Feature","properties":{"n":1,"np":0,"gz":0.45,"hot":0},"geometry":{"type":"Polygon","coordinates":[[[83.01423,25.27131],[83.01391,25.27184],[83.01324,25.27185],[83.01291,25.27133],[83.01323,25.2708],[83.01389,25.2708],[83.01423,25.27131]]]}},{"type":"Feature","properties":{"n":1,"np":0,"gz":0.93,"hot":0},"geometry":{"type":"Polygon","coordinates":[[[83.01426,25.2734],[83.01394,25.27392],[83.01328,25.27393],[83.01294,25.27341],[83.01326,25.27289],[83.01392,25.27288],[83.01426,25.2734]]]}},{"type":"Feature","properties":{"n":5,"np":0,"gz":0.45,"hot":0},"geometry":{"type":"Polygon","coordinates":[[[83.01428,25.27444],[83.01396,25.27496],[83.0133,25.27497],[83.01296,25.27446],[83.01328,25.27393],[83.01394,25.27392],[83.01428,25.27444]]]}},{"type":"Feature","properties":{"n":0,"np":0,"gz":4.16,"hot":3},"geometry":{"type":"Polygon","coordinates":[[[83.01487,25.30987],[83.01454,25.3104],[83.01388,25.31041],[83.01354,25.30989],[83.01386,25.30936],[83.01453,25.30935],[83.01487,25.30987]]]}},{"type":"Feature","properties":{"n":9,"np":11,"gz":15.91,"hot":3},"geometry":{"type":"Polygon","coordinates":[[[83.01488,25.31091],[83.01456,25.31144],[83.0139,25.31145],[83.01356,25.31093],[83.01388,25.31041],[83.01454,25.3104],[83.01488,25.31091]]]}},{"type":"Feature","properties":{"n":37,"np":38,"gz":23.32,"hot":3},"geometry":{"type":"Polygon","coordinates":[[[83.0149,25.31196],[83.01458,25.31248],[83.01392,25.31249],[83.01358,25.31197],[83.0139,25.31145],[83.01456,25.31144],[83.0149,25.31196]]]}},{"type":"Feature","properties":{"n":11,"np":15,"gz":24.45,"hot":3},"geometry":{"type":"Polygon","coordinates":[[[83.01492,25.313],[83.0146,25.31352],[83.01393,25.31353],[83.01359,25.31302],[83.01392,25.31249],[83.01458,25.31248],[83.01492,25.313]]]}},{"type":"Feature","properties":{"n":7,"np":4,"gz":12.53,"hot":3},"geometry":{"type":"Polygon","coordinates":[[[83.01493,25.31404],[83.01461,25.31457],[83.01395,25.31457],[83.01361,25.31406],[83.01393,25.31353],[83.0146,25.31352],[83.01493,25.31404]]]}},{"type":"Feature","properties":{"n":8,"np":8,"gz":7.7,"hot":3},"geometry":{"type":"Polygon","coordinates":[[[83.01495,25.31508],[83.01463,25.31561],[83.01397,25.31562],[83.01363,25.3151],[83.01395,25.31457],[83.01461,25.31457],[83.01495,25.31508]]]}},{"type":"Feature","properties":{"n":19,"np":19,"gz":8.18,"hot":3},"geometry":{"type":"Polygon","coordinates":[[[83.01497,25.31612],[83.01465,25.31665],[83.01398,25.31666],[83.01365,25.31614],[83.01397,25.31562],[83.01463,25.31561],[83.01497,25.31612]]]}},{"type":"Feature","properties":{"n":12,"np":11,"gz":9.31,"hot":3},"geometry":{"type":"Polygon","coordinates":[[[83.01499,25.31717],[83.01466,25.31769],[83.014,25.3177],[83.01366,25.31718],[83.01398,25.31666],[83.01465,25.31665],[83.01499,25.31717]]]}},{"type":"Feature","properties":{"n":0,"np":0,"gz":5.93,"hot":3},"geometry":{"type":"Polygon","coordinates":[[[83.015,25.31821],[83.01468,25.31873],[83.01402,25.31874],[83.01368,25.31823],[83.014,25.3177],[83.01466,25.31769],[83.015,25.31821]]]}},{"type":"Feature","properties":{"n":2,"np":3,"gz":3.03,"hot":0},"geometry":{"type":"Polygon","coordinates":[[[83.01502,25.31925],[83.0147,25.31978],[83.01404,25.31979],[83.0137,25.31927],[83.01402,25.31874],[83.01468,25.31873],[83.01502,25.31925]]]}},{"type":"Feature","properties":{"n":14,"np":11,"gz":10.28,"hot":3},"geometry":{"type":"Polygon","coordinates":[[[83.01504,25.32029],[83.01472,25.32082],[83.01405,25.32083],[83.01371,25.32031],[83.01404,25.31979],[83.0147,25.31978],[83.01504,25.32029]]]}},{"type":"Feature","properties":{"n":12,"np":7,"gz":13.34,"hot":3},"geometry":{"type":"Polygon","coordinates":[[[83.01506,25.32133],[83.01473,25.32186],[83.01407,25.32187],[83.01373,25.32135],[83.01405,25.32083],[83.01472,25.32082],[83.01506,25.32133]]]}},{"type":"Feature","properties":{"n":12,"np":9,"gz":7.06,"hot":3},"geometry":{"type":"Polygon","coordinates":[[[83.01507,25.32238],[83.01475,25.3229],[83.01409,25.32291],[83.01375,25.3224],[83.01407,25.32187],[83.01473,25.32186],[83.01507,25.32238]]]}},{"type":"Feature","properties":{"n":1,"np":2,"gz":3.19,"hot":2},"geometry":{"type":"Polygon","coordinates":[[[83.01509,25.32342],[83.01477,25.32394],[83.01411,25.32395],[83.01377,25.32344],[83.01409,25.32291],[83.01475,25.3229],[83.01509,25.32342]]]}},{"type":"Feature","properties":{"n":1,"np":0,"gz":-0.19,"hot":0},"geometry":{"type":"Polygon","coordinates":[[[83.01523,25.33176],[83.01491,25.33228],[83.01424,25.33229],[83.0139,25.33177],[83.01423,25.33125],[83.01489,25.33124],[83.01523,25.33176]]]}},{"type":"Feature","properties":{"n":0,"np":1,"gz":0.45,"hot":0},"geometry":{"type":"Polygon","coordinates":[[[83.01525,25.3328],[83.01492,25.33332],[83.01426,25.33333],[83.01392,25.33282],[83.01424,25.33229],[83.01491,25.33228],[83.01525,25.3328]]]}},{"type":"Feature","properties":{"n":1,"np":1,"gz":0.45,"hot":0},"geometry":{"type":"Polygon","coordinates":[[[83.01526,25.33384],[83.01494,25.33437],[83.01428,25.33437],[83.01394,25.33386],[83.01426,25.33333],[83.01492,25.33332],[83.01526,25.33384]]]}},{"type":"Feature","properties":{"n":1,"np":0,"gz":0.29,"hot":0},"geometry":{"type":"Polygon","coordinates":[[[83.01521,25.27078],[83.01489,25.2713],[83.01423,25.27131],[83.01389,25.2708],[83.01421,25.27027],[83.01487,25.27026],[83.01521,25.27078]]]}},{"type":"Feature","properties":{"n":3,"np":0,"gz":0.29,"hot":0},"geometry":{"type":"Polygon","coordinates":[[[83.01523,25.27182],[83.01491,25.27235],[83.01425,25.27235],[83.01391,25.27184],[83.01423,25.27131],[83.01489,25.2713],[83.01523,25.27182]]]}},{"type":"Feature","properties":{"n":2,"np":4,"gz":14.14,"hot":3},"geometry":{"type":"Polygon","coordinates":[[[83.01588,25.31142],[83.01556,25.31195],[83.0149,25.31196],[83.01456,25.31144],[83.01488,25.31091],[83.01554,25.3109],[83.01588,25.31142]]]}},{"type":"Feature","properties":{"n":43,"np":33,"gz":21.71,"hot":3},"geometry":{"type":"Polygon","coordinates":[[[83.0159,25.31246],[83.01558,25.31299],[83.01492,25.313],[83.01458,25.31248],[83.0149,25.31196],[83.01556,25.31195],[83.0159,25.31246]]]}},{"type":"Feature","properties":{"n":39,"np":28,"gz":18.81,"hot":3},"geometry":{"type":"Polygon","coordinates":[[[83.01592,25.31351],[83.0156,25.31403],[83.01493,25.31404],[83.0146,25.31352],[83.01492,25.313],[83.01558,25.31299],[83.01592,25.31351]]]}},{"type":"Feature","properties":{"n":3,"np":5,"gz":12.21,"hot":3},"geometry":{"type":"Polygon","coordinates":[[[83.01594,25.31455],[83.01561,25.31507],[83.01495,25.31508],[83.01461,25.31457],[83.01493,25.31404],[83.0156,25.31403],[83.01594,25.31455]]]}},{"type":"Feature","properties":{"n":3,"np":2,"gz":7.86,"hot":3},"geometry":{"type":"Polygon","coordinates":[[[83.01595,25.31559],[83.01563,25.31612],[83.01497,25.31612],[83.01463,25.31561],[83.01495,25.31508],[83.01561,25.31507],[83.01595,25.31559]]]}},{"type":"Feature","properties":{"n":2,"np":4,"gz":13.18,"hot":3},"geometry":{"type":"Polygon","coordinates":[[[83.01597,25.31663],[83.01565,25.31716],[83.01499,25.31717],[83.01465,25.31665],[83.01497,25.31612],[83.01563,25.31612],[83.01597,25.31663]]]}},{"type":"Feature","properties":{"n":24,"np":10,"gz":10.12,"hot":3},"geometry":{"type":"Polygon","coordinates":[[[83.01599,25.31767],[83.01567,25.3182],[83.015,25.31821],[83.01466,25.31769],[83.01499,25.31717],[83.01565,25.31716],[83.01599,25.31767]]]}},{"type":"Feature","properties":{"n":0,"np":0,"gz":6.25,"hot":3},"geometry":{"type":"Polygon","coordinates":[[[83.01601,25.31872],[83.01568,25.31924],[83.01502,25.31925],[83.01468,25.31873],[83.015,25.31821],[83.01567,25.3182],[83.01601,25.31872]]]}},{"type":"Feature","properties":{"n":2,"np":2,"gz":6.89,"hot":3},"geometry":{"type":"Polygon","coordinates":[[[83.01602,25.31976],[83.0157,25.32028],[83.01504,25.32029],[83.0147,25.31978],[83.01502,25.31925],[83.01568,25.31924],[83.01602,25.31976]]]}},{"type":"Feature","properties":{"n":21,"np":18,"gz":10.12,"hot":3},"geometry":{"type":"Polygon","coordinates":[[[83.01604,25.3208],[83.01572,25.32133],[83.01506,25.32133],[83.01472,25.32082],[83.01504,25.32029],[83.0157,25.32028],[83.01604,25.3208]]]}},{"type":"Feature","properties":{"n":10,"np":10,"gz":10.6,"hot":3},"geometry":{"type":"Polygon","coordinates":[[[83.01606,25.32184],[83.01573,25.32237],[83.01507,25.32238],[83.01473,25.32186],[83.01506,25.32133],[83.01572,25.32133],[83.01606,25.32184]]]}},{"type":"Feature","properties":{"n":6,"np":2,"gz":5.28,"hot":3},"geometry":{"type":"Polygon","coordinates":[[[83.01607,25.32288],[83.01575,25.32341],[83.01509,25.32342],[83.01475,25.3229],[83.01507,25.32238],[83.01573,25.32237],[83.01607,25.32288]]]}},{"type":"Feature","properties":{"n":1,"np":0,"gz":-0.35,"hot":0},"geometry":{"type":"Polygon","coordinates":[[[83.0162,25.33018],[83.01587,25.3307],[83.01521,25.33071],[83.01487,25.3302],[83.01519,25.32967],[83.01586,25.32966],[83.0162,25.33018]]]}},{"type":"Feature","properties":{"n":1,"np":1,"gz":-0.19,"hot":0},"geometry":{"type":"Polygon","coordinates":[[[83.01625,25.33331],[83.01592,25.33383],[83.01526,25.33384],[83.01492,25.33332],[83.01525,25.3328],[83.01591,25.33279],[83.01625,25.33331]]]}},{"type":"Feature","properties":{"n":1,"np":0,"gz":-0.35,"hot":0},"geometry":{"type":"Polygon","coordinates":[[[83.01601,25.25878],[83.01568,25.25931],[83.01502,25.25931],[83.01468,25.2588],[83.01501,25.25827],[83.01567,25.25826],[83.01601,25.25878]]]}},{"type":"Feature","properties":{"n":0,"np":3,"gz":7.7,"hot":3},"geometry":{"type":"Polygon","coordinates":[[[83.01689,25.31193],[83.01656,25.31245],[83.0159,25.31246],[83.01556,25.31195],[83.01588,25.31142],[83.01655,25.31141],[83.01689,25.31193]]]}},{"type":"Feature","properties":{"n":6,"np":11,"gz":15.43,"hot":3},"geometry":{"type":"Polygon","coordinates":[[[83.0169,25.31297],[83.01658,25.3135],[83.01592,25.31351],[83.01558,25.31299],[83.0159,25.31246],[83.01656,25.31245],[83.0169,25.31297]]]}},{"type":"Feature","properties":{"n":11,"np":10,"gz":13.18,"hot":3},"geometry":{"type":"Polygon","coordinates":[[[83.01692,25.31401],[83.0166,25.31454],[83.01594,25.31455],[83.0156,25.31403],[83.01592,25.31351],[83.01658,25.3135],[83.01692,25.31401]]]}},{"type":"Feature","properties":{"n":8,"np":6,"gz":9.95,"hot":3},"geometry":{"type":"Polygon","coordinates":[[[83.01694,25.31505],[83.01662,25.31558],[83.01595,25.31559],[83.01561,25.31507],[83.01594,25.31455],[83.0166,25.31454],[83.01694,25.31505]]]}},{"type":"Feature","properties":{"n":9,"np":9,"gz":8.02,"hot":3},"geometry":{"type":"Polygon","coordinates":[[[83.01696,25.3161],[83.01663,25.31662],[83.01597,25.31663],[83.01563,25.31612],[83.01595,25.31559],[83.01662,25.31558],[83.01696,25.3161]]]}},{"type":"Feature","properties":{"n":16,"np":20,"gz":9.95,"hot":3},"geometry":{"type":"Polygon","coordinates":[[[83.01697,25.31714],[83.01665,25.31766],[83.01599,25.31767],[83.01565,25.31716],[83.01597,25.31663],[83.01663,25.31662],[83.01697,25.31714]]]}},{"type":"Feature","properties":{"n":12,"np":18,"gz":9.15,"hot":3},"geometry":{"type":"Polygon","coordinates":[[[83.01699,25.31818],[83.01667,25.31871],[83.01601,25.31872],[83.01567,25.3182],[83.01599,25.31767],[83.01665,25.31766],[83.01699,25.31818]]]}},{"type":"Feature","properties":{"n":2,"np":2,"gz":4.16,"hot":3},"geometry":{"type":"Polygon","coordinates":[[[83.01701,25.31922],[83.01668,25.31975],[83.01602,25.31976],[83.01568,25.31924],[83.01601,25.31872],[83.01667,25.31871],[83.01701,25.31922]]]}},{"type":"Feature","properties":{"n":5,"np":2,"gz":7.06,"hot":3},"geometry":{"type":"Polygon","coordinates":[[[83.01702,25.32027],[83.0167,25.32079],[83.01604,25.3208],[83.0157,25.32028],[83.01602,25.31976],[83.01668,25.31975],[83.01702,25.32027]]]}},{"type":"Feature","properties":{"n":2,"np":7,"gz":9.31,"hot":3},"geometry":{"type":"Polygon","coordinates":[[[83.01704,25.32131],[83.01672,25.32183],[83.01606,25.32184],[83.01572,25.32133],[83.01604,25.3208],[83.0167,25.32079],[83.01704,25.32131]]]}},{"type":"Feature","properties":{"n":6,"np":5,"gz":4.32,"hot":3},"geometry":{"type":"Polygon","coordinates":[[[83.01706,25.32235],[83.01674,25.32288],[83.01607,25.32288],[83.01573,25.32237],[83.01606,25.32184],[83.01672,25.32183],[83.01706,25.32235]]]}},{"type":"Feature","properties":{"n":1,"np":1,"gz":2.38,"hot":0},"geometry":{"type":"Polygon","coordinates":[[[83.01708,25.32339],[83.01675,25.32392],[83.01609,25.32393],[83.01575,25.32341],[83.01607,25.32288],[83.01674,25.32288],[83.01708,25.32339]]]}},{"type":"Feature","properties":{"n":0,"np":0,"gz":5.12,"hot":3},"geometry":{"type":"Polygon","coordinates":[[[83.0179,25.31348],[83.01758,25.314],[83.01692,25.31401],[83.01658,25.3135],[83.0169,25.31297],[83.01757,25.31296],[83.0179,25.31348]]]}},{"type":"Feature","properties":{"n":18,"np":14,"gz":21.55,"hot":3},"geometry":{"type":"Polygon","coordinates":[[[83.01792,25.31452],[83.0176,25.31505],[83.01694,25.31505],[83.0166,25.31454],[83.01692,25.31401],[83.01758,25.314],[83.01792,25.31452]]]}},{"type":"Feature","properties":{"n":13,"np":13,"gz":28.8,"hot":3},"geometry":{"type":"Polygon","coordinates":[[[83.01794,25.31556],[83.01762,25.31609],[83.01696,25.3161],[83.01662,25.31558],[83.01694,25.31505],[83.0176,25.31505],[83.01794,25.31556]]]}},{"type":"Feature","properties":{"n":2,"np":2,"gz":13.82,"hot":3},"geometry":{"type":"Polygon","coordinates":[[[83.01796,25.3166],[83.01763,25.31713],[83.01697,25.31714],[83.01663,25.31662],[83.01696,25.3161],[83.01762,25.31609],[83.01796,25.3166]]]}},{"type":"Feature","properties":{"n":0,"np":0,"gz":6.89,"hot":3},"geometry":{"type":"Polygon","coordinates":[[[83.01797,25.31765],[83.01765,25.31817],[83.01699,25.31818],[83.01665,25.31766],[83.01697,25.31714],[83.01763,25.31713],[83.01797,25.31765]]]}},{"type":"Feature","properties":{"n":6,"np":4,"gz":4.96,"hot":3},"geometry":{"type":"Polygon","coordinates":[[[83.01799,25.31869],[83.01767,25.31921],[83.01701,25.31922],[83.01667,25.31871],[83.01699,25.31818],[83.01765,25.31817],[83.01799,25.31869]]]}},{"type":"Feature","properties":{"n":2,"np":2,"gz":5.61,"hot":3},"geometry":{"type":"Polygon","coordinates":[[[83.01801,25.31973],[83.01769,25.32026],[83.01702,25.32027],[83.01668,25.31975],[83.01701,25.31922],[83.01767,25.31921],[83.01801,25.31973]]]}},{"type":"Feature","properties":{"n":13,"np":13,"gz":5.77,"hot":3},"geometry":{"type":"Polygon","coordinates":[[[83.01803,25.32077],[83.0177,25.3213],[83.01704,25.32131],[83.0167,25.32079],[83.01702,25.32027],[83.01769,25.32026],[83.01803,25.32077]]]}},{"type":"Feature","properties":{"n":4,"np":4,"gz":5.12,"hot":3},"geometry":{"type":"Polygon","coordinates":[[[83.01804,25.32182],[83.01772,25.32234],[83.01706,25.32235],[83.01672,25.32183],[83.01704,25.32131],[83.0177,25.3213],[83.01804,25.32182]]]}},{"type":"Feature","properties":{"n":1,"np":1,"gz":3.19,"hot":2},"geometry":{"type":"Polygon","coordinates":[[[83.01806,25.32286],[83.01774,25.32338],[83.01708,25.32339],[83.01674,25.32288],[83.01706,25.32235],[83.01772,25.32234],[83.01806,25.32286]]]}},{"type":"Feature","properties":{"n":4,"np":4,"gz":1.58,"hot":0},"geometry":{"type":"Polygon","coordinates":[[[83.01808,25.3239],[83.01776,25.32442],[83.01709,25.32443],[83.01675,25.32392],[83.01708,25.32339],[83.01774,25.32338],[83.01808,25.3239]]]}},{"type":"Feature","properties":{"n":0,"np":0,"gz":16.4,"hot":3},"geometry":{"type":"Polygon","coordinates":[[[83.01891,25.31399],[83.01858,25.31451],[83.01792,25.31452],[83.01758,25.314],[83.0179,25.31348],[83.01857,25.31347],[83.01891,25.31399]]]}},{"type":"Feature","properties":{"n":87,"np":83,"gz":26.71,"hot":3},"geometry":{"type":"Polygon","coordinates":[[[83.01892,25.31503],[83.0186,25.31555],[83.01794,25.31556],[83.0176,25.31505],[83.01792,25.31452],[83.01858,25.31451],[83.01892,25.31503]]]}},{"type":"Feature","properties":{"n":45,"np":19,"gz":25.58,"hot":3},"geometry":{"type":"Polygon","coordinates":[[[83.01894,25.31607],[83.01862,25.3166],[83.01796,25.3166],[83.01762,25.31609],[83.01794,25.31556],[83.0186,25.31555],[83.01894,25.31607]]]}},{"type":"Feature","properties":{"n":4,"np":4,"gz":9.79,"hot":3},"geometry":{"type":"Polygon","coordinates":[[[83.01896,25.31711],[83.01864,25.31764],[83.01797,25.31765],[83.01763,25.31713],[83.01796,25.3166],[83.01862,25.3166],[83.01896,25.31711]]]}},{"type":"Feature","properties":{"n":6,"np":5,"gz":3.67,"hot":3},"geometry":{"type":"Polygon","coordinates":[[[83.01898,25.31815],[83.01865,25.31868],[83.01799,25.31869],[83.01765,25.31817],[83.01797,25.31765],[83.01864,25.31764],[83.01898,25.31815]]]}},{"type":"Feature","properties":{"n":6,"np":5,"gz":4.32,"hot":3},"geometry":{"type":"Polygon","coordinates":[[[83.01899,25.3192],[83.01867,25.31972],[83.01801,25.31973],[83.01767,25.31921],[83.01799,25.31869],[83.01865,25.31868],[83.01899,25.3192]]]}},{"type":"Feature","properties":{"n":4,"np":4,"gz":7.22,"hot":3},"geometry":{"type":"Polygon","coordinates":[[[83.01901,25.32024],[83.01869,25.32076],[83.01803,25.32077],[83.01769,25.32026],[83.01801,25.31973],[83.01867,25.31972],[83.01901,25.32024]]]}},{"type":"Feature","properties":{"n":9,"np":10,"gz":6.73,"hot":3},"geometry":{"type":"Polygon","coordinates":[[[83.01903,25.32128],[83.01871,25.32181],[83.01804,25.32182],[83.0177,25.3213],[83.01803,25.32077],[83.01869,25.32076],[83.01903,25.32128]]]}},{"type":"Feature","properties":{"n":0,"np":0,"gz":3.67,"hot":3},"geometry":{"type":"Polygon","coordinates":[[[83.01904,25.32232],[83.01872,25.32285],[83.01806,25.32286],[83.01772,25.32234],[83.01804,25.32182],[83.01871,25.32181],[83.01904,25.32232]]]}},{"type":"Feature","properties":{"n":7,"np":6,"gz":1.42,"hot":0},"geometry":{"type":"Polygon","coordinates":[[[83.01906,25.32336],[83.01874,25.32389],[83.01808,25.3239],[83.01774,25.32338],[83.01806,25.32286],[83.01872,25.32285],[83.01906,25.32336]]]}},{"type":"Feature","properties":{"n":1,"np":0,"gz":-0.35,"hot":0},"geometry":{"type":"Polygon","coordinates":[[[83.01898,25.25822],[83.01865,25.25874],[83.01799,25.25875],[83.01765,25.25824],[83.01797,25.25771],[83.01864,25.2577],[83.01898,25.25822]]]}},{"type":"Feature","properties":{"n":1,"np":0,"gz":-0.03,"hot":0},"geometry":{"type":"Polygon","coordinates":[[[83.01903,25.26134],[83.01871,25.26187],[83.01804,25.26188],[83.0177,25.26136],[83.01803,25.26084],[83.01869,25.26083],[83.01903,25.26134]]]}},{"type":"Feature","properties":{"n":1,"np":0,"gz":0.13,"hot":0},"geometry":{"type":"Polygon","coordinates":[[[83.01906,25.26343],[83.01874,25.26395],[83.01808,25.26396],[83.01774,25.26345],[83.01806,25.26292],[83.01872,25.26291],[83.01906,25.26343]]]}},{"type":"Feature","properties":{"n":1,"np":0,"gz":-0.35,"hot":0},"geometry":{"type":"Polygon","coordinates":[[[83.0191,25.26551],[83.01877,25.26604],[83.01811,25.26605],[83.01777,25.26553],[83.0181,25.26501],[83.01876,25.265],[83.0191,25.26551]]]}},{"type":"Feature","properties":{"n":0,"np":0,"gz":14.46,"hot":3},"geometry":{"type":"Polygon","coordinates":[[[83.01991,25.31449],[83.01959,25.31502],[83.01892,25.31503],[83.01858,25.31451],[83.01891,25.31399],[83.01957,25.31398],[83.01991,25.31449]]]}},{"type":"Feature","properties":{"n":6,"np":25,"gz":22.68,"hot":3},"geometry":{"type":"Polygon","coordinates":[[[83.01993,25.31554],[83.0196,25.31606],[83.01894,25.31607],[83.0186,25.31555],[83.01892,25.31503],[83.01959,25.31502],[83.01993,25.31554]]]}},{"type":"Feature","properties":{"n":5,"np":15,"gz":14.63,"hot":3},"geometry":{"type":"Polygon","coordinates":[[[83.01994,25.31658],[83.01962,25.3171],[83.01896,25.31711],[83.01862,25.3166],[83.01894,25.31607],[83.0196,25.31606],[83.01994,25.31658]]]}},{"type":"Feature","properties":{"n":2,"np":1,"gz":7.86,"hot":3},"geometry":{"type":"Polygon","coordinates":[[[83.01996,25.31762],[83.01964,25.31814],[83.01898,25.31815],[83.01864,25.31764],[83.01896,25.31711],[83.01962,25.3171],[83.01996,25.31762]]]}},{"type":"Feature","properties":{"n":2,"np":3,"gz":3.67,"hot":3},"geometry":{"type":"Polygon","coordinates":[[[83.01998,25.31866],[83.01965,25.31919],[83.01899,25.3192],[83.01865,25.31868],[83.01898,25.31815],[83.01964,25.31814],[83.01998,25.31866]]]}},{"type":"Feature","properties":{"n":4,"np":4,"gz":4.64,"hot":3},"geometry":{"type":"Polygon","coordinates":[[[83.01999,25.3197],[83.01967,25.32023],[83.01901,25.32024],[83.01867,25.31972],[83.01899,25.3192],[83.01965,25.31919],[83.01999,25.3197]]]}},{"type":"Feature","properties":{"n":10,"np":7,"gz":4.96,"hot":3},"geometry":{"type":"Polygon","coordinates":[[[83.02001,25.32075],[83.01969,25.32127],[83.01903,25.32128],[83.01869,25.32076],[83.01901,25.32024],[83.01967,25.32023],[83.02001,25.32075]]]}},{"type":"Feature","properties":{"n":5,"np":2,"gz":3.35,"hot":3},"geometry":{"type":"Polygon","coordinates":[[[83.02003,25.32179],[83.01971,25.32231],[83.01904,25.32232],[83.01871,25.32181],[83.01903,25.32128],[83.01969,25.32127],[83.02003,25.32179]]]}},{"type":"Feature","properties":{"n":1,"np":1,"gz":-0.03,"hot":0},"geometry":{"type":"Polygon","coordinates":[[[83.02017,25.33012],[83.01985,25.33065],[83.01918,25.33066],[83.01884,25.33014],[83.01917,25.32962],[83.01983,25.32961],[83.02017,25.33012]]]}},{"type":"Feature","properties":{"n":2,"np":0,"gz":0.13,"hot":0},"geometry":{"type":"Polygon","coordinates":[[[83.02001,25.26081],[83.01969,25.26134],[83.01903,25.26134],[83.01869,25.26083],[83.01901,25.2603],[83.01967,25.26029],[83.02001,25.26081]]]}},{"type":"Feature","properties":{"n":3,"np":0,"gz":0.29,"hot":0},"geometry":{"type":"Polygon","coordinates":[[[83.02005,25.26289],[83.01972,25.26342],[83.01906,25.26343],[83.01872,25.26291],[83.01904,25.26239],[83.01971,25.26238],[83.02005,25.26289]]]}},{"type":"Feature","properties":{"n":1,"np":0,"gz":6.41,"hot":3},"geometry":{"type":"Polygon","coordinates":[[[83.02093,25.31604],[83.0206,25.31657],[83.01994,25.31658],[83.0196,25.31606],[83.01993,25.31554],[83.02059,25.31553],[83.02093,25.31604]]]}},{"type":"Feature","properties":{"n":31,"np":34,"gz":6.41,"hot":3},"geometry":{"type":"Polygon","coordinates":[[[83.02094,25.31708],[83.02062,25.31761],[83.01996,25.31762],[83.01962,25.3171],[83.01994,25.31658],[83.0206,25.31657],[83.02094,25.31708]]]}},{"type":"Feature","properties":{"n":2,"np":2,"gz":7.86,"hot":3},"geometry":{"type":"Polygon","coordinates":[[[83.02096,25.31813],[83.02064,25.31865],[83.01998,25.31866],[83.01964,25.31814],[83.01996,25.31762],[83.02062,25.31761],[83.02096,25.31813]]]}},{"type":"Feature","properties":{"n":4,"np":3,"gz":4.32,"hot":3},"geometry":{"type":"Polygon","coordinates":[[[83.02098,25.31917],[83.02066,25.31969],[83.01999,25.3197],[83.01965,25.31919],[83.01998,25.31866],[83.02064,25.31865],[83.02098,25.31917]]]}},{"type":"Feature","properties":{"n":2,"np":3,"gz":3.83,"hot":3},"geometry":{"type":"Polygon","coordinates":[[[83.021,25.32021],[83.02067,25.32074],[83.02001,25.32075],[83.01967,25.32023],[83.01999,25.3197],[83.02066,25.31969],[83.021,25.32021]]]}},{"type":"Feature","properties":{"n":0,"np":2,"gz":2.38,"hot":0},"geometry":{"type":"Polygon","coordinates":[[[83.02101,25.32125],[83.02069,25.32178],[83.02003,25.32179],[83.01969,25.32127],[83.02001,25.32075],[83.02067,25.32074],[83.02101,25.32125]]]}},{"type":"Feature","properties":{"n":2,"np":2,"gz":0.29,"hot":0},"geometry":{"type":"Polygon","coordinates":[[[83.02117,25.33063],[83.02085,25.33116],[83.02018,25.33117],[83.01985,25.33065],[83.02017,25.33012],[83.02083,25.33012],[83.02117,25.33063]]]}},{"type":"Feature","properties":{"n":1,"np":0,"gz":0.13,"hot":0},"geometry":{"type":"Polygon","coordinates":[[[83.02101,25.26132],[83.02069,25.26184],[83.02003,25.26185],[83.01969,25.26134],[83.02001,25.26081],[83.02067,25.2608],[83.02101,25.26132]]]}},{"type":"Feature","properties":{"n":1,"np":0,"gz":0.29,"hot":0},"geometry":{"type":"Polygon","coordinates":[[[83.02103,25.26236],[83.02071,25.26288],[83.02005,25.26289],[83.01971,25.26238],[83.02003,25.26185],[83.02069,25.26184],[83.02103,25.26236]]]}},{"type":"Feature","properties":{"n":0,"np":1,"gz":-0.35,"hot":0},"geometry":{"type":"Polygon","coordinates":[[[83.02191,25.31551],[83.02159,25.31603],[83.02093,25.31604],[83.02059,25.31553],[83.02091,25.315],[83.02157,25.31499],[83.02191,25.31551]]]}},{"type":"Feature","properties":{"n":0,"np":1,"gz":4.96,"hot":3},"geometry":{"type":"Polygon","coordinates":[[[83.02193,25.31655],[83.02161,25.31708],[83.02094,25.31708],[83.0206,25.31657],[83.02093,25.31604],[83.02159,25.31603],[83.02193,25.31655]]]}},{"type":"Feature","properties":{"n":2,"np":1,"gz":9.15,"hot":3},"geometry":{"type":"Polygon","coordinates":[[[83.02195,25.31759],[83.02162,25.31812],[83.02096,25.31813],[83.02062,25.31761],[83.02094,25.31708],[83.02161,25.31708],[83.02195,25.31759]]]}},{"type":"Feature","properties":{"n":9,"np":5,"gz":8.02,"hot":3},"geometry":{"type":"Polygon","coordinates":[[[83.02196,25.31863],[83.02164,25.31916],[83.02098,25.31917],[83.02064,25.31865],[83.02096,25.31813],[83.02162,25.31812],[83.02196,25.31863]]]}},{"type":"Feature","properties":{"n":7,"np":6,"gz":7.86,"hot":3},"geometry":{"type":"Polygon","coordinates":[[[83.02198,25.31968],[83.02166,25.3202],[83.021,25.32021],[83.02066,25.31969],[83.02098,25.31917],[83.02164,25.31916],[83.02198,25.31968]]]}},{"type":"Feature","properties":{"n":0,"np":0,"gz":4.48,"hot":3},"geometry":{"type":"Polygon","coordinates":[[[83.022,25.32072],[83.02168,25.32124],[83.02101,25.32125],[83.02067,25.32074],[83.021,25.32021],[83.02166,25.3202],[83.022,25.32072]]]}},{"type":"Feature","properties":{"n":1,"np":0,"gz":0.29,"hot":0},"geometry":{"type":"Polygon","coordinates":[[[83.02201,25.32176],[83.02169,25.32229],[83.02103,25.3223],[83.02069,25.32178],[83.02101,25.32125],[83.02168,25.32124],[83.02201,25.32176]]]}},{"type":"Feature","properties":{"n":2,"np":0,"gz":3.03,"hot":0},"geometry":{"type":"Polygon","coordinates":[[[83.02207,25.32489],[83.02174,25.32541],[83.02108,25.32542],[83.02074,25.32491],[83.02107,25.32438],[83.02173,25.32437],[83.02207,25.32489]]]}},{"type":"Feature","properties":{"n":2,"np":2,"gz":0.29,"hot":0},"geometry":{"type":"Polygon","coordinates":[[[83.02215,25.3301],[83.02183,25.33062],[83.02117,25.33063],[83.02083,25.33012],[83.02115,25.32959],[83.02181,25.32958],[83.02215,25.3301]]]}},{"type":"Feature","properties":{"n":1,"np":0,"gz":-0.35,"hot":0},"geometry":{"type":"Polygon","coordinates":[[[83.02194,25.25766],[83.02162,25.25818],[83.02096,25.25819],[83.02062,25.25767],[83.02094,25.25715],[83.0216,25.25714],[83.02194,25.25766]]]}},{"type":"Feature","properties":{"n":0,"np":8,"gz":-0.52,"hot":0},"geometry":{"type":"Polygon","coordinates":[[[83.0229,25.31497],[83.02257,25.3155],[83.02191,25.31551],[83.02157,25.31499],[83.02189,25.31447],[83.02256,25.31446],[83.0229,25.31497]]]}},{"type":"Feature","properties":{"n":0,"np":5,"gz":2.38,"hot":0},"geometry":{"type":"Polygon","coordinates":[[[83.02293,25.31706],[83.02261,25.31758],[83.02195,25.31759],[83.02161,25.31708],[83.02193,25.31655],[83.02259,25.31654],[83.02293,25.31706]]]}},{"type":"Feature","properties":{"n":16,"np":16,"gz":10.76,"hot":3},"geometry":{"type":"Polygon","coordinates":[[[83.02295,25.3181],[83.02262,25.31863],[83.02196,25.31863],[83.02162,25.31812],[83.02195,25.31759],[83.02261,25.31758],[83.02295,25.3181]]]}},{"type":"Feature","properties":{"n":13,"np":10,"gz":19.94,"hot":3},"geometry":{"type":"Polygon","coordinates":[[[83.02296,25.31914],[83.02264,25.31967],[83.02198,25.31968],[83.02164,25.31916],[83.02196,25.31863],[83.02262,25.31863],[83.02296,25.31914]]]}},{"type":"Feature","properties":{"n":17,"np":17,"gz":12.05,"hot":3},"geometry":{"type":"Polygon","coordinates":[[[83.02298,25.32018],[83.02266,25.32071],[83.022,25.32072],[83.02166,25.3202],[83.02198,25.31968],[83.02264,25.31967],[83.02298,25.32018]]]}},{"type":"Feature","properties":{"n":4,"np":3,"gz":3.35,"hot":3},"geometry":{"type":"Polygon","coordinates":[[[83.023,25.32123],[83.02268,25.32175],[83.02201,25.32176],[83.02168,25.32124],[83.022,25.32072],[83.02266,25.32071],[83.023,25.32123]]]}},{"type":"Feature","properties":{"n":3,"np":2,"gz":0.29,"hot":0},"geometry":{"type":"Polygon","coordinates":[[[83.02303,25.32331],[83.02271,25.32384],[83.02205,25.32384],[83.02171,25.32333],[83.02203,25.3228],[83.02269,25.32279],[83.02303,25.32331]]]}},{"type":"Feature","properties":{"n":0,"np":0,"gz":3.99,"hot":3},"geometry":{"type":"Polygon","coordinates":[[[83.02305,25.32435],[83.02273,25.32488],[83.02207,25.32489],[83.02173,25.32437],[83.02205,25.32384],[83.02271,25.32384],[83.02305,25.32435]]]}},{"type":"Feature","properties":{"n":20,"np":17,"gz":3.51,"hot":3},"geometry":{"type":"Polygon","coordinates":[[[83.02307,25.32539],[83.02275,25.32592],[83.02208,25.32593],[83.02174,25.32541],[83.02207,25.32489],[83.02273,25.32488],[83.02307,25.32539]]]}},{"type":"Feature","properties":{"n":1,"np":1,"gz":0.45,"hot":0},"geometry":{"type":"Polygon","coordinates":[[[83.02316,25.33061],[83.02283,25.33113],[83.02217,25.33114],[83.02183,25.33062],[83.02215,25.3301],[83.02282,25.33009],[83.02316,25.33061]]]}},{"type":"Feature","properties":{"n":1,"np":0,"gz":-0.19,"hot":0},"geometry":{"type":"Polygon","coordinates":[[[83.02288,25.254],[83.02255,25.25452],[83.02189,25.25453],[83.02155,25.25401],[83.02188,25.25349],[83.02254,25.25348],[83.02288,25.254]]]}},{"type":"Feature","properties":{"n":1,"np":0,"gz":-0.19,"hot":0},"geometry":{"type":"Polygon","coordinates":[[[83.02289,25.25504],[83.02257,25.25556],[83.02191,25.25557],[83.02157,25.25506],[83.02189,25.25453],[83.02255,25.25452],[83.02289,25.25504]]]}},{"type":"Feature","properties":{"n":1,"np":0,"gz":-0.35,"hot":0},"geometry":{"type":"Polygon","coordinates":[[[83.02296,25.25921],[83.02264,25.25973],[83.02198,25.25974],[83.02164,25.25922],[83.02196,25.2587],[83.02262,25.25869],[83.02296,25.25921]]]}},{"type":"Feature","properties":{"n":0,"np":0,"gz":6.89,"hot":3},"geometry":{"type":"Polygon","coordinates":[[[83.02393,25.31756],[83.02361,25.31809],[83.02295,25.3181],[83.02261,25.31758],[83.02293,25.31706],[83.02359,25.31705],[83.02393,25.31756]]]}},{"type":"Feature","properties":{"n":30,"np":26,"gz":14.63,"hot":3},"geometry":{"type":"Polygon","coordinates":[[[83.02395,25.31861],[83.02363,25.31913],[83.02296,25.31914],[83.02262,25.31863],[83.02295,25.3181],[83.02361,25.31809],[83.02395,25.31861]]]}},{"type":"Feature","properties":{"n":35,"np":33,"gz":19.3,"hot":3},"geometry":{"type":"Polygon","coordinates":[[[83.02397,25.31965],[83.02364,25.32017],[83.02298,25.32018],[83.02264,25.31967],[83.02296,25.31914],[83.02363,25.31913],[83.02397,25.31965]]]}},{"type":"Feature","properties":{"n":2,"np":1,"gz":14.3,"hot":3},"geometry":{"type":"Polygon","coordinates":[[[83.02398,25.32069],[83.02366,25.32122],[83.023,25.32123],[83.02266,25.32071],[83.02298,25.32018],[83.02364,25.32017],[83.02398,25.32069]]]}},{"type":"Feature","properties":{"n":2,"np":0,"gz":0.77,"hot":0},"geometry":{"type":"Polygon","coordinates":[[[83.02402,25.32278],[83.0237,25.3233],[83.02303,25.32331],[83.02269,25.32279],[83.02302,25.32227],[83.02368,25.32226],[83.02402,25.32278]]]}},{"type":"Feature","properties":{"n":3,"np":4,"gz":3.19,"hot":2},"geometry":{"type":"Polygon","coordinates":[[[83.02405,25.32486],[83.02373,25.32539],[83.02307,25.32539],[83.02273,25.32488],[83.02305,25.32435],[83.02371,25.32434],[83.02405,25.32486]]]}},{"type":"Feature","properties":{"n":0,"np":0,"gz":3.19,"hot":2},"geometry":{"type":"Polygon","coordinates":[[[83.02407,25.3259],[83.02375,25.32643],[83.02309,25.32644],[83.02275,25.32592],[83.02307,25.32539],[83.02373,25.32539],[83.02407,25.3259]]]}},{"type":"Feature","properties":{"n":3,"np":2,"gz":0.45,"hot":0},"geometry":{"type":"Polygon","coordinates":[[[83.02414,25.33007],[83.02382,25.3306],[83.02316,25.33061],[83.02282,25.33009],[83.02314,25.32956],[83.0238,25.32955],[83.02414,25.33007]]]}},{"type":"Feature","properties":{"n":0,"np":0,"gz":4.32,"hot":3},"geometry":{"type":"Polygon","coordinates":[[[83.02493,25.31807],[83.02461,25.3186],[83.02395,25.31861],[83.02361,25.31809],[83.02393,25.31756],[83.02459,25.31756],[83.02493,25.31807]]]}},{"type":"Feature","properties":{"n":0,"np":4,"gz":14.14,"hot":3},"geometry":{"type":"Polygon","coordinates":[[[83.02495,25.31911],[83.02463,25.31964],[83.02397,25.31965],[83.02363,25.31913],[83.02395,25.31861],[83.02461,25.3186],[83.02495,25.31911]]]}},{"type":"Feature","properties":{"n":26,"np":23,"gz":12.53,"hot":3},"geometry":{"type":"Polygon","coordinates":[[[83.02497,25.32016],[83.02465,25.32068],[83.02398,25.32069],[83.02364,25.32017],[83.02397,25.31965],[83.02463,25.31964],[83.02497,25.32016]]]}},{"type":"Feature","properties":{"n":8,"np":3,"gz":7.54,"hot":3},"geometry":{"type":"Polygon","coordinates":[[[83.02499,25.3212],[83.02466,25.32172],[83.024,25.32173],[83.02366,25.32122],[83.02398,25.32069],[83.02465,25.32068],[83.02499,25.3212]]]}},{"type":"Feature","properties":{"n":3,"np":0,"gz":2.38,"hot":0},"geometry":{"type":"Polygon","coordinates":[[[83.025,25.32224],[83.02468,25.32277],[83.02402,25.32278],[83.02368,25.32226],[83.024,25.32173],[83.02466,25.32172],[83.025,25.32224]]]}},{"type":"Feature","properties":{"n":2,"np":1,"gz":0.29,"hot":0},"geometry":{"type":"Polygon","coordinates":[[[83.02514,25.33058],[83.02482,25.3311],[83.02416,25.33111],[83.02382,25.3306],[83.02414,25.33007],[83.0248,25.33006],[83.02514,25.33058]]]}},{"type":"Feature","properties":{"n":0,"np":2,"gz":-0.52,"hot":0},"geometry":{"type":"Polygon","coordinates":[[[83.02593,25.31858],[83.02561,25.31911],[83.02495,25.31911],[83.02461,25.3186],[83.02493,25.31807],[83.0256,25.31806],[83.02593,25.31858]]]}},{"type":"Feature","properties":{"n":0,"np":2,"gz":5.28,"hot":3},"geometry":{"type":"Polygon","coordinates":[[[83.02595,25.31962],[83.02563,25.32015],[83.02497,25.32016],[83.02463,25.31964],[83.02495,25.31911],[83.02561,25.31911],[83.02595,25.31962]]]}},{"type":"Feature","properties":{"n":10,"np":9,"gz":7.86,"hot":3},"geometry":{"type":"Polygon","coordinates":[[[83.02597,25.32066],[83.02565,25.32119],[83.02499,25.3212],[83.02465,25.32068],[83.02497,25.32016],[83.02563,25.32015],[83.02597,25.32066]]]}},{"type":"Feature","properties":{"n":1,"np":0,"gz":4.96,"hot":3},"geometry":{"type":"Polygon","coordinates":[[[83.02599,25.32171],[83.02566,25.32223],[83.025,25.32224],[83.02466,25.32172],[83.02499,25.3212],[83.02565,25.32119],[83.02599,25.32171]]]}},{"type":"Feature","properties":{"n":4,"np":2,"gz":1.26,"hot":0},"geometry":{"type":"Polygon","coordinates":[[[83.026,25.32275],[83.02568,25.32327],[83.02502,25.32328],[83.02468,25.32277],[83.025,25.32224],[83.02566,25.32223],[83.026,25.32275]]]}},{"type":"Feature","properties":{"n":2,"np":0,"gz":0.45,"hot":0},"geometry":{"type":"Polygon","coordinates":[[[83.02602,25.32379],[83.0257,25.32432],[83.02504,25.32433],[83.0247,25.32381],[83.02502,25.32328],[83.02568,25.32327],[83.02602,25.32379]]]}},{"type":"Feature","properties":{"n":0,"np":2,"gz":-0.52,"hot":0},"geometry":{"type":"Polygon","coordinates":[[[83.02694,25.31909],[83.02661,25.31961],[83.02595,25.31962],[83.02561,25.31911],[83.02593,25.31858],[83.0266,25.31857],[83.02694,25.31909]]]}},{"type":"Feature","properties":{"n":7,"np":6,"gz":3.99,"hot":3},"geometry":{"type":"Polygon","coordinates":[[[83.02697,25.32117],[83.02665,25.3217],[83.02599,25.32171],[83.02565,25.32119],[83.02597,25.32066],[83.02663,25.32065],[83.02697,25.32117]]]}},{"type":"Feature","properties":{"n":1,"np":1,"gz":5.61,"hot":3},"geometry":{"type":"Polygon","coordinates":[[[83.02699,25.32221],[83.02667,25.32274],[83.026,25.32275],[83.02566,25.32223],[83.02599,25.32171],[83.02665,25.3217],[83.02699,25.32221]]]}},{"type":"Feature","properties":{"n":0,"np":0,"gz":3.99,"hot":3},"geometry":{"type":"Polygon","coordinates":[[[83.02701,25.32326],[83.02668,25.32378],[83.02602,25.32379],[83.02568,25.32327],[83.026,25.32275],[83.02667,25.32274],[83.02701,25.32326]]]}},{"type":"Feature","properties":{"n":9,"np":4,"gz":8.02,"hot":3},"geometry":{"type":"Polygon","coordinates":[[[83.02797,25.32168],[83.02765,25.3222],[83.02699,25.32221],[83.02665,25.3217],[83.02697,25.32117],[83.02763,25.32116],[83.02797,25.32168]]]}},{"type":"Feature","properties":{"n":16,"np":10,"gz":8.34,"hot":3},"geometry":{"type":"Polygon","coordinates":[[[83.02799,25.32272],[83.02767,25.32325],[83.02701,25.32326],[83.02667,25.32274],[83.02699,25.32221],[83.02765,25.3222],[83.02799,25.32272]]]}},{"type":"Feature","properties":{"n":5,"np":5,"gz":4.16,"hot":3},"geometry":{"type":"Polygon","coordinates":[[[83.02801,25.32376],[83.02769,25.32429],[83.02702,25.3243],[83.02668,25.32378],[83.02701,25.32326],[83.02767,25.32325],[83.02801,25.32376]]]}},{"type":"Feature","properties":{"n":2,"np":2,"gz":0.13,"hot":0},"geometry":{"type":"Polygon","coordinates":[[[83.02808,25.32793],[83.02775,25.32846],[83.02709,25.32847],[83.02675,25.32795],[83.02708,25.32742],[83.02774,25.32741],[83.02808,25.32793]]]}},{"type":"Feature","properties":{"n":1,"np":1,"gz":-0.35,"hot":0},"geometry":{"type":"Polygon","coordinates":[[[83.02773,25.24715],[83.0274,25.24768],[83.02674,25.24769],[83.0264,25.24717],[83.02672,25.24665],[83.02739,25.24664],[83.02773,25.24715]]]}},{"type":"Feature","properties":{"n":1,"np":1,"gz":4.16,"hot":3},"geometry":{"type":"Polygon","coordinates":[[[83.02896,25.32114],[83.02863,25.32167],[83.02797,25.32168],[83.02763,25.32116],[83.02796,25.32064],[83.02862,25.32063],[83.02896,25.32114]]]}},{"type":"Feature","properties":{"n":19,"np":18,"gz":8.34,"hot":3},"geometry":{"type":"Polygon","coordinates":[[[83.02897,25.32219],[83.02865,25.32271],[83.02799,25.32272],[83.02765,25.3222],[83.02797,25.32168],[83.02863,25.32167],[83.02897,25.32219]]]}},{"type":"Feature","properties":{"n":5,"np":8,"gz":8.83,"hot":3},"geometry":{"type":"Polygon","coordinates":[[[83.02899,25.32323],[83.02867,25.32375],[83.02801,25.32376],[83.02767,25.32325],[83.02799,25.32272],[83.02865,25.32271],[83.02899,25.32323]]]}},{"type":"Feature","properties":{"n":3,"np":1,"gz":2.87,"hot":0},"geometry":{"type":"Polygon","coordinates":[[[83.02901,25.32427],[83.02869,25.3248],[83.02802,25.32481],[83.02769,25.32429],[83.02801,25.32376],[83.02867,25.32375],[83.02901,25.32427]]]}},{"type":"Feature","properties":{"n":1,"np":0,"gz":0.61,"hot":0},"geometry":{"type":"Polygon","coordinates":[[[83.02903,25.32531],[83.0287,25.32584],[83.02804,25.32585],[83.0277,25.32533],[83.02802,25.32481],[83.02869,25.3248],[83.02903,25.32531]]]}},{"type":"Feature","properties":{"n":2,"np":1,"gz":0.45,"hot":0},"geometry":{"type":"Polygon","coordinates":[[[83.02906,25.3274],[83.02874,25.32792],[83.02808,25.32793],[83.02774,25.32741],[83.02806,25.32689],[83.02872,25.32688],[83.02906,25.3274]]]}},{"type":"Feature","properties":{"n":0,"np":0,"gz":3.51,"hot":3},"geometry":{"type":"Polygon","coordinates":[[[83.02996,25.32165],[83.02964,25.32218],[83.02897,25.32219],[83.02863,25.32167],[83.02896,25.32114],[83.02962,25.32113],[83.02996,25.32165]]]}},{"type":"Feature","properties":{"n":5,"np":3,"gz":6.73,"hot":3},"geometry":{"type":"Polygon","coordinates":[[[83.02998,25.32269],[83.02965,25.32322],[83.02899,25.32323],[83.02865,25.32271],[83.02897,25.32219],[83.02964,25.32218],[83.02998,25.32269]]]}},{"type":"Feature","properties":{"n":5,"np":5,"gz":4.8,"hot":3},"geometry":{"type":"Polygon","coordinates":[[[83.02999,25.32374],[83.02967,25.32426],[83.02901,25.32427],[83.02867,25.32375],[83.02899,25.32323],[83.02965,25.32322],[83.02999,25.32374]]]}},{"type":"Feature","properties":{"n":2,"np":1,"gz":2.22,"hot":0},"geometry":{"type":"Polygon","coordinates":[[[83.03001,25.32478],[83.02969,25.3253],[83.02903,25.32531],[83.02869,25.3248],[83.02901,25.32427],[83.02967,25.32426],[83.03001,25.32478]]]}},{"type":"Feature","properties":{"n":1,"np":0,"gz":0.93,"hot":0},"geometry":{"type":"Polygon","coordinates":[[[83.03003,25.32582],[83.02971,25.32635],[83.02904,25.32635],[83.0287,25.32584],[83.02903,25.32531],[83.02969,25.3253],[83.03003,25.32582]]]}},{"type":"Feature","properties":{"n":2,"np":3,"gz":0.29,"hot":0},"geometry":{"type":"Polygon","coordinates":[[[83.03005,25.32686],[83.02972,25.32739],[83.02906,25.3274],[83.02872,25.32688],[83.02904,25.32635],[83.02971,25.32635],[83.03005,25.32686]]]}},{"type":"Feature","properties":{"n":11,"np":12,"gz":4.8,"hot":3},"geometry":{"type":"Polygon","coordinates":[[[83.03098,25.3232],[83.03066,25.32373],[83.02999,25.32374],[83.02965,25.32322],[83.02998,25.32269],[83.03064,25.32268],[83.03098,25.3232]]]}},{"type":"Feature","properties":{"n":2,"np":1,"gz":4.96,"hot":3},"geometry":{"type":"Polygon","coordinates":[[[83.031,25.32424],[83.03067,25.32477],[83.03001,25.32478],[83.02967,25.32426],[83.02999,25.32374],[83.03066,25.32373],[83.031,25.32424]]]}},{"type":"Feature","properties":{"n":3,"np":2,"gz":0.93,"hot":0},"geometry":{"type":"Polygon","coordinates":[[[83.03101,25.32529],[83.03069,25.32581],[83.03003,25.32582],[83.02969,25.3253],[83.03001,25.32478],[83.03067,25.32477],[83.03101,25.32529]]]}},{"type":"Feature","properties":{"n":10,"np":3,"gz":3.83,"hot":3},"geometry":{"type":"Polygon","coordinates":[[[83.03198,25.32371],[83.03166,25.32423],[83.031,25.32424],[83.03066,25.32373],[83.03098,25.3232],[83.03164,25.32319],[83.03198,25.32371]]]}},{"type":"Feature","properties":{"n":1,"np":1,"gz":2.54,"hot":0},"geometry":{"type":"Polygon","coordinates":[[[83.032,25.32475],[83.03167,25.32528],[83.03101,25.32529],[83.03067,25.32477],[83.031,25.32424],[83.03166,25.32423],[83.032,25.32475]]]}},{"type":"Feature","properties":{"n":3,"np":5,"gz":1.9,"hot":0},"geometry":{"type":"Polygon","coordinates":[[[83.03298,25.32422],[83.03266,25.32474],[83.032,25.32475],[83.03166,25.32423],[83.03198,25.32371],[83.03264,25.3237],[83.03298,25.32422]]]}},{"type":"Feature","properties":{"n":0,"np":1,"gz":-0.52,"hot":0},"geometry":{"type":"Polygon","coordinates":[[[83.03393,25.3216],[83.03361,25.32212],[83.03295,25.32213],[83.03261,25.32161],[83.03293,25.32109],[83.03359,25.32108],[83.03393,25.3216]]]}},{"type":"Feature","properties":{"n":1,"np":2,"gz":0.13,"hot":0},"geometry":{"type":"Polygon","coordinates":[[[83.03398,25.32472],[83.03366,25.32525],[83.033,25.32526],[83.03266,25.32474],[83.03298,25.32422],[83.03364,25.32421],[83.03398,25.32472]]]}},{"type":"Feature","properties":{"n":1,"np":1,"gz":-0.35,"hot":0},"geometry":{"type":"Polygon","coordinates":[[[83.03502,25.32731],[83.0347,25.32784],[83.03403,25.32785],[83.0337,25.32733],[83.03402,25.32681],[83.03468,25.3268],[83.03502,25.32731]]]}}]}