{"type":"FeatureCollection","features":[{"type":"Feature","properties":{"f":"S","c":["Shiva-Parvati"],"s":["t"],"n":1,"r":294,"h":0},"geometry":{"type":"Point","coordinates":[82.986956,25.260606]}},{"type":"Feature","properties":{"f":"GHSV","c":["Ganesh","Hanuman","Rama","Shiva"],"s":["t"],"n":20,"r":252,"h":0},"geometry":{"type":"Point","coordinates":[82.982761,25.259706]}},{"type":"Feature","properties":{"f":"DOS","c":["Devi","Other","Shiva","Shiva-Parvati","Sitala Maa"],"s":["t"],"n":6,"r":623,"h":0},"geometry":{"type":"Point","coordinates":[82.998014,25.266572]}},{"type":"Feature","properties":{"f":"S","c":["Shiva"],"s":["fs"],"n":1,"r":714,"h":0},"geometry":{"type":"Point","coordinates":[82.988642,25.271564]}},{"type":"Feature","properties":{"f":"S","c":["Shiva-Parvati"],"s":["t"],"n":2,"r":929,"h":0},"geometry":{"type":"Point","coordinates":[82.986442,25.272954]}},{"type":"Feature","properties":{"f":"G","c":["Ganesh"],"s":["fs"],"n":1,"r":247,"h":0,"nm":"Mrtyunjaya"},"geometry":{"type":"Point","coordinates":[83.00134,25.292615]}},{"type":"Feature","properties":{"f":"DHS","c":["Devi","Hanuman","Shiva"],"s":["tt"],"n":6,"r":312,"h":0},"geometry":{"type":"Point","coordinates":[82.999012,25.299802]}},{"type":"Feature","properties":{"f":"F","c":["Bir Baba"],"s":["fs"],"n":1,"r":349,"h":0},"geometry":{"type":"Point","coordinates":[82.99925,25.300054]}},{"type":"Feature","properties":{"f":"G","c":["Ganesh"],"s":["fs"],"n":1,"r":334,"h":0},"geometry":{"type":"Point","coordinates":[82.99889,25.30016]}},{"type":"Feature","properties":{"f":"H","c":["Hanuman"],"s":["w"],"n":1,"r":166,"h":3},"geometry":{"type":"Point","coordinates":[83.00719,25.30442]}},{"type":"Feature","properties":{"f":"S","c":["Shiva"],"s":["w"],"n":3,"r":168,"h":3},"geometry":{"type":"Point","coordinates":[83.007329,25.304757]}},{"type":"Feature","properties":{"f":"S","c":["Shiva"],"s":["c"],"n":1,"r":227,"h":3},"geometry":{"type":"Point","coordinates":[83.006195,25.303584]}},{"type":"Feature","properties":{"f":"S","c":["Shiva"],"s":["w"],"n":6,"r":123,"h":3},"geometry":{"type":"Point","coordinates":[83.007743,25.304616]}},{"type":"Feature","properties":{"f":"FG","c":["Bir Baba","Ganesh"],"s":["w"],"n":2,"r":118,"h":3},"geometry":{"type":"Point","coordinates":[83.007933,25.304852]}},{"type":"Feature","properties":{"f":"S","c":["Shiva"],"s":["w"],"n":2,"r":115,"h":3},"geometry":{"type":"Point","coordinates":[83.008837,25.305934]}},{"type":"Feature","properties":{"f":"S","c":["Shiva"],"s":["w"],"n":4,"r":154,"h":3},"geometry":{"type":"Point","coordinates":[83.008725,25.306411]}},{"type":"Feature","properties":{"f":"G","c":["Ganesh"],"s":["w"],"n":5,"r":144,"h":3},"geometry":{"type":"Point","coordinates":[83.008809,25.306365]}},{"type":"Feature","properties":{"f":"DHS","c":["Devi","Hanuman","Shiva","Shiva-Parvati"],"s":["fs"],"n":4,"r":113,"h":3},"geometry":{"type":"Point","coordinates":[83.009491,25.306932]}},{"type":"Feature","properties":{"f":"S","c":["Shiva"],"s":["w"],"n":7,"r":101,"h":3},"geometry":{"type":"Point","coordinates":[83.009524,25.306734]}},{"type":"Feature","properties":{"f":"S","c":["Shiva"],"s":["w"],"n":3,"r":111,"h":3},"geometry":{"type":"Point","coordinates":[83.009471,25.306827]}},{"type":"Feature","properties":{"f":"S","c":["Shiva"],"s":["w"],"n":1,"r":120,"h":3},"geometry":{"type":"Point","coordinates":[83.009325,25.306767]}},{"type":"Feature","properties":{"f":"H","c":["Hanuman"],"s":["w"],"n":1,"r":138,"h":3},"geometry":{"type":"Point","coordinates":[83.009093,25.306716]}},{"type":"Feature","properties":{"f":"S","c":["Shiva"],"s":["fs"],"n":1,"r":154,"h":3},"geometry":{"type":"Point","coordinates":[83.008964,25.306812]}},{"type":"Feature","properties":{"f":"S","c":["Shiva"],"s":["fs"],"n":1,"r":151,"h":3},"geometry":{"type":"Point","coordinates":[83.008936,25.306704]}},{"type":"Feature","properties":{"f":"S","c":["Shiva"],"s":["fs"],"n":1,"r":151,"h":3},"geometry":{"type":"Point","coordinates":[83.008893,25.306643]}},{"type":"Feature","properties":{"f":"S","c":["Shiva"],"s":["w"],"n":1,"r":136,"h":3},"geometry":{"type":"Point","coordinates":[83.009155,25.306782]}},{"type":"Feature","properties":{"f":"S","c":["Shiva","Shiva-Parvati"],"s":["ba"],"n":4,"r":116,"h":3},"geometry":{"type":"Point","coordinates":[83.00922,25.306518]}},{"type":"Feature","properties":{"f":"S","c":["Shiva"],"s":["fs"],"n":0,"r":127,"h":3},"geometry":{"type":"Point","coordinates":[83.009141,25.30659]}},{"type":"Feature","properties":{"f":"S","c":["Shiva"],"s":["w"],"n":1,"r":106,"h":3},"geometry":{"type":"Point","coordinates":[83.009223,25.306338]}},{"type":"Feature","properties":{"f":"S","c":["Shiva"],"s":["w"],"n":1,"r":83,"h":3},"geometry":{"type":"Point","coordinates":[83.009435,25.306257]}},{"type":"Feature","properties":{"f":"S","c":["Shiva"],"s":["w"],"n":1,"r":94,"h":3},"geometry":{"type":"Point","coordinates":[83.009408,25.306415]}},{"type":"Feature","properties":{"f":"S","c":["Shiva"],"s":["w"],"n":1,"r":153,"h":3},"geometry":{"type":"Point","coordinates":[83.008591,25.306205]}},{"type":"Feature","properties":{"f":"GS","c":["Ganesh","Shiva"],"s":["w"],"n":5,"r":228,"h":3},"geometry":{"type":"Point","coordinates":[83.007951,25.306565]}},{"type":"Feature","properties":{"f":"GS","c":["Ganesh","Shiva"],"s":["ba"],"n":2,"r":251,"h":3},"geometry":{"type":"Point","coordinates":[83.007633,25.306579]}},{"type":"Feature","properties":{"f":"HS","c":["Hanuman","Shiva"],"s":["w"],"n":2,"r":237,"h":3},"geometry":{"type":"Point","coordinates":[83.006981,25.305497]}},{"type":"Feature","properties":{"f":"S","c":["Shiva"],"s":["ba"],"n":3,"r":213,"h":3},"geometry":{"type":"Point","coordinates":[83.007036,25.305145]}},{"type":"Feature","properties":{"f":"GS","c":["Ganesh","Shiva"],"s":["ba"],"n":3,"r":207,"h":3},"geometry":{"type":"Point","coordinates":[83.00715,25.30523]}},{"type":"Feature","properties":{"f":"G","c":["Ganesh"],"s":["ba"],"n":1,"r":235,"h":3},"geometry":{"type":"Point","coordinates":[83.006749,25.305061]}},{"type":"Feature","properties":{"f":"S","c":["Shiva"],"s":["fs"],"n":5,"r":199,"h":3},"geometry":{"type":"Point","coordinates":[83.007505,25.305609]}},{"type":"Feature","properties":{"f":"S","c":["Shiva"],"s":["fs"],"n":3,"r":181,"h":3},"geometry":{"type":"Point","coordinates":[83.007601,25.305444]}},{"type":"Feature","properties":{"f":"H","c":["Hanuman"],"s":["w"],"n":1,"r":187,"h":3},"geometry":{"type":"Point","coordinates":[83.007565,25.305487]}},{"type":"Feature","properties":{"f":"S","c":["Shiva"],"s":["ba"],"n":1,"r":162,"h":3},"geometry":{"type":"Point","coordinates":[83.007813,25.305432]}},{"type":"Feature","properties":{"f":"G","c":["Ganesh"],"s":["w"],"n":1,"r":170,"h":3},"geometry":{"type":"Point","coordinates":[83.007645,25.305325]}},{"type":"Feature","properties":{"f":"S","c":["Shiva"],"s":["ba"],"n":2,"r":161,"h":3},"geometry":{"type":"Point","coordinates":[83.007831,25.305446]}},{"type":"Feature","properties":{"f":"S","c":["Shiva"],"s":["fs"],"n":2,"r":100,"h":3},"geometry":{"type":"Point","coordinates":[83.008512,25.305391]}},{"type":"Feature","properties":{"f":"GS","c":["Ganesh","Shiva"],"s":["fs"],"n":4,"r":98,"h":3},"geometry":{"type":"Point","coordinates":[83.008559,25.305419]}},{"type":"Feature","properties":{"f":"S","c":["Shiva"],"s":["fs"],"n":1,"r":94,"h":3},"geometry":{"type":"Point","coordinates":[83.009153,25.306011]}},{"type":"Feature","properties":{"f":"S","c":["Shiva"],"s":["fs"],"n":1,"r":140,"h":3},"geometry":{"type":"Point","coordinates":[83.009229,25.306974]}},{"type":"Feature","properties":{"f":"S","c":["Shiva"],"s":["fs"],"n":2,"r":146,"h":3},"geometry":{"type":"Point","coordinates":[83.009232,25.307152]}},{"type":"Feature","properties":{"f":"FGDS","c":["Bir Baba","Devi","Ganesh","Shiva"],"s":["fs","t"],"n":5,"r":152,"h":3},"geometry":{"type":"Point","coordinates":[83.009343,25.307464]}},{"type":"Feature","properties":{"f":"S","c":["Shiva"],"s":["fs"],"n":2,"r":125,"h":3},"geometry":{"type":"Point","coordinates":[83.009504,25.307236]}},{"type":"Feature","properties":{"f":"S","c":["Shiva"],"s":["fs","tt"],"n":7,"r":127,"h":3},"geometry":{"type":"Point","coordinates":[83.009603,25.307421]}},{"type":"Feature","properties":{"f":"G","c":["Ganesh"],"s":["fs"],"n":1,"r":35,"h":0},"geometry":{"type":"Point","coordinates":[82.969449,25.271064]}},{"type":"Feature","properties":{"f":"S","c":["Shiva"],"s":["t"],"n":1,"r":146,"h":0},"geometry":{"type":"Point","coordinates":[82.96973,25.27005]}},{"type":"Feature","properties":{"f":"S","c":["Shiva"],"s":["fs"],"n":1,"r":298,"h":0},"geometry":{"type":"Point","coordinates":[82.977442,25.271211]}},{"type":"Feature","properties":{"f":"O","c":["Other"],"s":["t"],"n":0,"r":372,"h":0},"geometry":{"type":"Point","coordinates":[82.977689,25.270547]}},{"type":"Feature","properties":{"f":"H","c":["Hanuman"],"s":["t"],"n":1,"r":229,"h":0},"geometry":{"type":"Point","coordinates":[82.976358,25.271207]}},{"type":"Feature","properties":{"f":"HS","c":["Hanuman","Shiva"],"s":["fs"],"n":2,"r":228,"h":0},"geometry":{"type":"Point","coordinates":[82.97642,25.271255]}},{"type":"Feature","properties":{"f":"GS","c":["Ganesh","Shiva"],"s":["ba"],"n":2,"r":184,"h":3},"geometry":{"type":"Point","coordinates":[83.008859,25.30721]}},{"type":"Feature","properties":{"f":"S","c":["Shiva"],"s":["ba"],"n":2,"r":191,"h":3},"geometry":{"type":"Point","coordinates":[83.008776,25.307189]}},{"type":"Feature","properties":{"f":"S","c":["Shiva"],"s":["fs"],"n":1,"r":206,"h":3},"geometry":{"type":"Point","coordinates":[83.008503,25.307021]}},{"type":"Feature","properties":{"f":"GS","c":["Ganesh","Shiva"],"s":["fs","ba"],"n":2,"r":207,"h":3},"geometry":{"type":"Point","coordinates":[83.008476,25.306992]}},{"type":"Feature","properties":{"f":"S","c":["Shiva"],"s":["fs"],"n":1,"r":212,"h":3},"geometry":{"type":"Point","coordinates":[83.008369,25.306907]}},{"type":"Feature","properties":{"f":"H","c":["Hanuman"],"s":["fs"],"n":2,"r":307,"h":3},"geometry":{"type":"Point","coordinates":[83.007406,25.307109]}},{"type":"Feature","properties":{"f":"S","c":["Shiva"],"s":["w"],"n":1,"r":260,"h":3},"geometry":{"type":"Point","coordinates":[83.007605,25.30666]}},{"type":"Feature","properties":{"f":"FGS","c":["Bir Baba","Ganesh","Shiva"],"s":["fs"],"n":10,"r":238,"h":3},"geometry":{"type":"Point","coordinates":[83.007685,25.306442]}},{"type":"Feature","properties":{"f":"FS","c":["Bir Baba","Shiva"],"s":["ba"],"n":3,"r":264,"h":3},"geometry":{"type":"Point","coordinates":[83.007434,25.306545]}},{"type":"Feature","properties":{"f":"S","c":["Shiva"],"s":["w","ba"],"n":3,"r":290,"h":3},"geometry":{"type":"Point","coordinates":[83.007278,25.306733]}},{"type":"Feature","properties":{"f":"FGS","c":["Bir Baba","Ganesh","Shiva"],"s":["w"],"n":5,"r":302,"h":3},"geometry":{"type":"Point","coordinates":[83.007052,25.306669]}},{"type":"Feature","properties":{"f":"FS","c":["Bir Baba","Shiva","Shiva-Parvati"],"s":["ba"],"n":5,"r":355,"h":3},"geometry":{"type":"Point","coordinates":[83.007017,25.307364]}},{"type":"Feature","properties":{"f":"S","c":["Shiva"],"s":["fs"],"n":3,"r":322,"h":3},"geometry":{"type":"Point","coordinates":[83.007302,25.307214]}},{"type":"Feature","properties":{"f":"S","c":["Shiva"],"s":["w"],"n":1,"r":329,"h":3},"geometry":{"type":"Point","coordinates":[83.007703,25.308074]}},{"type":"Feature","properties":{"f":"V","c":["Rama"],"s":[],"n":5,"r":420,"h":3},"geometry":{"type":"Point","coordinates":[83.007172,25.308883]}},{"type":"Feature","properties":{"f":"S","c":["Shiva"],"s":["ba"],"n":5,"r":278,"h":3},"geometry":{"type":"Point","coordinates":[83.008568,25.3085]}},{"type":"Feature","properties":{"f":"FS","c":["Bir Baba","Shiva"],"s":["ba"],"n":7,"r":280,"h":3},"geometry":{"type":"Point","coordinates":[83.008272,25.308081]}},{"type":"Feature","properties":{"f":"S","c":["Shiva"],"s":["fs","ba"],"n":2,"r":240,"h":3},"geometry":{"type":"Point","coordinates":[83.00901,25.308495]}},{"type":"Feature","properties":{"f":"FS","c":["Bir Baba","Shiva"],"s":["ba"],"n":6,"r":208,"h":3},"geometry":{"type":"Point","coordinates":[83.009271,25.308338]}},{"type":"Feature","properties":{"f":"S","c":["Shiva"],"s":["w"],"n":2,"r":195,"h":3},"geometry":{"type":"Point","coordinates":[83.009399,25.308303]}},{"type":"Feature","properties":{"f":"GS","c":["Ganesh","Shiva"],"s":["w"],"n":3,"r":218,"h":3},"geometry":{"type":"Point","coordinates":[83.009299,25.308556]}},{"type":"Feature","properties":{"f":"FS","c":["Bir Baba","Shiva"],"s":["fs"],"n":5,"r":185,"h":3},"geometry":{"type":"Point","coordinates":[83.00962,25.308467]}},{"type":"Feature","properties":{"f":"S","c":["Shiva"],"s":["w","ba"],"n":6,"r":246,"h":3},"geometry":{"type":"Point","coordinates":[83.008987,25.308574]}},{"type":"Feature","properties":{"f":"S","c":["Shiva"],"s":["w"],"n":7,"r":243,"h":3},"geometry":{"type":"Point","coordinates":[83.009028,25.308591]}},{"type":"Feature","properties":{"f":"S","c":["Shiva"],"s":[],"n":3,"r":359,"h":3},"geometry":{"type":"Point","coordinates":[83.007726,25.308652]}},{"type":"Feature","properties":{"f":"S","c":["Shiva"],"s":[],"n":5,"r":361,"h":3},"geometry":{"type":"Point","coordinates":[83.007741,25.308706]}},{"type":"Feature","properties":{"f":"G","c":["Ganesh"],"s":["w"],"n":1,"r":293,"h":3},"geometry":{"type":"Point","coordinates":[83.008059,25.307981]}},{"type":"Feature","properties":{"f":"S","c":["Shiva"],"s":["fs"],"n":1,"r":250,"h":3},"geometry":{"type":"Point","coordinates":[83.008258,25.307462]}},{"type":"Feature","properties":{"f":"S","c":["Shiva"],"s":["fs"],"n":1,"r":178,"h":3},"geometry":{"type":"Point","coordinates":[83.008985,25.307365]}},{"type":"Feature","properties":{"f":"G","c":["Ganesh"],"s":["ba"],"n":1,"r":178,"h":3},"geometry":{"type":"Point","coordinates":[83.009425,25.308051]}},{"type":"Feature","properties":{"f":"S","c":["Shiva"],"s":["fs"],"n":6,"r":144,"h":3},"geometry":{"type":"Point","coordinates":[83.009651,25.307789]}},{"type":"Feature","properties":{"f":"GH","c":["Ganesh","Hanuman"],"s":["tt"],"n":0,"r":193,"h":0},"geometry":{"type":"Point","coordinates":[83.001196,25.295853]}},{"type":"Feature","properties":{"f":"D","c":["Sitala Maa"],"s":["tt"],"n":1,"r":75,"h":0},"geometry":{"type":"Point","coordinates":[83.001467,25.289082]}},{"type":"Feature","properties":{"f":"HS","c":["Hanuman","Shiva"],"s":["fs"],"n":6,"r":330,"h":0},"geometry":{"type":"Point","coordinates":[82.997314,25.301285]}},{"type":"Feature","properties":{"f":"GS","c":["Ganesh","Shiva"],"s":["fs"],"n":1,"r":339,"h":0},"geometry":{"type":"Point","coordinates":[82.998401,25.300557]}},{"type":"Feature","properties":{"f":"S","c":["Shiva","Shiva family"],"s":["ba"],"n":2,"r":352,"h":0},"geometry":{"type":"Point","coordinates":[82.998595,25.300567]}},{"type":"Feature","properties":{"f":"F","c":["Bir Baba"],"s":["t"],"n":1,"r":0,"h":0},"geometry":{"type":"Point","coordinates":[82.993532,25.296946]}},{"type":"Feature","properties":{"f":"G","c":["Ganesh"],"s":["t"],"n":1,"r":0,"h":0},"geometry":{"type":"Point","coordinates":[82.993614,25.297022]}},{"type":"Feature","properties":{"f":"D","c":["Sitala Maa"],"s":["fs"],"n":1,"r":7,"h":0},"geometry":{"type":"Point","coordinates":[82.993668,25.296741]}},{"type":"Feature","properties":{"f":"S","c":["Shiva"],"s":["fs"],"n":0,"r":10,"h":0,"nm":"Zrii zankukarnesvar"},"geometry":{"type":"Point","coordinates":[82.993697,25.296717]}},{"type":"Feature","properties":{"f":"S","c":["Shiva-Parvati"],"s":["w"],"n":2,"r":18,"h":0},"geometry":{"type":"Point","coordinates":[83.003891,25.291782]}},{"type":"Feature","properties":{"f":"S","c":["Shiva"],"s":["w"],"n":4,"r":87,"h":0},"geometry":{"type":"Point","coordinates":[83.006359,25.294129]}},{"type":"Feature","properties":{"f":"H","c":["Hanuman"],"s":["fs"],"n":1,"r":38,"h":3,"nm":"Mahavir Akhara"},"geometry":{"type":"Point","coordinates":[83.008331,25.30389]}},{"type":"Feature","properties":{"f":"S","c":["Shiva family"],"s":["w"],"n":3,"r":0,"h":3},"geometry":{"type":"Point","coordinates":[83.009209,25.304328]}},{"type":"Feature","properties":{"f":"S","c":["Shiva"],"s":["w"],"n":1,"r":23,"h":3},"geometry":{"type":"Point","coordinates":[83.00884,25.304563]}},{"type":"Feature","properties":{"f":"S","c":["Shiva family"],"s":["w"],"n":4,"r":11,"h":3},"geometry":{"type":"Point","coordinates":[83.00892,25.304469]}},{"type":"Feature","properties":{"f":"S","c":["Shiva"],"s":["w"],"n":2,"r":0,"h":3},"geometry":{"type":"Point","coordinates":[83.009065,25.304432]}},{"type":"Feature","properties":{"f":"S","c":["Shiva"],"s":["w"],"n":2,"r":0,"h":3},"geometry":{"type":"Point","coordinates":[83.009119,25.304422]}},{"type":"Feature","properties":{"f":"S","c":["Shiva"],"s":["w"],"n":3,"r":0,"h":3},"geometry":{"type":"Point","coordinates":[83.009119,25.304422]}},{"type":"Feature","properties":{"f":"S","c":["Shiva"],"s":["c"],"n":1,"r":0,"h":0},"geometry":{"type":"Point","coordinates":[83.009584,25.30363]}},{"type":"Feature","properties":{"f":"H","c":["Hanuman"],"s":["c"],"n":1,"r":59,"h":3},"geometry":{"type":"Point","coordinates":[83.008428,25.304575]}},{"type":"Feature","properties":{"f":"S","c":["Shiva"],"s":["w"],"n":3,"r":61,"h":3},"geometry":{"type":"Point","coordinates":[83.008409,25.304573]}},{"type":"Feature","properties":{"f":"H","c":["Hanuman"],"s":["w"],"n":1,"r":52,"h":3},"geometry":{"type":"Point","coordinates":[83.008504,25.304557]}},{"type":"Feature","properties":{"f":"S","c":["Shiva"],"s":["w"],"n":1,"r":44,"h":3},"geometry":{"type":"Point","coordinates":[83.008584,25.304543]}},{"type":"Feature","properties":{"f":"S","c":["Shiva"],"s":[],"n":0,"r":0,"h":0},"geometry":{"type":"Point","coordinates":[83.009948,25.302511]}},{"type":"Feature","properties":{"f":"S","c":["Shiva"],"s":["w"],"n":2,"r":29,"h":3},"geometry":{"type":"Point","coordinates":[83.008359,25.303711]}},{"type":"Feature","properties":{"f":"S","c":["Shiva-Parvati"],"s":["w"],"n":2,"r":34,"h":3},"geometry":{"type":"Point","coordinates":[83.008324,25.303765]}},{"type":"Feature","properties":{"f":"O","c":["Other"],"s":["fs"],"n":0,"r":127,"h":3},"geometry":{"type":"Point","coordinates":[83.007256,25.303562]}},{"type":"Feature","properties":{"f":"S","c":["Shiva family"],"s":["w"],"n":5,"r":60,"h":3},"geometry":{"type":"Point","coordinates":[83.007729,25.302995]}},{"type":"Feature","properties":{"f":"S","c":["Shiva-Parvati"],"s":["tt"],"n":5,"r":54,"h":3},"geometry":{"type":"Point","coordinates":[83.007701,25.302769]}},{"type":"Feature","properties":{"f":"S","c":["Shiva family"],"s":["w"],"n":2,"r":45,"h":3},"geometry":{"type":"Point","coordinates":[83.00771,25.30247]}},{"type":"Feature","properties":{"f":"S","c":["Shiva-Parvati"],"s":["w"],"n":2,"r":27,"h":3},"geometry":{"type":"Point","coordinates":[83.007731,25.30219]}},{"type":"Feature","properties":{"f":"HS","c":["Hanuman","Shiva-Parvati"],"s":["fs"],"n":4,"r":28,"h":3},"geometry":{"type":"Point","coordinates":[83.007738,25.302226]}},{"type":"Feature","properties":{"f":"SV","c":["Krishna","Shiva-Parvati"],"s":[],"n":7,"r":30,"h":3},"geometry":{"type":"Point","coordinates":[83.007703,25.302214]}},{"type":"Feature","properties":{"f":"HS","c":["Hanuman","Shiva family","Shiva-Parvati"],"s":["w"],"n":2,"r":87,"h":3},"geometry":{"type":"Point","coordinates":[83.007246,25.302524]}},{"type":"Feature","properties":{"f":"OS","c":["Other","Shiva-Parvati"],"s":["fs"],"n":3,"r":95,"h":3},"geometry":{"type":"Point","coordinates":[83.007128,25.302463]}},{"type":"Feature","properties":{"f":"S","c":["Shiva-Parvati"],"s":["fs"],"n":0,"r":95,"h":3},"geometry":{"type":"Point","coordinates":[83.007081,25.302367]}},{"type":"Feature","properties":{"f":"GDHS","c":["Ganesh","Hanuman","Local Maa","Shiva-Parvati"],"s":["w"],"n":0,"r":87,"h":3},"geometry":{"type":"Point","coordinates":[83.007102,25.302188]}},{"type":"Feature","properties":{"f":"S","c":["Shiva family","Shiva-Parvati"],"s":["fs"],"n":4,"r":80,"h":3},"geometry":{"type":"Point","coordinates":[83.007131,25.301968]}},{"type":"Feature","properties":{"f":"HS","c":["Hanuman","Shiva-Parvati"],"s":["fs"],"n":3,"r":34,"h":3},"geometry":{"type":"Point","coordinates":[83.007585,25.301913]}},{"type":"Feature","properties":{"f":"GS","c":["Ganesh","Shiva family"],"s":["w"],"n":3,"r":16,"h":3},"geometry":{"type":"Point","coordinates":[83.007714,25.30146]}},{"type":"Feature","properties":{"f":"D","c":["Devi"],"s":["fs"],"n":2,"r":91,"h":3},"geometry":{"type":"Point","coordinates":[83.006965,25.301511]}},{"type":"Feature","properties":{"f":"GHSV","c":["Ganesh","Hanuman","Rama","Shiva family","Shiva-Parvati"],"s":["fs"],"n":6,"r":88,"h":3},"geometry":{"type":"Point","coordinates":[83.006981,25.301375]}},{"type":"Feature","properties":{"f":"S","c":["Shiva family","Shiva-Parvati"],"s":["w"],"n":3,"r":85,"h":3},"geometry":{"type":"Point","coordinates":[83.007016,25.301423]}},{"type":"Feature","properties":{"f":"S","c":["Shiva-Parvati"],"s":["w"],"n":2,"r":80,"h":3},"geometry":{"type":"Point","coordinates":[83.006939,25.300141]}},{"type":"Feature","properties":{"f":"S","c":["Shiva family","Shiva-Parvati"],"s":["fs"],"n":0,"r":69,"h":3},"geometry":{"type":"Point","coordinates":[83.007064,25.299946]}},{"type":"Feature","properties":{"f":"HSV","c":["Hanuman","Rama","Shiva family","Shiva-Parvati"],"s":["fs"],"n":50,"r":85,"h":3},"geometry":{"type":"Point","coordinates":[83.006766,25.29931]}},{"type":"Feature","properties":{"f":"S","c":["Shiva","Shiva family","Shiva-Parvati"],"s":["fs"],"n":3,"r":78,"h":3,"nm":"Nageshwar mahadev"},"geometry":{"type":"Point","coordinates":[83.006792,25.299155]}},{"type":"Feature","properties":{"f":"HS","c":["Hanuman","Shiva-Parvati"],"s":["fs"],"n":3,"r":33,"h":3},"geometry":{"type":"Point","coordinates":[83.007293,25.299284]}},{"type":"Feature","properties":{"f":"S","c":["Shiva-Parvati"],"s":["fs"],"n":3,"r":21,"h":3},"geometry":{"type":"Point","coordinates":[83.007552,25.299725]}},{"type":"Feature","properties":{"f":"D","c":["Devi"],"s":["w"],"n":3,"r":94,"h":3},"geometry":{"type":"Point","coordinates":[83.006795,25.300193]}},{"type":"Feature","properties":{"f":"H","c":["Hanuman"],"s":["fs"],"n":5,"r":58,"h":3},"geometry":{"type":"Point","coordinates":[83.00716,25.300314]}},{"type":"Feature","properties":{"f":"DS","c":["Devi","Shiva","Shiva-Parvati"],"s":["w"],"n":0,"r":64,"h":3},"geometry":{"type":"Point","coordinates":[83.00711,25.300359]}},{"type":"Feature","properties":{"f":"S","c":["Shiva-Parvati"],"s":["fs"],"n":0,"r":41,"h":3},"geometry":{"type":"Point","coordinates":[83.007351,25.300482]}},{"type":"Feature","properties":{"f":"S","c":["Shiva-Parvati"],"s":["w"],"n":0,"r":32,"h":3},"geometry":{"type":"Point","coordinates":[83.00744,25.300446]}},{"type":"Feature","properties":{"f":"S","c":["Shiva family","Shiva-Parvati"],"s":["fs"],"n":3,"r":24,"h":3},"geometry":{"type":"Point","coordinates":[83.007625,25.301433]}},{"type":"Feature","properties":{"f":"HS","c":["Hanuman","Shiva-Parvati"],"s":["fs"],"n":0,"r":32,"h":3},"geometry":{"type":"Point","coordinates":[83.008334,25.303738]}},{"type":"Feature","properties":{"f":"HS","c":["Hanuman","Shiva","Shiva family","Shiva-Parvati"],"s":["fs"],"n":3,"r":22,"h":3},"geometry":{"type":"Point","coordinates":[83.009562,25.305409]}},{"type":"Feature","properties":{"f":"DHV","c":["Hanuman","Rama","Sitala Maa"],"s":["fs"],"n":6,"r":71,"h":3},"geometry":{"type":"Point","coordinates":[83.010114,25.307209]}},{"type":"Feature","properties":{"f":"HS","c":["Hanuman","Shiva","Shiva-Parvati"],"s":["t"],"n":3,"r":708,"h":0},"geometry":{"type":"Point","coordinates":[82.982737,25.27002]}},{"type":"Feature","properties":{"f":"S","c":["Shiva-Parvati"],"s":["fs"],"n":2,"r":680,"h":0},"geometry":{"type":"Point","coordinates":[82.982681,25.270366]}},{"type":"Feature","properties":{"f":"GH","c":["Ganesh","Hanuman"],"s":["t"],"n":2,"r":648,"h":0},"geometry":{"type":"Point","coordinates":[82.982223,25.270301]}},{"type":"Feature","properties":{"f":"S","c":["Shiva"],"s":["fs"],"n":1,"r":317,"h":0},"geometry":{"type":"Point","coordinates":[82.979399,25.271893]}},{"type":"Feature","properties":{"f":"O","c":["Other"],"s":["t","tt"],"n":1,"r":311,"h":0},"geometry":{"type":"Point","coordinates":[82.979369,25.271934]}},{"type":"Feature","properties":{"f":"GHSV","c":["Ganesh","Hanuman","Rama","Shiva family"],"s":["tt"],"n":5,"r":328,"h":0},"geometry":{"type":"Point","coordinates":[82.979596,25.271933]}},{"type":"Feature","properties":{"f":"H","c":["Hanuman"],"s":["fs"],"n":1,"r":337,"h":0},"geometry":{"type":"Point","coordinates":[82.979716,25.271934]}},{"type":"Feature","properties":{"f":"S","c":["Shiva"],"s":["fs"],"n":1,"r":411,"h":0},"geometry":{"type":"Point","coordinates":[82.981316,25.273473]}},{"type":"Feature","properties":{"f":"S","c":["Shiva"],"s":["tt"],"n":1,"r":440,"h":0},"geometry":{"type":"Point","coordinates":[82.981677,25.273821]}},{"type":"Feature","properties":{"f":"HS","c":["Hanuman","Shiva"],"s":["fs"],"n":2,"r":447,"h":0},"geometry":{"type":"Point","coordinates":[82.981756,25.273873]}},{"type":"Feature","properties":{"f":"GHS","c":["Ganesh","Hanuman","Shiva"],"s":["fs"],"n":3,"r":441,"h":0},"geometry":{"type":"Point","coordinates":[82.981697,25.273844]}},{"type":"Feature","properties":{"f":"S","c":["Shiva-Parvati"],"s":["fs"],"n":3,"r":482,"h":0},"geometry":{"type":"Point","coordinates":[82.982082,25.273711]}},{"type":"Feature","properties":{"f":"S","c":["Shiva-Parvati"],"s":["tt"],"n":2,"r":488,"h":0},"geometry":{"type":"Point","coordinates":[82.982155,25.27382]}},{"type":"Feature","properties":{"f":"S","c":["Shiva"],"s":["fs"],"n":1,"r":479,"h":0},"geometry":{"type":"Point","coordinates":[82.982078,25.273853]}},{"type":"Feature","properties":{"f":"S","c":["Shiva"],"s":["fs"],"n":1,"r":510,"h":0},"geometry":{"type":"Point","coordinates":[82.982358,25.273674]}},{"type":"Feature","properties":{"f":"V","c":["Rama"],"s":["fs"],"n":9,"r":439,"h":0},"geometry":{"type":"Point","coordinates":[82.995438,25.292986]}},{"type":"Feature","properties":{"f":"S","c":["Shiva"],"s":["tt"],"n":9,"r":461,"h":0},"geometry":{"type":"Point","coordinates":[82.995481,25.292775]}},{"type":"Feature","properties":{"f":"HS","c":["Hanuman","Shiva"],"s":["w","ba"],"n":3,"r":12,"h":0},"geometry":{"type":"Point","coordinates":[82.993297,25.296568]}},{"type":"Feature","properties":{"f":"S","c":["Shiva"],"s":["fs"],"n":1,"r":12,"h":0},"geometry":{"type":"Point","coordinates":[82.993237,25.296563]}},{"type":"Feature","properties":{"f":"GHS","c":["Ganesh","Hanuman","Shiva"],"s":["fs"],"n":6,"r":2,"h":0},"geometry":{"type":"Point","coordinates":[82.993224,25.296658]}},{"type":"Feature","properties":{"f":"DS","c":["Devi","Shiva"],"s":["fs"],"n":6,"r":7,"h":0,"nm":"Sri Maa lakshmi Jii kaa mandir"},"geometry":{"type":"Point","coordinates":[82.993125,25.296615]}},{"type":"Feature","properties":{"f":"G","c":["Ganesh"],"s":["tt"],"n":1,"r":21,"h":0},"geometry":{"type":"Point","coordinates":[82.992833,25.29675]}},{"type":"Feature","properties":{"f":"D","c":["Devi"],"s":["fs"],"n":1,"r":18,"h":0},"geometry":{"type":"Point","coordinates":[82.992859,25.296769]}},{"type":"Feature","properties":{"f":"G","c":["Ganesh"],"s":["tt"],"n":1,"r":24,"h":0},"geometry":{"type":"Point","coordinates":[82.992804,25.296753]}},{"type":"Feature","properties":{"f":"O","c":["Other"],"s":["c"],"n":1,"r":52,"h":0},"geometry":{"type":"Point","coordinates":[82.985148,25.289189]}},{"type":"Feature","properties":{"f":"H","c":["Hanuman"],"s":["w","c"],"n":1,"r":46,"h":0},"geometry":{"type":"Point","coordinates":[82.98514,25.289133]}},{"type":"Feature","properties":{"f":"GS","c":["Ganesh","Shiva"],"s":["t","c"],"n":2,"r":41,"h":0},"geometry":{"type":"Point","coordinates":[82.985112,25.28909]}},{"type":"Feature","properties":{"f":"O","c":["Other"],"s":["fs"],"n":1,"r":366,"h":0},"geometry":{"type":"Point","coordinates":[82.968713,25.285023]}},{"type":"Feature","properties":{"f":"HS","c":["Hanuman","Shiva","Shiva-Parvati"],"s":["fs","c","t","tt"],"n":3,"r":517,"h":0},"geometry":{"type":"Point","coordinates":[82.968755,25.28639]}},{"type":"Feature","properties":{"f":"S","c":["Shiva"],"s":["fs"],"n":1,"r":908,"h":0},"geometry":{"type":"Point","coordinates":[82.975681,25.28676]}},{"type":"Feature","properties":{"f":"O","c":["Other"],"s":["tt"],"n":1,"r":813,"h":0},"geometry":{"type":"Point","coordinates":[82.975127,25.286007]}},{"type":"Feature","properties":{"f":"HOS","c":["Hanuman","Other","Shiva family"],"s":["fs"],"n":5,"r":612,"h":0},"geometry":{"type":"Point","coordinates":[82.979958,25.284505]}},{"type":"Feature","properties":{"f":"D","c":["Devi"],"s":["t"],"n":1,"r":51,"h":0},"geometry":{"type":"Point","coordinates":[82.993433,25.299221]}},{"type":"Feature","properties":{"f":"H","c":["Hanuman"],"s":["fs"],"n":1,"r":474,"h":0},"geometry":{"type":"Point","coordinates":[82.970593,25.293397]}},{"type":"Feature","properties":{"f":"S","c":["Shiva"],"s":["tt"],"n":1,"r":489,"h":0},"geometry":{"type":"Point","coordinates":[82.970881,25.293974]}},{"type":"Feature","properties":{"f":"O","c":["Other"],"s":["t"],"n":1,"r":11,"h":0},"geometry":{"type":"Point","coordinates":[82.98525,25.288818]}},{"type":"Feature","properties":{"f":"S","c":["Shiva family"],"s":["t","c"],"n":7,"r":25,"h":0},"geometry":{"type":"Point","coordinates":[82.985332,25.288943]}},{"type":"Feature","properties":{"f":"S","c":["Shiva family"],"s":["fs"],"n":10,"r":234,"h":0},"geometry":{"type":"Point","coordinates":[82.982593,25.28774]}},{"type":"Feature","properties":{"f":"GSV","c":["Ganesh","Rama","Shiva"],"s":["fs"],"n":8,"r":290,"h":0},"geometry":{"type":"Point","coordinates":[82.982039,25.287553]}},{"type":"Feature","properties":{"f":"GH","c":["Ganesh","Hanuman"],"s":["t"],"n":26,"r":290,"h":0},"geometry":{"type":"Point","coordinates":[82.982039,25.287553]}},{"type":"Feature","properties":{"f":"GH","c":["Ganesh","Hanuman"],"s":["t"],"n":26,"r":282,"h":0},"geometry":{"type":"Point","coordinates":[82.98217,25.287177]}},{"type":"Feature","properties":{"f":"H","c":["Hanuman"],"s":["fs"],"n":1,"r":806,"h":0},"geometry":{"type":"Point","coordinates":[82.986396,25.280469]}},{"type":"Feature","properties":{"f":"H","c":["Hanuman"],"s":["t","fs"],"n":1,"r":351,"h":3},"geometry":{"type":"Point","coordinates":[83.005974,25.305981]}},{"type":"Feature","properties":{"f":"S","c":["Shiva"],"s":[],"n":6,"r":330,"h":3},"geometry":{"type":"Point","coordinates":[83.006619,25.306548]}},{"type":"Feature","properties":{"f":"H","c":["Hanuman"],"s":["ba"],"n":2,"r":291,"h":3},"geometry":{"type":"Point","coordinates":[83.006903,25.306301]}},{"type":"Feature","properties":{"f":"S","c":["Shiva"],"s":["fs"],"n":1,"r":283,"h":3},"geometry":{"type":"Point","coordinates":[83.006992,25.306289]}},{"type":"Feature","properties":{"f":"S","c":["Shiva"],"s":["t"],"n":6,"r":302,"h":3},"geometry":{"type":"Point","coordinates":[83.006531,25.30595]}},{"type":"Feature","properties":{"f":"GS","c":["Ganesh","Shiva"],"s":["fs"],"n":4,"r":73,"h":3},"geometry":{"type":"Point","coordinates":[83.010154,25.307309]}},{"type":"Feature","properties":{"f":"GS","c":["Ganesh","Shiva"],"s":["ba","tt"],"n":5,"r":106,"h":3},"geometry":{"type":"Point","coordinates":[83.010043,25.307726]}},{"type":"Feature","properties":{"f":"S","c":["Shiva"],"s":["fs"],"n":2,"r":113,"h":3},"geometry":{"type":"Point","coordinates":[83.010048,25.30784]}},{"type":"Feature","properties":{"f":"S","c":["Shiva"],"s":["w"],"n":3,"r":128,"h":3},"geometry":{"type":"Point","coordinates":[83.010461,25.308728]}},{"type":"Feature","properties":{"f":"S","c":["Shiva"],"s":["w"],"n":6,"r":158,"h":3},"geometry":{"type":"Point","coordinates":[83.010091,25.308703]}},{"type":"Feature","properties":{"f":"HS","c":["Hanuman","Shiva"],"s":["ba"],"n":3,"r":208,"h":3},"geometry":{"type":"Point","coordinates":[83.009619,25.308862]}},{"type":"Feature","properties":{"f":"S","c":["Shiva"],"s":["ba"],"n":10,"r":246,"h":3},"geometry":{"type":"Point","coordinates":[83.009395,25.309188]}},{"type":"Feature","properties":{"f":"S","c":["Shiva"],"s":["ba"],"n":10,"r":298,"h":3},"geometry":{"type":"Point","coordinates":[83.008893,25.309349]}},{"type":"Feature","properties":{"f":"S","c":["Shiva","Shiva family"],"s":["fs"],"n":4,"r":321,"h":3},"geometry":{"type":"Point","coordinates":[83.008764,25.309548]}},{"type":"Feature","properties":{"f":"S","c":["Shiva"],"s":[],"n":5,"r":314,"h":3},"geometry":{"type":"Point","coordinates":[83.008811,25.309511]}},{"type":"Feature","properties":{"f":"FGS","c":["Bir Baba","Ganesh","Shiva"],"s":["ba"],"n":6,"r":350,"h":3},"geometry":{"type":"Point","coordinates":[83.008441,25.309566]}},{"type":"Feature","properties":{"f":"S","c":["Shiva"],"s":["ba"],"n":1,"r":363,"h":3},"geometry":{"type":"Point","coordinates":[83.008088,25.309264]}},{"type":"Feature","properties":{"f":"HS","c":["Hanuman","Shiva"],"s":["fs","tt"],"n":5,"r":346,"h":3},"geometry":{"type":"Point","coordinates":[83.008197,25.309138]}},{"type":"Feature","properties":{"f":"S","c":["Shiva"],"s":["ba"],"n":1,"r":378,"h":3},"geometry":{"type":"Point","coordinates":[83.007914,25.309258]}},{"type":"Feature","properties":{"f":"S","c":["Shiva"],"s":["ba"],"n":3,"r":410,"h":3},"geometry":{"type":"Point","coordinates":[83.007676,25.309457]}},{"type":"Feature","properties":{"f":"S","c":["Shiva"],"s":["ba"],"n":0,"r":445,"h":3},"geometry":{"type":"Point","coordinates":[83.007696,25.310111]}},{"type":"Feature","properties":{"f":"S","c":["Shiva"],"s":["ba"],"n":2,"r":396,"h":3},"geometry":{"type":"Point","coordinates":[83.008108,25.309881]}},{"type":"Feature","properties":{"f":"GS","c":["Ganesh","Shiva"],"s":["ba"],"n":5,"r":198,"h":3},"geometry":{"type":"Point","coordinates":[83.009697,25.308804]}},{"type":"Feature","properties":{"f":"V","c":["Rama"],"s":["ba"],"n":8,"r":288,"h":3},"geometry":{"type":"Point","coordinates":[83.009346,25.309778]}},{"type":"Feature","properties":{"f":"S","c":["Shiva"],"s":["c"],"n":1,"r":287,"h":3},"geometry":{"type":"Point","coordinates":[83.009456,25.309868]}},{"type":"Feature","properties":{"f":"G","c":["Ganesh"],"s":["ba"],"n":1,"r":306,"h":3},"geometry":{"type":"Point","coordinates":[83.009469,25.310121]}},{"type":"Feature","properties":{"f":"S","c":["Shiva","Shiva family","Shiva-Parvati"],"s":["w"],"n":3,"r":310,"h":3},"geometry":{"type":"Point","coordinates":[83.006204,25.305601]}},{"type":"Feature","properties":{"f":"D","c":["Devi"],"s":["w"],"n":2,"r":347,"h":3},"geometry":{"type":"Point","coordinates":[83.006119,25.306111]}},{"type":"Feature","properties":{"f":"S","c":["Shiva","Shiva family","Shiva-Parvati"],"s":["w"],"n":5,"r":379,"h":3},"geometry":{"type":"Point","coordinates":[83.005964,25.306429]}},{"type":"Feature","properties":{"f":"G","c":["Ganesh"],"s":["w"],"n":1,"r":292,"h":3},"geometry":{"type":"Point","coordinates":[83.006771,25.306134]}},{"type":"Feature","properties":{"f":"S","c":["Shiva","Shiva-Parvati"],"s":["w"],"n":2,"r":334,"h":3},"geometry":{"type":"Point","coordinates":[83.006622,25.306615]}},{"type":"Feature","properties":{"f":"DHS","c":["Devi","Hanuman","Shiva","Shiva-Parvati"],"s":["tt"],"n":4,"r":387,"h":3},"geometry":{"type":"Point","coordinates":[83.006298,25.307033]}},{"type":"Feature","properties":{"f":"F","c":["Bir Baba"],"s":["fs"],"n":1,"r":365,"h":3,"nm":"Virbaba"},"geometry":{"type":"Point","coordinates":[83.006466,25.306899]}},{"type":"Feature","properties":{"f":"S","c":["Shiva","Shiva-Parvati"],"s":["fs"],"n":0,"r":363,"h":3},"geometry":{"type":"Point","coordinates":[83.006853,25.307291]}},{"type":"Feature","properties":{"f":"S","c":["Shiva","Shiva-Parvati"],"s":["fs"],"n":0,"r":392,"h":3},"geometry":{"type":"Point","coordinates":[83.00695,25.30793]}},{"type":"Feature","properties":{"f":"H","c":["Hanuman"],"s":["w"],"n":2,"r":418,"h":3},"geometry":{"type":"Point","coordinates":[83.007009,25.308598]}},{"type":"Feature","properties":{"f":"V","c":["Rama"],"s":["fs"],"n":6,"r":417,"h":3,"nm":"Shrri ram mandir"},"geometry":{"type":"Point","coordinates":[83.007159,25.308797]}},{"type":"Feature","properties":{"f":"S","c":["Shiva","Shiva-Parvati"],"s":["fs"],"n":5,"r":363,"h":3,"nm":"Agates hear mahadev"},"geometry":{"type":"Point","coordinates":[83.007339,25.308107]}},{"type":"Feature","properties":{"f":"S","c":["Shiva-Parvati"],"s":["w"],"n":0,"r":343,"h":3},"geometry":{"type":"Point","coordinates":[83.007538,25.308062]}},{"type":"Feature","properties":{"f":"S","c":["Shiva","Shiva-Parvati"],"s":["w"],"n":0,"r":287,"h":3},"geometry":{"type":"Point","coordinates":[83.008255,25.308184]}},{"type":"Feature","properties":{"f":"S","c":["Shiva","Shiva-Parvati"],"s":["fs"],"n":2,"r":285,"h":3},"geometry":{"type":"Point","coordinates":[83.008472,25.308478]}},{"type":"Feature","properties":{"f":"D","c":["Devi","Local Maa"],"s":["w"],"n":3,"r":260,"h":3},"geometry":{"type":"Point","coordinates":[83.008893,25.308679]}},{"type":"Feature","properties":{"f":"S","c":["Shiva family","Shiva-Parvati"],"s":["fs"],"n":3,"r":80,"h":3},"geometry":{"type":"Point","coordinates":[83.01051,25.307975]}},{"type":"Feature","properties":{"f":"V","c":["Rama"],"s":["w"],"n":4,"r":94,"h":3,"nm":"Sita ram temple"},"geometry":{"type":"Point","coordinates":[83.010468,25.308143]}},{"type":"Feature","properties":{"f":"HS","c":["Hanuman","Shiva","Shiva-Parvati"],"s":["t"],"n":5,"r":71,"h":3},"geometry":{"type":"Point","coordinates":[83.010735,25.30815]}},{"type":"Feature","properties":{"f":"S","c":["Shiva","Shiva-Parvati"],"s":["w"],"n":0,"r":51,"h":3},"geometry":{"type":"Point","coordinates":[83.0109,25.308052]}},{"type":"Feature","properties":{"f":"S","c":["Shiva","Shiva family","Shiva-Parvati"],"s":["w"],"n":2,"r":36,"h":3},"geometry":{"type":"Point","coordinates":[83.011065,25.308032]}},{"type":"Feature","properties":{"f":"S","c":["Shiva","Shiva family","Shiva-Parvati"],"s":["w"],"n":2,"r":29,"h":3},"geometry":{"type":"Point","coordinates":[83.011074,25.307939]}},{"type":"Feature","properties":{"f":"S","c":["Shiva","Shiva family","Shiva-Parvati"],"s":["w"],"n":2,"r":29,"h":3},"geometry":{"type":"Point","coordinates":[83.011118,25.307988]}},{"type":"Feature","properties":{"f":"S","c":["Shiva","Shiva family","Shiva-Parvati"],"s":["fs"],"n":4,"r":30,"h":3},"geometry":{"type":"Point","coordinates":[83.011098,25.307984]}},{"type":"Feature","properties":{"f":"S","c":["Shiva","Shiva family","Shiva-Parvati"],"s":["w"],"n":2,"r":49,"h":3},"geometry":{"type":"Point","coordinates":[83.010959,25.3081]}},{"type":"Feature","properties":{"f":"S","c":["Shiva","Shiva-Parvati"],"s":["fs"],"n":2,"r":48,"h":3},"geometry":{"type":"Point","coordinates":[83.011119,25.308319]}},{"type":"Feature","properties":{"f":"DH","c":["Devi","Hanuman","Local Maa","Sitala Maa"],"s":["fs"],"n":5,"r":48,"h":3},"geometry":{"type":"Point","coordinates":[83.011088,25.308293]}},{"type":"Feature","properties":{"f":"S","c":["Shiva","Shiva-Parvati"],"s":["fs"],"n":2,"r":48,"h":3},"geometry":{"type":"Point","coordinates":[83.011006,25.308169]}},{"type":"Feature","properties":{"f":"S","c":["Shiva"],"s":["w"],"n":1,"r":42,"h":3},"geometry":{"type":"Point","coordinates":[83.011135,25.308256]}},{"type":"Feature","properties":{"f":"H","c":["Hanuman"],"s":["w"],"n":1,"r":37,"h":3},"geometry":{"type":"Point","coordinates":[83.011206,25.308259]}},{"type":"Feature","properties":{"f":"D","c":["Devi","Local Maa"],"s":["t","tt"],"n":0,"r":39,"h":3,"nm":"Varahi Devi shaktipeeth mandir"},"geometry":{"type":"Point","coordinates":[83.011491,25.308562]}},{"type":"Feature","properties":{"f":"F","c":["Bir Baba"],"s":["w"],"n":1,"r":59,"h":3,"nm":"Virbaba"},"geometry":{"type":"Point","coordinates":[83.011343,25.308684]}},{"type":"Feature","properties":{"f":"O","c":["Other"],"s":["w"],"n":0,"r":52,"h":3},"geometry":{"type":"Point","coordinates":[83.011394,25.308631]}},{"type":"Feature","properties":{"f":"S","c":["Shiva","Shiva-Parvati"],"s":["tt","fs"],"n":2,"r":40,"h":3},"geometry":{"type":"Point","coordinates":[83.011498,25.308584]}},{"type":"Feature","properties":{"f":"H","c":["Hanuman"],"s":["fs"],"n":2,"r":26,"h":3,"nm":"Hanuman mandir"},"geometry":{"type":"Point","coordinates":[83.012004,25.308822]}},{"type":"Feature","properties":{"f":"S","c":["Shiva","Shiva family","Shiva-Parvati"],"s":["w"],"n":4,"r":40,"h":3},"geometry":{"type":"Point","coordinates":[83.011928,25.308934]}},{"type":"Feature","properties":{"f":"S","c":["Shiva-Parvati"],"s":["w"],"n":2,"r":27,"h":3},"geometry":{"type":"Point","coordinates":[83.011998,25.308837]}},{"type":"Feature","properties":{"f":"S","c":["Shiva family","Shiva-Parvati"],"s":["w"],"n":2,"r":54,"h":3},"geometry":{"type":"Point","coordinates":[83.012043,25.309241]}},{"type":"Feature","properties":{"f":"S","c":["Shiva"],"s":["w"],"n":0,"r":53,"h":3},"geometry":{"type":"Point","coordinates":[83.011871,25.309057]}},{"type":"Feature","properties":{"f":"S","c":["Shiva"],"s":["w"],"n":0,"r":49,"h":3},"geometry":{"type":"Point","coordinates":[83.011824,25.308956]}},{"type":"Feature","properties":{"f":"S","c":["Shiva"],"s":["w"],"n":0,"r":55,"h":3},"geometry":{"type":"Point","coordinates":[83.011824,25.309037]}},{"type":"Feature","properties":{"f":"S","c":["Shiva"],"s":["w"],"n":0,"r":58,"h":3},"geometry":{"type":"Point","coordinates":[83.01185,25.309098]}},{"type":"Feature","properties":{"f":"H","c":["Hanuman"],"s":["fs"],"n":4,"r":104,"h":3},"geometry":{"type":"Point","coordinates":[83.011766,25.30964]}},{"type":"Feature","properties":{"f":"FS","c":["Bir Baba","Shiva"],"s":[],"n":0,"r":101,"h":3},"geometry":{"type":"Point","coordinates":[83.011808,25.30964]}},{"type":"Feature","properties":{"f":"D","c":["Devi"],"s":["fs"],"n":4,"r":116,"h":3},"geometry":{"type":"Point","coordinates":[83.01196,25.309991]}},{"type":"Feature","properties":{"f":"HS","c":["Hanuman","Shiva"],"s":["fs","tt"],"n":2,"r":541,"h":0},"geometry":{"type":"Point","coordinates":[82.976061,25.29319]}},{"type":"Feature","properties":{"f":"O","c":["Other"],"s":["tt"],"n":1,"r":267,"h":0},"geometry":{"type":"Point","coordinates":[82.980608,25.293185]}},{"type":"Feature","properties":{"f":"S","c":["Shiva-Parvati"],"s":["fs"],"n":2,"r":258,"h":0},"geometry":{"type":"Point","coordinates":[82.981143,25.293238]}},{"type":"Feature","properties":{"f":"S","c":["Shiva family"],"s":["tt"],"n":4,"r":89,"h":0},"geometry":{"type":"Point","coordinates":[82.984722,25.298316]}},{"type":"Feature","properties":{"f":"GS","c":["Ganesh","Shiva"],"s":["fs"],"n":2,"r":91,"h":0},"geometry":{"type":"Point","coordinates":[82.98475,25.298816]}},{"type":"Feature","properties":{"f":"HS","c":["Hanuman","Shiva"],"s":["w"],"n":2,"r":46,"h":0},"geometry":{"type":"Point","coordinates":[82.983857,25.299465]}},{"type":"Feature","properties":{"f":"O","c":["Other"],"s":["fs"],"n":1,"r":139,"h":0},"geometry":{"type":"Point","coordinates":[82.98158,25.299024]}},{"type":"Feature","properties":{"f":"FHS","c":["Bir Baba","Hanuman","Shiva-Parvati"],"s":["fs","c"],"n":4,"r":238,"h":0},"geometry":{"type":"Point","coordinates":[82.977659,25.297042]}},{"type":"Feature","properties":{"f":"OS","c":["Other","Shiva"],"s":["tt"],"n":2,"r":236,"h":0},"geometry":{"type":"Point","coordinates":[82.977668,25.296926]}},{"type":"Feature","properties":{"f":"GHO","c":["Ganesh","Hanuman","Other"],"s":["tt"],"n":3,"r":279,"h":0},"geometry":{"type":"Point","coordinates":[82.977112,25.297632]}},{"type":"Feature","properties":{"f":"OS","c":["Other","Shiva"],"s":["fs"],"n":1,"r":272,"h":0},"geometry":{"type":"Point","coordinates":[82.976416,25.298221]}},{"type":"Feature","properties":{"f":"O","c":["Other"],"s":["tt"],"n":1,"r":268,"h":0},"geometry":{"type":"Point","coordinates":[82.977086,25.297769]}},{"type":"Feature","properties":{"f":"O","c":["Other"],"s":["tt"],"n":1,"r":475,"h":0},"geometry":{"type":"Point","coordinates":[82.974694,25.295827]}},{"type":"Feature","properties":{"f":"S","c":["Shiva-Parvati"],"s":["tt"],"n":2,"r":440,"h":0},"geometry":{"type":"Point","coordinates":[82.971066,25.294438]}},{"type":"Feature","properties":{"f":"F","c":["Bir Baba"],"s":["fs"],"n":1,"r":616,"h":0},"geometry":{"type":"Point","coordinates":[82.969509,25.287918]}},{"type":"Feature","properties":{"f":"S","c":["Shiva"],"s":["fs"],"n":1,"r":622,"h":0},"geometry":{"type":"Point","coordinates":[82.969027,25.287323]}},{"type":"Feature","properties":{"f":"O","c":["Other"],"s":["w"],"n":2,"r":613,"h":0},"geometry":{"type":"Point","coordinates":[82.969091,25.287235]}},{"type":"Feature","properties":{"f":"O","c":["Other"],"s":["fs"],"n":1,"r":610,"h":0},"geometry":{"type":"Point","coordinates":[82.969106,25.287204]}},{"type":"Feature","properties":{"f":"S","c":["Shiva","Shiva family","Shiva-Parvati"],"s":["fs"],"n":2,"r":122,"h":3},"geometry":{"type":"Point","coordinates":[83.009989,25.30791]}},{"type":"Feature","properties":{"f":"S","c":["Shiva","Shiva family","Shiva-Parvati"],"s":["w"],"n":2,"r":129,"h":3},"geometry":{"type":"Point","coordinates":[83.010279,25.308484]}},{"type":"Feature","properties":{"f":"S","c":["Shiva","Shiva family","Shiva-Parvati"],"s":["w"],"n":5,"r":112,"h":3},"geometry":{"type":"Point","coordinates":[83.010698,25.308762]}},{"type":"Feature","properties":{"f":"S","c":["Shiva","Shiva family","Shiva-Parvati"],"s":["fs"],"n":5,"r":100,"h":3},"geometry":{"type":"Point","coordinates":[83.010853,25.308741]}},{"type":"Feature","properties":{"f":"S","c":["Shiva","Shiva family","Shiva-Parvati"],"s":["fs"],"n":3,"r":111,"h":3},"geometry":{"type":"Point","coordinates":[83.010906,25.308931]}},{"type":"Feature","properties":{"f":"S","c":["Shiva","Shiva-Parvati"],"s":["w"],"n":0,"r":116,"h":3},"geometry":{"type":"Point","coordinates":[83.010881,25.308976]}},{"type":"Feature","properties":{"f":"S","c":["Shiva","Shiva family","Shiva-Parvati"],"s":["c"],"n":2,"r":111,"h":3},"geometry":{"type":"Point","coordinates":[83.010901,25.308923]}},{"type":"Feature","properties":{"f":"S","c":["Shiva","Shiva-Parvati"],"s":["fs"],"n":0,"r":119,"h":3},"geometry":{"type":"Point","coordinates":[83.010916,25.309063]}},{"type":"Feature","properties":{"f":"S","c":["Shiva","Shiva-Parvati"],"s":["w"],"n":0,"r":74,"h":3},"geometry":{"type":"Point","coordinates":[83.011206,25.308739]}},{"type":"Feature","properties":{"f":"S","c":["Shiva","Shiva-Parvati"],"s":["w"],"n":0,"r":32,"h":3},"geometry":{"type":"Point","coordinates":[83.012055,25.308959]}},{"type":"Feature","properties":{"f":"S","c":["Shiva","Shiva-Parvati"],"s":["fs"],"n":3,"r":96,"h":3,"nm":"Shrivridhaditya shiva mandir"},"geometry":{"type":"Point","coordinates":[83.011741,25.309504]}},{"type":"Feature","properties":{"f":"S","c":["Shiva","Shiva family","Shiva-Parvati"],"s":["w"],"n":0,"r":82,"h":3},"geometry":{"type":"Point","coordinates":[83.011807,25.309383]}},{"type":"Feature","properties":{"f":"GS","c":["Ganesh","Shiva","Shiva-Parvati"],"s":["fs"],"n":5,"r":131,"h":3,"nm":"Dharmeshwar mahadev mandir"},"geometry":{"type":"Point","coordinates":[83.011833,25.310071]}},{"type":"Feature","properties":{"f":"DS","c":["Local Maa","Shiva"],"s":["t"],"n":0,"r":139,"h":3},"geometry":{"type":"Point","coordinates":[83.011791,25.310167]}},{"type":"Feature","properties":{"f":"HV","c":["Hanuman","Rama"],"s":["tt"],"n":2,"r":145,"h":3},"geometry":{"type":"Point","coordinates":[83.011716,25.310135]}},{"type":"Feature","properties":{"f":"S","c":["Shiva"],"s":["t"],"n":1,"r":150,"h":3},"geometry":{"type":"Point","coordinates":[83.011697,25.310209]}},{"type":"Feature","properties":{"f":"S","c":["Shiva","Shiva-Parvati"],"s":["fs"],"n":2,"r":140,"h":3},"geometry":{"type":"Point","coordinates":[83.0118,25.310186]}},{"type":"Feature","properties":{"f":"S","c":["Shiva","Shiva-Parvati"],"s":["c"],"n":2,"r":150,"h":3},"geometry":{"type":"Point","coordinates":[83.011669,25.310155]}},{"type":"Feature","properties":{"f":"S","c":["Shiva","Shiva-Parvati"],"s":["c"],"n":2,"r":144,"h":3},"geometry":{"type":"Point","coordinates":[83.011744,25.310169]}},{"type":"Feature","properties":{"f":"S","c":["Shiva","Shiva-Parvati"],"s":["c"],"n":0,"r":137,"h":3},"geometry":{"type":"Point","coordinates":[83.011816,25.310164]}},{"type":"Feature","properties":{"f":"S","c":["Shiva","Shiva-Parvati"],"s":["c"],"n":0,"r":144,"h":3},"geometry":{"type":"Point","coordinates":[83.011742,25.310169]}},{"type":"Feature","properties":{"f":"S","c":["Shiva","Shiva-Parvati"],"s":["c"],"n":0,"r":139,"h":3},"geometry":{"type":"Point","coordinates":[83.011784,25.310151]}},{"type":"Feature","properties":{"f":"S","c":["Shiva","Shiva family","Shiva-Parvati"],"s":["fs"],"n":4,"r":154,"h":3,"nm":"Vishwvahuka gauri Parvati temple"},"geometry":{"type":"Point","coordinates":[83.011689,25.310277]}},{"type":"Feature","properties":{"f":"S","c":["Shiva","Shiva family","Shiva-Parvati"],"s":["c"],"n":0,"r":153,"h":3},"geometry":{"type":"Point","coordinates":[83.011652,25.310184]}},{"type":"Feature","properties":{"f":"S","c":["Shiva","Shiva family","Shiva-Parvati"],"s":["c"],"n":0,"r":157,"h":3},"geometry":{"type":"Point","coordinates":[83.011588,25.31018]}},{"type":"Feature","properties":{"f":"S","c":["Shiva","Shiva family","Shiva-Parvati"],"s":["c"],"n":3,"r":162,"h":3},"geometry":{"type":"Point","coordinates":[83.011522,25.31017]}},{"type":"Feature","properties":{"f":"DO","c":["Local Maa","Other"],"s":["tt"],"n":0,"r":164,"h":3},"geometry":{"type":"Point","coordinates":[83.01159,25.310303]}},{"type":"Feature","properties":{"f":"DS","c":["Local Maa","Shiva","Shiva family","Shiva-Parvati"],"s":["t"],"n":0,"r":138,"h":3},"geometry":{"type":"Point","coordinates":[83.011883,25.310291]}},{"type":"Feature","properties":{"f":"D","c":["Devi"],"s":["fs"],"n":0,"r":111,"h":3,"nm":"Kali mata"},"geometry":{"type":"Point","coordinates":[83.012048,25.310054]}},{"type":"Feature","properties":{"f":"GS","c":["Ganesh","Shiva"],"s":["w"],"n":0,"r":105,"h":3,"nm":"Ganesh"},"geometry":{"type":"Point","coordinates":[83.012109,25.310047]}},{"type":"Feature","properties":{"f":"S","c":["Shiva","Shiva family","Shiva-Parvati"],"s":["fs"],"n":3,"r":125,"h":3},"geometry":{"type":"Point","coordinates":[83.011993,25.310228]}},{"type":"Feature","properties":{"f":"S","c":["Shiva","Shiva-Parvati"],"s":["w"],"n":2,"r":151,"h":3},"geometry":{"type":"Point","coordinates":[83.012225,25.310793]}},{"type":"Feature","properties":{"f":"S","c":["Shiva","Shiva-Parvati"],"s":["w"],"n":2,"r":151,"h":3},"geometry":{"type":"Point","coordinates":[83.012225,25.310793]}},{"type":"Feature","properties":{"f":"S","c":["Shiva","Shiva family","Shiva-Parvati"],"s":["w"],"n":12,"r":165,"h":3},"geometry":{"type":"Point","coordinates":[83.012386,25.311042]}},{"type":"Feature","properties":{"f":"S","c":["Shiva","Shiva family","Shiva-Parvati"],"s":["w"],"n":0,"r":129,"h":3},"geometry":{"type":"Point","coordinates":[83.01248,25.310709]}},{"type":"Feature","properties":{"f":"SV","c":["Krishna","Shiva","Shiva-Parvati"],"s":["w"],"n":0,"r":114,"h":3},"geometry":{"type":"Point","coordinates":[83.012546,25.310589]}},{"type":"Feature","properties":{"f":"S","c":["Shiva","Shiva family","Shiva-Parvati"],"s":["w"],"n":2,"r":130,"h":3},"geometry":{"type":"Point","coordinates":[83.012508,25.310737]}},{"type":"Feature","properties":{"f":"S","c":["Shiva","Shiva family","Shiva-Parvati"],"s":["fs"],"n":0,"r":120,"h":3},"geometry":{"type":"Point","coordinates":[83.012752,25.310763]}},{"type":"Feature","properties":{"f":"S","c":["Shiva","Shiva-Parvati"],"s":["fs"],"n":0,"r":131,"h":3},"geometry":{"type":"Point","coordinates":[83.012535,25.310759]}},{"type":"Feature","properties":{"f":"S","c":["Shiva","Shiva-Parvati"],"s":["fs"],"n":3,"r":132,"h":3},"geometry":{"type":"Point","coordinates":[83.012485,25.310749]}},{"type":"Feature","properties":{"f":"S","c":["Shiva","Shiva-Parvati"],"s":["tt"],"n":2,"r":105,"h":3},"geometry":{"type":"Point","coordinates":[83.01269,25.310578]}},{"type":"Feature","properties":{"f":"S","c":["Shiva"],"s":["fs"],"n":0,"r":118,"h":3},"geometry":{"type":"Point","coordinates":[83.012502,25.310603]}},{"type":"Feature","properties":{"f":"G","c":["Ganesh"],"s":["fs"],"n":0,"r":114,"h":3},"geometry":{"type":"Point","coordinates":[83.012689,25.310661]}},{"type":"Feature","properties":{"f":"S","c":["Shiva","Shiva-Parvati"],"s":["w"],"n":2,"r":116,"h":3},"geometry":{"type":"Point","coordinates":[83.012543,25.310607]}},{"type":"Feature","properties":{"f":"S","c":["Shiva","Shiva family","Shiva-Parvati"],"s":["w"],"n":3,"r":102,"h":3},"geometry":{"type":"Point","coordinates":[83.01275,25.310566]}},{"type":"Feature","properties":{"f":"S","c":["Shiva","Shiva family","Shiva-Parvati"],"s":["w"],"n":0,"r":93,"h":3},"geometry":{"type":"Point","coordinates":[83.012708,25.310459]}},{"type":"Feature","properties":{"f":"S","c":["Shiva","Shiva-Parvati"],"s":["w"],"n":0,"r":83,"h":3},"geometry":{"type":"Point","coordinates":[83.01278,25.310392]}},{"type":"Feature","properties":{"f":"S","c":["Shiva","Shiva-Parvati"],"s":["w"],"n":0,"r":77,"h":3},"geometry":{"type":"Point","coordinates":[83.01293,25.310394]}},{"type":"Feature","properties":{"f":"S","c":["Shiva","Shiva-Parvati"],"s":["w"],"n":0,"r":93,"h":3},"geometry":{"type":"Point","coordinates":[83.012953,25.310575]}},{"type":"Feature","properties":{"f":"S","c":["Shiva","Shiva-Parvati"],"s":["w"],"n":0,"r":82,"h":3},"geometry":{"type":"Point","coordinates":[83.012879,25.310423]}},{"type":"Feature","properties":{"f":"DS","c":["Shiva","Shiva-Parvati","Sitala Maa"],"s":["fs","tt"],"n":0,"r":51,"h":3},"geometry":{"type":"Point","coordinates":[83.013404,25.310565]}},{"type":"Feature","properties":{"f":"S","c":["Shiva","Shiva-Parvati"],"s":["fs"],"n":0,"r":21,"h":3,"nm":"Nepali temple"},"geometry":{"type":"Point","coordinates":[83.012999,25.309844]}},{"type":"Feature","properties":{"f":"GS","c":["Ganesh","Shiva"],"s":["w"],"n":0,"r":91,"h":3},"geometry":{"type":"Point","coordinates":[83.012877,25.310507]}},{"type":"Feature","properties":{"f":"OS","c":["Other","Shiva","Shiva family","Shiva-Parvati"],"s":["w"],"n":0,"r":34,"h":3},"geometry":{"type":"Point","coordinates":[83.013268,25.310037]}},{"type":"Feature","properties":{"f":"D","c":["Devi","Local Maa"],"s":["fs"],"n":0,"r":9,"h":3},"geometry":{"type":"Point","coordinates":[83.013274,25.309804]}},{"type":"Feature","properties":{"f":"DS","c":["Devi","Shiva","Sitala Maa"],"s":["w"],"n":0,"r":90,"h":3},"geometry":{"type":"Point","coordinates":[83.01297,25.310538]}},{"type":"Feature","properties":{"f":"S","c":["Shiva"],"s":["w"],"n":0,"r":88,"h":3},"geometry":{"type":"Point","coordinates":[83.012884,25.310482]}},{"type":"Feature","properties":{"f":"S","c":["Shiva","Shiva family","Shiva-Parvati"],"s":["w"],"n":0,"r":90,"h":3},"geometry":{"type":"Point","coordinates":[83.012712,25.310425]}},{"type":"Feature","properties":{"f":"S","c":["Shiva","Shiva family","Shiva-Parvati"],"s":["fs","w"],"n":0,"r":93,"h":3},"geometry":{"type":"Point","coordinates":[83.01277,25.310484]}},{"type":"Feature","properties":{"f":"S","c":["Shiva","Shiva family","Shiva-Parvati"],"s":["w"],"n":0,"r":87,"h":3},"geometry":{"type":"Point","coordinates":[83.013051,25.310642]}},{"type":"Feature","properties":{"f":"S","c":["Shiva","Shiva family","Shiva-Parvati"],"s":["fs"],"n":0,"r":91,"h":3},"geometry":{"type":"Point","coordinates":[83.012972,25.310565]}},{"type":"Feature","properties":{"f":"S","c":["Shiva","Shiva family","Shiva-Parvati"],"s":["w"],"n":0,"r":92,"h":3},"geometry":{"type":"Point","coordinates":[83.012956,25.310546]}},{"type":"Feature","properties":{"f":"S","c":["Shiva","Shiva family","Shiva-Parvati"],"s":["c"],"n":0,"r":87,"h":3},"geometry":{"type":"Point","coordinates":[83.012963,25.310489]}},{"type":"Feature","properties":{"f":"G","c":["Ganesh"],"s":["w"],"n":0,"r":111,"h":3},"geometry":{"type":"Point","coordinates":[83.012647,25.310613]}},{"type":"Feature","properties":{"f":"H","c":["Hanuman"],"s":["fs","w"],"n":0,"r":143,"h":3},"geometry":{"type":"Point","coordinates":[83.012039,25.310546]}},{"type":"Feature","properties":{"f":"G","c":["Ganesh"],"s":["w"],"n":0,"r":156,"h":3},"geometry":{"type":"Point","coordinates":[83.011974,25.310647]}},{"type":"Feature","properties":{"f":"OV","c":["Krishna","Other"],"s":["w"],"n":0,"r":177,"h":3},"geometry":{"type":"Point","coordinates":[83.011782,25.310742]}},{"type":"Feature","properties":{"f":"S","c":["Shiva","Shiva-Parvati"],"s":["w"],"n":0,"r":189,"h":3},"geometry":{"type":"Point","coordinates":[83.011537,25.310652]}},{"type":"Feature","properties":{"f":"S","c":["Shiva","Shiva-Parvati"],"s":["w"],"n":0,"r":219,"h":3},"geometry":{"type":"Point","coordinates":[83.011248,25.310747]}},{"type":"Feature","properties":{"f":"S","c":["Shiva","Shiva family","Shiva-Parvati"],"s":["w","fs"],"n":0,"r":231,"h":3},"geometry":{"type":"Point","coordinates":[83.011053,25.310675]}},{"type":"Feature","properties":{"f":"D","c":["Devi","Local Maa"],"s":["w"],"n":0,"r":238,"h":3},"geometry":{"type":"Point","coordinates":[83.011039,25.310761]}},{"type":"Feature","properties":{"f":"D","c":["Sitala Maa"],"s":["fs"],"n":5,"r":95,"h":0},"geometry":{"type":"Point","coordinates":[82.992725,25.299036]}},{"type":"Feature","properties":{"f":"H","c":["Hanuman"],"s":["fs"],"n":1,"r":209,"h":0},"geometry":{"type":"Point","coordinates":[82.991532,25.29908]}},{"type":"Feature","properties":{"f":"D","c":["Devi"],"s":["c"],"n":1,"r":396,"h":0},"geometry":{"type":"Point","coordinates":[82.989384,25.298486]}},{"type":"Feature","properties":{"f":"GS","c":["Ganesh","Shiva"],"s":["fs"],"n":2,"r":415,"h":0},"geometry":{"type":"Point","coordinates":[82.988988,25.297822]}},{"type":"Feature","properties":{"f":"F","c":["Bir Baba"],"s":["tt"],"n":1,"r":338,"h":0},"geometry":{"type":"Point","coordinates":[82.987428,25.295756]}},{"type":"Feature","properties":{"f":"H","c":["Hanuman"],"s":["t"],"n":0,"r":411,"h":0},"geometry":{"type":"Point","coordinates":[82.989021,25.29777]}},{"type":"Feature","properties":{"f":"GS","c":["Ganesh","Shiva","Shiva-Parvati"],"s":["ba"],"n":6,"r":106,"h":3},"geometry":{"type":"Point","coordinates":[83.010737,25.308714]}},{"type":"Feature","properties":{"f":"S","c":["Shiva"],"s":["ba"],"n":1,"r":141,"h":3},"geometry":{"type":"Point","coordinates":[83.010624,25.309046]}},{"type":"Feature","properties":{"f":"S","c":["Shiva"],"s":["ba"],"n":1,"r":161,"h":3},"geometry":{"type":"Point","coordinates":[83.010326,25.309055]}},{"type":"Feature","properties":{"f":"S","c":["Shiva"],"s":["ba"],"n":8,"r":89,"h":3},"geometry":{"type":"Point","coordinates":[83.011395,25.309098]}},{"type":"Feature","properties":{"f":"G","c":["Ganesh"],"s":["fs"],"n":0,"r":213,"h":3},"geometry":{"type":"Point","coordinates":[83.01035,25.309753]}},{"type":"Feature","properties":{"f":"S","c":["Shiva"],"s":["fs"],"n":1,"r":233,"h":3},"geometry":{"type":"Point","coordinates":[83.010044,25.309717]}},{"type":"Feature","properties":{"f":"S","c":["Shiva"],"s":["c"],"n":1,"r":248,"h":3},"geometry":{"type":"Point","coordinates":[83.009862,25.309735]}},{"type":"Feature","properties":{"f":"S","c":["Shiva"],"s":["fs","ba"],"n":5,"r":273,"h":3},"geometry":{"type":"Point","coordinates":[83.00996,25.310168]}},{"type":"Feature","properties":{"f":"H","c":["Hanuman"],"s":["w"],"n":1,"r":284,"h":3},"geometry":{"type":"Point","coordinates":[83.009929,25.310265]}},{"type":"Feature","properties":{"f":"SV","c":["Rama","Shiva"],"s":["ba"],"n":5,"r":295,"h":3},"geometry":{"type":"Point","coordinates":[83.010002,25.310456]}},{"type":"Feature","properties":{"f":"G","c":["Ganesh"],"s":["w"],"n":1,"r":256,"h":3},"geometry":{"type":"Point","coordinates":[83.010323,25.31025]}},{"type":"Feature","properties":{"f":"V","c":["Krishna"],"s":["c"],"n":5,"r":202,"h":3},"geometry":{"type":"Point","coordinates":[83.011008,25.310192]}},{"type":"Feature","properties":{"f":"S","c":["Shiva"],"s":["tt"],"n":1,"r":261,"h":3},"geometry":{"type":"Point","coordinates":[83.010955,25.311035]}},{"type":"Feature","properties":{"f":"S","c":["Shiva"],"s":["ba"],"n":2,"r":273,"h":3},"geometry":{"type":"Point","coordinates":[83.011263,25.311493]}},{"type":"Feature","properties":{"f":"S","c":["Shiva"],"s":["w"],"n":3,"r":360,"h":3},"geometry":{"type":"Point","coordinates":[83.010684,25.312077]}},{"type":"Feature","properties":{"f":"S","c":["Shiva"],"s":["ba"],"n":1,"r":349,"h":3},"geometry":{"type":"Point","coordinates":[83.010178,25.311411]}},{"type":"Feature","properties":{"f":"S","c":["Shiva"],"s":["fs"],"n":1,"r":332,"h":3},"geometry":{"type":"Point","coordinates":[83.010149,25.311088]}},{"type":"Feature","properties":{"f":"GHS","c":["Ganesh","Hanuman","Shiva","Shiva family"],"s":["c"],"n":7,"r":443,"h":3},"geometry":{"type":"Point","coordinates":[83.008717,25.311206]}},{"type":"Feature","properties":{"f":"S","c":["Shiva"],"s":["ba"],"n":2,"r":428,"h":3},"geometry":{"type":"Point","coordinates":[83.008588,25.310886]}},{"type":"Feature","properties":{"f":"HS","c":["Hanuman","Shiva-Parvati"],"s":["ba"],"n":5,"r":436,"h":3},"geometry":{"type":"Point","coordinates":[83.008031,25.310415]}},{"type":"Feature","properties":{"f":"H","c":["Hanuman"],"s":["ba"],"n":1,"r":448,"h":3},"geometry":{"type":"Point","coordinates":[83.007758,25.310262]}},{"type":"Feature","properties":{"f":"S","c":["Shiva"],"s":["fs"],"n":1,"r":451,"h":3},"geometry":{"type":"Point","coordinates":[83.00763,25.31012]}},{"type":"Feature","properties":{"f":"OS","c":["Other","Shiva"],"s":["ba"],"n":2,"r":438,"h":3},"geometry":{"type":"Point","coordinates":[83.007762,25.31009]}},{"type":"Feature","properties":{"f":"HS","c":["Hanuman","Shiva"],"s":["w"],"n":2,"r":467,"h":3},"geometry":{"type":"Point","coordinates":[83.007222,25.310425]}},{"type":"Feature","properties":{"f":"HO","c":["Hanuman","Other"],"s":["ba","tt"],"n":5,"r":465,"h":3},"geometry":{"type":"Point","coordinates":[83.006985,25.309969]}},{"type":"Feature","properties":{"f":"S","c":["Shiva"],"s":["fs"],"n":1,"r":462,"h":3},"geometry":{"type":"Point","coordinates":[83.007482,25.310083]}},{"type":"Feature","properties":{"f":"S","c":["Shiva"],"s":["fs"],"n":0,"r":458,"h":3},"geometry":{"type":"Point","coordinates":[83.007367,25.309844]}},{"type":"Feature","properties":{"f":"H","c":["Hanuman"],"s":["ba"],"n":1,"r":481,"h":3},"geometry":{"type":"Point","coordinates":[83.006851,25.309455]}},{"type":"Feature","properties":{"f":"HS","c":["Hanuman","Shiva"],"s":["tt"],"n":2,"r":343,"h":0},"geometry":{"type":"Point","coordinates":[83.005566,25.309975]}},{"type":"Feature","properties":{"f":"GDHSV","c":["Devi","Ganesh","Hanuman","Krishna","Shiva"],"s":["tt"],"n":6,"r":290,"h":0},"geometry":{"type":"Point","coordinates":[83.005422,25.310662]}},{"type":"Feature","properties":{"f":"O","c":["Other"],"s":["w"],"n":1,"r":216,"h":0},"geometry":{"type":"Point","coordinates":[83.004988,25.311627]}},{"type":"Feature","properties":{"f":"S","c":["Shiva"],"s":["ba"],"n":2,"r":293,"h":0},"geometry":{"type":"Point","coordinates":[83.005821,25.312048]}},{"type":"Feature","properties":{"f":"H","c":["Hanuman"],"s":["w"],"n":1,"r":353,"h":3},"geometry":{"type":"Point","coordinates":[83.006072,25.310587]}},{"type":"Feature","properties":{"f":"V","c":["Krishna"],"s":["w"],"n":2,"r":437,"h":3},"geometry":{"type":"Point","coordinates":[83.007002,25.310679]}},{"type":"Feature","properties":{"f":"GDS","c":["Devi","Ganesh","Shiva"],"s":["fs"],"n":6,"r":458,"h":3},"geometry":{"type":"Point","coordinates":[83.007171,25.310539]}},{"type":"Feature","properties":{"f":"S","c":["Shiva"],"s":["ba"],"n":1,"r":462,"h":3},"geometry":{"type":"Point","coordinates":[83.00844,25.311185]}},{"type":"Feature","properties":{"f":"S","c":["Shiva"],"s":["ba"],"n":2,"r":460,"h":3},"geometry":{"type":"Point","coordinates":[83.008442,25.311375]}},{"type":"Feature","properties":{"f":"S","c":["Shiva"],"s":["tt"],"n":1,"r":143,"h":0},"geometry":{"type":"Point","coordinates":[82.973396,25.30261]}},{"type":"Feature","properties":{"f":"O","c":["Other"],"s":["fs"],"n":1,"r":19,"h":0},"geometry":{"type":"Point","coordinates":[82.979343,25.30128]}},{"type":"Feature","properties":{"f":"S","c":["Shiva"],"s":["fs","c"],"n":1,"r":238,"h":0},"geometry":{"type":"Point","coordinates":[82.97984,25.303238]}},{"type":"Feature","properties":{"f":"S","c":["Shiva"],"s":["w"],"n":1,"r":243,"h":0},"geometry":{"type":"Point","coordinates":[82.979916,25.303263]}},{"type":"Feature","properties":{"f":"H","c":["Hanuman"],"s":["w","tt"],"n":1,"r":246,"h":0},"geometry":{"type":"Point","coordinates":[82.97989,25.303299]}},{"type":"Feature","properties":{"f":"G","c":["Ganesh"],"s":["fs"],"n":1,"r":601,"h":0},"geometry":{"type":"Point","coordinates":[82.987355,25.303558]}},{"type":"Feature","properties":{"f":"FHS","c":["Bir Baba","Hanuman","Shiva family"],"s":["tt"],"n":5,"r":792,"h":0},"geometry":{"type":"Point","coordinates":[82.987952,25.305335]}},{"type":"Feature","properties":{"f":"S","c":["Shiva"],"s":["tt"],"n":2,"r":685,"h":0},"geometry":{"type":"Point","coordinates":[82.987537,25.304404]}},{"type":"Feature","properties":{"f":"DHS","c":["Devi","Hanuman","Shiva","Shiva-Parvati"],"s":["fs"],"n":5,"r":763,"h":0},"geometry":{"type":"Point","coordinates":[82.989137,25.304518]}},{"type":"Feature","properties":{"f":"S","c":["Shiva","Shiva-Parvati"],"s":["w"],"n":3,"r":559,"h":0},"geometry":{"type":"Point","coordinates":[82.987618,25.302781]}},{"type":"Feature","properties":{"f":"H","c":["Hanuman"],"s":["fs"],"n":1,"r":372,"h":0},"geometry":{"type":"Point","coordinates":[82.98629,25.301589]}},{"type":"Feature","properties":{"f":"O","c":["Other"],"s":["w"],"n":1,"r":586,"h":0},"geometry":{"type":"Point","coordinates":[82.989115,25.302058]}},{"type":"Feature","properties":{"f":"O","c":["Other"],"s":["w"],"n":1,"r":644,"h":0},"geometry":{"type":"Point","coordinates":[82.992082,25.304954]}},{"type":"Feature","properties":{"f":"F","c":["Bir Baba"],"s":["c","fs"],"n":1,"r":219,"h":0},"geometry":{"type":"Point","coordinates":[82.992174,25.300218]}},{"type":"Feature","properties":{"f":"O","c":["Other"],"s":["tt"],"n":1,"r":219,"h":0},"geometry":{"type":"Point","coordinates":[82.992174,25.300219]}},{"type":"Feature","properties":{"f":"S","c":["Shiva"],"s":["tt"],"n":1,"r":220,"h":0},"geometry":{"type":"Point","coordinates":[82.992177,25.300236]}},{"type":"Feature","properties":{"f":"F","c":["Bir Baba"],"s":["w"],"n":1,"r":265,"h":0},"geometry":{"type":"Point","coordinates":[82.990781,25.298404]}},{"type":"Feature","properties":{"f":"O","c":["Other"],"s":["fs"],"n":1,"r":432,"h":0},"geometry":{"type":"Point","coordinates":[82.989525,25.299983]}},{"type":"Feature","properties":{"f":"O","c":["Other"],"s":["t"],"n":1,"r":438,"h":0},"geometry":{"type":"Point","coordinates":[82.989477,25.300021]}},{"type":"Feature","properties":{"f":"OS","c":["Other","Shiva"],"s":["w"],"n":2,"r":465,"h":0},"geometry":{"type":"Point","coordinates":[82.9883,25.299797]}},{"type":"Feature","properties":{"f":"S","c":["Shiva"],"s":["fs"],"n":1,"r":418,"h":0},"geometry":{"type":"Point","coordinates":[82.98894,25.297709]}},{"type":"Feature","properties":{"f":"O","c":["Other"],"s":["fs","tt"],"n":1,"r":330,"h":0},"geometry":{"type":"Point","coordinates":[82.987391,25.295854]}},{"type":"Feature","properties":{"f":"O","c":["Other"],"s":["fs"],"n":1,"r":169,"h":0},"geometry":{"type":"Point","coordinates":[82.988702,25.293314]}},{"type":"Feature","properties":{"f":"O","c":["Other"],"s":["c","w"],"n":1,"r":195,"h":0},"geometry":{"type":"Point","coordinates":[82.989317,25.293374]}},{"type":"Feature","properties":{"f":"O","c":["Other"],"s":["fs"],"n":3,"r":202,"h":0},"geometry":{"type":"Point","coordinates":[82.989404,25.293405]}},{"type":"Feature","properties":{"f":"S","c":["Shiva"],"s":["fs"],"n":1,"r":206,"h":0},"geometry":{"type":"Point","coordinates":[82.989456,25.293425]}},{"type":"Feature","properties":{"f":"O","c":["Other"],"s":["w"],"n":1,"r":316,"h":0},"geometry":{"type":"Point","coordinates":[82.990854,25.293655]}},{"type":"Feature","properties":{"f":"O","c":["Other"],"s":["fs"],"n":1,"r":333,"h":0},"geometry":{"type":"Point","coordinates":[82.991105,25.293609]}},{"type":"Feature","properties":{"f":"G","c":["Ganesh"],"s":["w"],"n":0,"r":126,"h":0},"geometry":{"type":"Point","coordinates":[83.005969,25.294119]}},{"type":"Feature","properties":{"f":"S","c":["Shiva","Shiva family","Shiva-Parvati"],"s":["fs"],"n":0,"r":190,"h":3},"geometry":{"type":"Point","coordinates":[83.012427,25.311607]}},{"type":"Feature","properties":{"f":"S","c":["Shiva","Shiva family","Shiva-Parvati"],"s":["w"],"n":4,"r":176,"h":3},"geometry":{"type":"Point","coordinates":[83.01239,25.311294]}},{"type":"Feature","properties":{"f":"S","c":["Shiva","Shiva family","Shiva-Parvati"],"s":["w"],"n":0,"r":162,"h":3},"geometry":{"type":"Point","coordinates":[83.012462,25.311128]}},{"type":"Feature","properties":{"f":"S","c":["Shiva","Shiva family","Shiva-Parvati"],"s":["w"],"n":0,"r":158,"h":3},"geometry":{"type":"Point","coordinates":[83.012549,25.311207]}},{"type":"Feature","properties":{"f":"S","c":["Shiva","Shiva family","Shiva-Parvati"],"s":["w"],"n":2,"r":144,"h":3},"geometry":{"type":"Point","coordinates":[83.012658,25.311127]}},{"type":"Feature","properties":{"f":"S","c":["Shiva","Shiva family","Shiva-Parvati"],"s":["w"],"n":1,"r":149,"h":3},"geometry":{"type":"Point","coordinates":[83.012608,25.31114]}},{"type":"Feature","properties":{"f":"S","c":["Shiva","Shiva family","Shiva-Parvati"],"s":["w"],"n":0,"r":147,"h":3},"geometry":{"type":"Point","coordinates":[83.012636,25.311153]}},{"type":"Feature","properties":{"f":"S","c":["Shiva","Shiva family","Shiva-Parvati"],"s":["w"],"n":0,"r":155,"h":3},"geometry":{"type":"Point","coordinates":[83.012546,25.311129]}},{"type":"Feature","properties":{"f":"S","c":["Shiva","Shiva family","Shiva-Parvati"],"s":["fs"],"n":2,"r":154,"h":3},"geometry":{"type":"Point","coordinates":[83.012552,25.311126]}},{"type":"Feature","properties":{"f":"S","c":["Shiva","Shiva family","Shiva-Parvati"],"s":["fs"],"n":0,"r":137,"h":3},"geometry":{"type":"Point","coordinates":[83.012744,25.311143]}},{"type":"Feature","properties":{"f":"S","c":["Shiva","Shiva family","Shiva-Parvati"],"s":["w"],"n":0,"r":135,"h":3},"geometry":{"type":"Point","coordinates":[83.012713,25.311044]}},{"type":"Feature","properties":{"f":"H","c":["Hanuman"],"s":["w"],"n":1,"r":127,"h":3},"geometry":{"type":"Point","coordinates":[83.012816,25.311082]}},{"type":"Feature","properties":{"f":"S","c":["Shiva","Shiva family","Shiva-Parvati"],"s":["fs"],"n":2,"r":131,"h":3},"geometry":{"type":"Point","coordinates":[83.012812,25.311147]}},{"type":"Feature","properties":{"f":"D","c":["Devi","Local Maa"],"s":["w"],"n":1,"r":121,"h":3},"geometry":{"type":"Point","coordinates":[83.012915,25.31114]}},{"type":"Feature","properties":{"f":"F","c":["Bir Baba"],"s":["w"],"n":0,"r":114,"h":3},"geometry":{"type":"Point","coordinates":[83.012943,25.311054]}},{"type":"Feature","properties":{"f":"S","c":["Shiva","Shiva family","Shiva-Parvati"],"s":["w"],"n":0,"r":123,"h":3},"geometry":{"type":"Point","coordinates":[83.012885,25.311123]}},{"type":"Feature","properties":{"f":"S","c":["Shiva","Shiva family","Shiva-Parvati"],"s":["w"],"n":2,"r":134,"h":3},"geometry":{"type":"Point","coordinates":[83.012759,25.31111]}},{"type":"Feature","properties":{"f":"S","c":["Shiva","Shiva family","Shiva-Parvati"],"s":["w"],"n":2,"r":119,"h":3},"geometry":{"type":"Point","coordinates":[83.012955,25.311169]}},{"type":"Feature","properties":{"f":"HV","c":["Hanuman","Rama"],"s":["fs"],"n":6,"r":120,"h":3},"geometry":{"type":"Point","coordinates":[83.012911,25.311116]}},{"type":"Feature","properties":{"f":"H","c":["Hanuman"],"s":["w"],"n":1,"r":114,"h":3},"geometry":{"type":"Point","coordinates":[83.01298,25.311105]}},{"type":"Feature","properties":{"f":"G","c":["Ganesh"],"s":["w"],"n":1,"r":113,"h":3},"geometry":{"type":"Point","coordinates":[83.013009,25.311149]}},{"type":"Feature","properties":{"f":"S","c":["Shiva","Shiva family","Shiva-Parvati"],"s":["w"],"n":1,"r":114,"h":3},"geometry":{"type":"Point","coordinates":[83.012975,25.311096]}},{"type":"Feature","properties":{"f":"S","c":["Shiva","Shiva family","Shiva-Parvati"],"s":["w"],"n":2,"r":111,"h":3},"geometry":{"type":"Point","coordinates":[83.012993,25.311075]}},{"type":"Feature","properties":{"f":"S","c":["Shiva","Shiva family","Shiva-Parvati"],"s":["w"],"n":2,"r":106,"h":3},"geometry":{"type":"Point","coordinates":[83.013098,25.311147]}},{"type":"Feature","properties":{"f":"S","c":["Shiva","Shiva-Parvati"],"s":["w"],"n":0,"r":97,"h":3},"geometry":{"type":"Point","coordinates":[83.013055,25.310891]}},{"type":"Feature","properties":{"f":"S","c":["Shiva","Shiva family","Shiva-Parvati"],"s":["w"],"n":2,"r":88,"h":3},"geometry":{"type":"Point","coordinates":[83.013237,25.311053]}},{"type":"Feature","properties":{"f":"S","c":["Shiva"],"s":["w"],"n":1,"r":93,"h":3},"geometry":{"type":"Point","coordinates":[83.013228,25.311114]}},{"type":"Feature","properties":{"f":"S","c":["Shiva","Shiva family","Shiva-Parvati"],"s":["w"],"n":4,"r":92,"h":3},"geometry":{"type":"Point","coordinates":[83.013239,25.31112]}},{"type":"Feature","properties":{"f":"S","c":["Shiva","Shiva family","Shiva-Parvati"],"s":["w"],"n":1,"r":98,"h":3},"geometry":{"type":"Point","coordinates":[83.013259,25.311219]}},{"type":"Feature","properties":{"f":"S","c":["Shiva","Shiva family","Shiva-Parvati"],"s":["fs"],"n":2,"r":104,"h":3},"geometry":{"type":"Point","coordinates":[83.013295,25.31133]}},{"type":"Feature","properties":{"f":"D","c":["Devi","Local Maa"],"s":["w"],"n":2,"r":60,"h":3},"geometry":{"type":"Point","coordinates":[83.013865,25.311158]}},{"type":"Feature","properties":{"f":"S","c":["Shiva","Shiva family","Shiva-Parvati"],"s":["fs"],"n":5,"r":76,"h":3},"geometry":{"type":"Point","coordinates":[83.013573,25.311213]}},{"type":"Feature","properties":{"f":"S","c":["Shiva-Parvati"],"s":["w","fs"],"n":2,"r":71,"h":3},"geometry":{"type":"Point","coordinates":[83.013625,25.311182]}},{"type":"Feature","properties":{"f":"V","c":["Krishna"],"s":["w"],"n":10,"r":66,"h":3},"geometry":{"type":"Point","coordinates":[83.013781,25.311194]}},{"type":"Feature","properties":{"f":"O","c":["Other"],"s":["w"],"n":0,"r":67,"h":3},"geometry":{"type":"Point","coordinates":[83.013718,25.311181]}},{"type":"Feature","properties":{"f":"S","c":["Shiva","Shiva-Parvati"],"s":["w"],"n":2,"r":65,"h":3},"geometry":{"type":"Point","coordinates":[83.013862,25.31121]}},{"type":"Feature","properties":{"f":"S","c":["Shiva","Shiva family","Shiva-Parvati"],"s":["w"],"n":2,"r":68,"h":3},"geometry":{"type":"Point","coordinates":[83.013968,25.311294]}},{"type":"Feature","properties":{"f":"S","c":["Shiva","Shiva family","Shiva-Parvati"],"s":["w"],"n":2,"r":66,"h":3},"geometry":{"type":"Point","coordinates":[83.013977,25.311269]}},{"type":"Feature","properties":{"f":"H","c":["Hanuman"],"s":["w"],"n":1,"r":63,"h":3},"geometry":{"type":"Point","coordinates":[83.014011,25.31127]}},{"type":"Feature","properties":{"f":"S","c":["Shiva","Shiva-Parvati"],"s":["w"],"n":0,"r":36,"h":3},"geometry":{"type":"Point","coordinates":[83.013891,25.310947]}},{"type":"Feature","properties":{"f":"GH","c":["Ganesh","Hanuman"],"s":["w"],"n":4,"r":44,"h":3},"geometry":{"type":"Point","coordinates":[83.01421,25.31123]}},{"type":"Feature","properties":{"f":"S","c":["Shiva","Shiva family","Shiva-Parvati"],"s":["fs"],"n":0,"r":25,"h":3},"geometry":{"type":"Point","coordinates":[83.014465,25.311225]}},{"type":"Feature","properties":{"f":"H","c":["Hanuman"],"s":["w"],"n":1,"r":131,"h":3},"geometry":{"type":"Point","coordinates":[83.012959,25.311369]}},{"type":"Feature","properties":{"f":"S","c":["Shiva","Shiva-Parvati"],"s":["w"],"n":2,"r":125,"h":3},"geometry":{"type":"Point","coordinates":[83.012999,25.311317]}},{"type":"Feature","properties":{"f":"S","c":["Shiva"],"s":["ba"],"n":1,"r":127,"h":3},"geometry":{"type":"Point","coordinates":[83.012953,25.311297]}},{"type":"Feature","properties":{"f":"S","c":["Shiva","Shiva family"],"s":["fs"],"n":2,"r":127,"h":3},"geometry":{"type":"Point","coordinates":[83.013086,25.311436]}},{"type":"Feature","properties":{"f":"S","c":["Shiva"],"s":["w"],"n":1,"r":114,"h":3},"geometry":{"type":"Point","coordinates":[83.013152,25.311332]}},{"type":"Feature","properties":{"f":"S","c":["Shiva","Shiva-Parvati"],"s":["w"],"n":2,"r":87,"h":3,"nm":"Dhandhaneshwar mahadev"},"geometry":{"type":"Point","coordinates":[83.013385,25.311204]}},{"type":"Feature","properties":{"f":"S","c":["Shiva","Shiva family","Shiva-Parvati"],"s":["w"],"n":2,"r":135,"h":3},"geometry":{"type":"Point","coordinates":[83.01358,25.311818]}},{"type":"Feature","properties":{"f":"D","c":["Devi","Local Maa"],"s":["w"],"n":1,"r":110,"h":3},"geometry":{"type":"Point","coordinates":[83.013753,25.311655]}},{"type":"Feature","properties":{"f":"S","c":["Shiva","Shiva family","Shiva-Parvati"],"s":["fs"],"n":2,"r":110,"h":3},"geometry":{"type":"Point","coordinates":[83.013779,25.31168]}},{"type":"Feature","properties":{"f":"H","c":["Hanuman"],"s":["w"],"n":1,"r":109,"h":3},"geometry":{"type":"Point","coordinates":[83.013772,25.311663]}},{"type":"Feature","properties":{"f":"GS","c":["Ganesh","Shiva","Shiva family","Shiva-Parvati"],"s":["w"],"n":5,"r":78,"h":3},"geometry":{"type":"Point","coordinates":[83.013953,25.311421]}},{"type":"Feature","properties":{"f":"S","c":["Shiva","Shiva family","Shiva-Parvati"],"s":["w"],"n":0,"r":90,"h":3},"geometry":{"type":"Point","coordinates":[83.013856,25.311491]}},{"type":"Feature","properties":{"f":"S","c":["Shiva","Shiva family","Shiva-Parvati"],"s":["fs"],"n":5,"r":84,"h":3},"geometry":{"type":"Point","coordinates":[83.013944,25.311496]}},{"type":"Feature","properties":{"f":"S","c":["Shiva","Shiva-Parvati"],"s":["fs","w"],"n":2,"r":93,"h":3},"geometry":{"type":"Point","coordinates":[83.014149,25.311832]}},{"type":"Feature","properties":{"f":"S","c":["Shiva family","Shiva-Parvati"],"s":[],"n":2,"r":146,"h":3},"geometry":{"type":"Point","coordinates":[83.013481,25.311868]}},{"type":"Feature","properties":{"f":"S","c":["Shiva","Shiva family","Shiva-Parvati"],"s":["c"],"n":3,"r":150,"h":3},"geometry":{"type":"Point","coordinates":[83.013536,25.311972]}},{"type":"Feature","properties":{"f":"S","c":["Shiva family","Shiva-Parvati"],"s":["c"],"n":4,"r":152,"h":3},"geometry":{"type":"Point","coordinates":[83.013469,25.311933]}},{"type":"Feature","properties":{"f":"S","c":["Shiva","Shiva family","Shiva-Parvati"],"s":["w"],"n":2,"r":149,"h":3},"geometry":{"type":"Point","coordinates":[83.01371,25.312145]}},{"type":"Feature","properties":{"f":"S","c":["Shiva","Shiva family","Shiva-Parvati"],"s":["fs"],"n":4,"r":149,"h":3},"geometry":{"type":"Point","coordinates":[83.013737,25.312173]}},{"type":"Feature","properties":{"f":"S","c":["Shiva","Shiva family","Shiva-Parvati"],"s":["w"],"n":2,"r":141,"h":3},"geometry":{"type":"Point","coordinates":[83.013879,25.31221]}},{"type":"Feature","properties":{"f":"H","c":["Hanuman"],"s":["w"],"n":1,"r":101,"h":3},"geometry":{"type":"Point","coordinates":[83.01443,25.31217]}},{"type":"Feature","properties":{"f":"S","c":["Shiva","Shiva family","Shiva-Parvati"],"s":["w"],"n":6,"r":97,"h":3},"geometry":{"type":"Point","coordinates":[83.014522,25.312196]}},{"type":"Feature","properties":{"f":"DHSV","c":["Hanuman","Local Maa","Rama","Shiva","Shiva-Parvati"],"s":["w"],"n":4,"r":99,"h":3},"geometry":{"type":"Point","coordinates":[83.014444,25.312164]}},{"type":"Feature","properties":{"f":"S","c":["Shiva","Shiva-Parvati"],"s":["c"],"n":2,"r":100,"h":3},"geometry":{"type":"Point","coordinates":[83.014431,25.312168]}},{"type":"Feature","properties":{"f":"S","c":["Shiva","Shiva family","Shiva-Parvati"],"s":["w"],"n":2,"r":88,"h":3},"geometry":{"type":"Point","coordinates":[83.014407,25.311995]}},{"type":"Feature","properties":{"f":"S","c":["Shiva","Shiva family","Shiva-Parvati"],"s":["w"],"n":5,"r":93,"h":3},"geometry":{"type":"Point","coordinates":[83.014305,25.311981]}},{"type":"Feature","properties":{"f":"S","c":["Shiva","Shiva family","Shiva-Parvati"],"s":["w"],"n":2,"r":82,"h":3},"geometry":{"type":"Point","coordinates":[83.014528,25.312023]}},{"type":"Feature","properties":{"f":"S","c":["Shiva","Shiva family","Shiva-Parvati"],"s":["w"],"n":5,"r":83,"h":3},"geometry":{"type":"Point","coordinates":[83.01452,25.312028]}},{"type":"Feature","properties":{"f":"S","c":["Shiva","Shiva family","Shiva-Parvati"],"s":["w"],"n":3,"r":72,"h":3},"geometry":{"type":"Point","coordinates":[83.014459,25.311849]}},{"type":"Feature","properties":{"f":"HS","c":["Hanuman","Shiva","Shiva family","Shiva-Parvati"],"s":["w"],"n":0,"r":55,"h":3},"geometry":{"type":"Point","coordinates":[83.014632,25.311784]}},{"type":"Feature","properties":{"f":"S","c":["Shiva","Shiva family","Shiva-Parvati"],"s":["w"],"n":0,"r":57,"h":3},"geometry":{"type":"Point","coordinates":[83.014536,25.311734]}},{"type":"Feature","properties":{"f":"S","c":["Shiva","Shiva-Parvati"],"s":["w"],"n":0,"r":58,"h":3},"geometry":{"type":"Point","coordinates":[83.014464,25.311678]}},{"type":"Feature","properties":{"f":"S","c":["Shiva","Shiva-Parvati"],"s":["w"],"n":1,"r":74,"h":3},"geometry":{"type":"Point","coordinates":[83.014304,25.311724]}},{"type":"Feature","properties":{"f":"H","c":["Hanuman"],"s":["w"],"n":0,"r":56,"h":3},"geometry":{"type":"Point","coordinates":[83.014528,25.311717]}},{"type":"Feature","properties":{"f":"S","c":["Shiva","Shiva family","Shiva-Parvati"],"s":["fs"],"n":0,"r":60,"h":3},"geometry":{"type":"Point","coordinates":[83.014484,25.311728]}},{"type":"Feature","properties":{"f":"S","c":["Shiva","Shiva family","Shiva-Parvati"],"s":["w"],"n":4,"r":61,"h":3},"geometry":{"type":"Point","coordinates":[83.014475,25.311724]}},{"type":"Feature","properties":{"f":"G","c":["Ganesh"],"s":["w"],"n":1,"r":55,"h":3},"geometry":{"type":"Point","coordinates":[83.01455,25.311724]}},{"type":"Feature","properties":{"f":"G","c":["Ganesh"],"s":["w"],"n":1,"r":51,"h":3},"geometry":{"type":"Point","coordinates":[83.014756,25.31183]}},{"type":"Feature","properties":{"f":"S","c":["Shiva","Shiva-Parvati"],"s":["w"],"n":1,"r":56,"h":3},"geometry":{"type":"Point","coordinates":[83.014491,25.311671]}},{"type":"Feature","properties":{"f":"S","c":["Shiva","Shiva-Parvati"],"s":["w"],"n":1,"r":57,"h":3},"geometry":{"type":"Point","coordinates":[83.014597,25.31178]}},{"type":"Feature","properties":{"f":"S","c":["Shiva","Shiva-Parvati"],"s":["w"],"n":1,"r":49,"h":3},"geometry":{"type":"Point","coordinates":[83.014526,25.311622]}},{"type":"Feature","properties":{"f":"S","c":["Shiva","Shiva-Parvati"],"s":[],"n":1,"r":50,"h":3},"geometry":{"type":"Point","coordinates":[83.014536,25.311645]}},{"type":"Feature","properties":{"f":"S","c":["Shiva"],"s":["w"],"n":1,"r":51,"h":3},"geometry":{"type":"Point","coordinates":[83.01449,25.311606]}},{"type":"Feature","properties":{"f":"S","c":["Shiva","Shiva family","Shiva-Parvati"],"s":["w"],"n":5,"r":46,"h":3},"geometry":{"type":"Point","coordinates":[83.014588,25.311639]}},{"type":"Feature","properties":{"f":"S","c":["Shiva","Shiva-Parvati"],"s":["w"],"n":1,"r":75,"h":3},"geometry":{"type":"Point","coordinates":[83.014257,25.311692]}},{"type":"Feature","properties":{"f":"D","c":["Local Maa"],"s":["w"],"n":1,"r":122,"h":3},"geometry":{"type":"Point","coordinates":[83.013934,25.312005]}},{"type":"Feature","properties":{"f":"S","c":["Shiva","Shiva-Parvati"],"s":["w"],"n":1,"r":29,"h":3},"geometry":{"type":"Point","coordinates":[83.01467,25.311493]}},{"type":"Feature","properties":{"f":"G","c":["Ganesh"],"s":["w"],"n":1,"r":45,"h":3,"nm":"Sidhivinayak Ganesh"},"geometry":{"type":"Point","coordinates":[83.01469,25.311706]}},{"type":"Feature","properties":{"f":"S","c":["Shiva","Shiva family","Shiva-Parvati"],"s":["w"],"n":5,"r":43,"h":3},"geometry":{"type":"Point","coordinates":[83.014547,25.311563]}},{"type":"Feature","properties":{"f":"S","c":["Shiva","Shiva family","Shiva-Parvati"],"s":["w"],"n":5,"r":42,"h":3},"geometry":{"type":"Point","coordinates":[83.014698,25.311678]}},{"type":"Feature","properties":{"f":"S","c":["Shiva","Shiva-Parvati"],"s":["w"],"n":2,"r":35,"h":3},"geometry":{"type":"Point","coordinates":[83.014642,25.311545]}},{"type":"Feature","properties":{"f":"G","c":["Ganesh"],"s":["w"],"n":1,"r":26,"h":3},"geometry":{"type":"Point","coordinates":[83.014943,25.311676]}},{"type":"Feature","properties":{"f":"S","c":["Shiva","Shiva family","Shiva-Parvati"],"s":["w"],"n":4,"r":21,"h":3},"geometry":{"type":"Point","coordinates":[83.014892,25.311584]}},{"type":"Feature","properties":{"f":"GS","c":["Ganesh","Shiva","Shiva family","Shiva-Parvati"],"s":["w"],"n":3,"r":67,"h":3},"geometry":{"type":"Point","coordinates":[83.014481,25.31181]}},{"type":"Feature","properties":{"f":"S","c":["Shiva-Parvati"],"s":["w"],"n":2,"r":120,"h":3},"geometry":{"type":"Point","coordinates":[83.01417,25.312196]}},{"type":"Feature","properties":{"f":"S","c":["Shiva","Shiva-Parvati"],"s":["w"],"n":1,"r":217,"h":3},"geometry":{"type":"Point","coordinates":[83.013405,25.312741]}},{"type":"Feature","properties":{"f":"D","c":["Sitala Maa"],"s":["w"],"n":1,"r":232,"h":3},"geometry":{"type":"Point","coordinates":[83.013065,25.312604]}},{"type":"Feature","properties":{"f":"S","c":["Shiva","Shiva-Parvati"],"s":["w"],"n":2,"r":234,"h":3},"geometry":{"type":"Point","coordinates":[83.013005,25.31257]}},{"type":"Feature","properties":{"f":"H","c":["Hanuman"],"s":["w"],"n":1,"r":178,"h":3},"geometry":{"type":"Point","coordinates":[83.012789,25.311821]}},{"type":"Feature","properties":{"f":"H","c":["Hanuman"],"s":["w"],"n":1,"r":130,"h":3},"geometry":{"type":"Point","coordinates":[83.012929,25.311313]}},{"type":"Feature","properties":{"f":"S","c":["Shiva"],"s":["w"],"n":1,"r":128,"h":3},"geometry":{"type":"Point","coordinates":[83.013091,25.311454]}},{"type":"Feature","properties":{"f":"F","c":["Bir Baba"],"s":["w"],"n":1,"r":141,"h":3},"geometry":{"type":"Point","coordinates":[83.012829,25.311362]}},{"type":"Feature","properties":{"f":"S","c":["Shiva","Shiva-Parvati"],"s":["fs"],"n":2,"r":141,"h":3},"geometry":{"type":"Point","coordinates":[83.013024,25.311555]}},{"type":"Feature","properties":{"f":"V","c":["Krishna"],"s":["c"],"n":2,"r":165,"h":3},"geometry":{"type":"Point","coordinates":[83.012649,25.311495]}},{"type":"Feature","properties":{"f":"SV","c":["Rama","Shiva","Shiva-Parvati"],"s":["fs"],"n":0,"r":220,"h":3},"geometry":{"type":"Point","coordinates":[83.01237,25.311968]}},{"type":"Feature","properties":{"f":"S","c":["Shiva","Shiva family"],"s":["w"],"n":0,"r":230,"h":3},"geometry":{"type":"Point","coordinates":[83.012219,25.311958]}},{"type":"Feature","properties":{"f":"D","c":["Devi","Local Maa"],"s":["w"],"n":0,"r":238,"h":3},"geometry":{"type":"Point","coordinates":[83.012118,25.311947]}},{"type":"Feature","properties":{"f":"S","c":["Shiva","Shiva-Parvati"],"s":["w"],"n":0,"r":254,"h":3},"geometry":{"type":"Point","coordinates":[83.012063,25.312114]}},{"type":"Feature","properties":{"f":"S","c":["Shiva","Shiva-Parvati"],"s":["w"],"n":0,"r":262,"h":3},"geometry":{"type":"Point","coordinates":[83.011938,25.312097]}},{"type":"Feature","properties":{"f":"S","c":["Shiva","Shiva family","Shiva-Parvati"],"s":["w"],"n":0,"r":266,"h":3},"geometry":{"type":"Point","coordinates":[83.011886,25.312089]}},{"type":"Feature","properties":{"f":"F","c":["Bir Baba"],"s":["fs","tt"],"n":5,"r":541,"h":0},"geometry":{"type":"Point","coordinates":[83.001757,25.301266]}},{"type":"Feature","properties":{"f":"HS","c":["Hanuman","Shiva"],"s":["fs"],"n":5,"r":530,"h":0},"geometry":{"type":"Point","coordinates":[82.994057,25.304972]}},{"type":"Feature","properties":{"f":"HS","c":["Hanuman","Shiva"],"s":["fs","t","tt","c"],"n":15,"r":451,"h":0},"geometry":{"type":"Point","coordinates":[82.993036,25.303417]}},{"type":"Feature","properties":{"f":"H","c":["Hanuman"],"s":["fs","t","c"],"n":1,"r":489,"h":0,"nm":"Ratnavamca?"},"geometry":{"type":"Point","coordinates":[82.990886,25.302604]}},{"type":"Feature","properties":{"f":"S","c":["Shiva"],"s":["fs"],"n":1,"r":483,"h":0},"geometry":{"type":"Point","coordinates":[82.990872,25.302511]}},{"type":"Feature","properties":{"f":"S","c":["Shiva"],"s":["fs","tt","c"],"n":5,"r":495,"h":0},"geometry":{"type":"Point","coordinates":[82.990928,25.302729]}},{"type":"Feature","properties":{"f":"G","c":["Ganesh"],"s":["tt"],"n":3,"r":192,"h":0},"geometry":{"type":"Point","coordinates":[83.003424,25.314406]}},{"type":"Feature","properties":{"f":"S","c":["Shiva"],"s":["tt"],"n":4,"r":90,"h":0},"geometry":{"type":"Point","coordinates":[83.004387,25.315697]}},{"type":"Feature","properties":{"f":"S","c":["Shiva"],"s":["t"],"n":1,"r":27,"h":0},"geometry":{"type":"Point","coordinates":[83.005606,25.315742]}},{"type":"Feature","properties":{"f":"D","c":["Devi"],"s":["tt"],"n":1,"r":24,"h":0},"geometry":{"type":"Point","coordinates":[83.005684,25.315719]}},{"type":"Feature","properties":{"f":"HS","c":["Hanuman","Shiva"],"s":["tt"],"n":2,"r":21,"h":0},"geometry":{"type":"Point","coordinates":[83.005731,25.315701]}},{"type":"Feature","properties":{"f":"S","c":["Shiva"],"s":["tt"],"n":0,"r":28,"h":0},"geometry":{"type":"Point","coordinates":[83.005938,25.315709]}},{"type":"Feature","properties":{"f":"S","c":["Shiva"],"s":["w"],"n":1,"r":306,"h":0},"geometry":{"type":"Point","coordinates":[83.007736,25.312619]}},{"type":"Feature","properties":{"f":"S","c":["Shiva","Shiva family"],"s":["ba"],"n":5,"r":396,"h":3},"geometry":{"type":"Point","coordinates":[83.006639,25.310872]}},{"type":"Feature","properties":{"f":"G","c":["Ganesh"],"s":["fs"],"n":1,"r":451,"h":3},"geometry":{"type":"Point","coordinates":[83.007198,25.310856]}},{"type":"Feature","properties":{"f":"GHS","c":["Ganesh","Hanuman","Shiva"],"s":["ba"],"n":6,"r":474,"h":3},"geometry":{"type":"Point","coordinates":[83.007379,25.310668]}},{"type":"Feature","properties":{"f":"S","c":["Shiva"],"s":["ba"],"n":1,"r":463,"h":3},"geometry":{"type":"Point","coordinates":[83.008959,25.311678]}},{"type":"Feature","properties":{"f":"S","c":["Shiva"],"s":[],"n":1,"r":425,"h":3},"geometry":{"type":"Point","coordinates":[83.008802,25.311048]}},{"type":"Feature","properties":{"f":"S","c":["Shiva"],"s":["fs"],"n":1,"r":428,"h":3},"geometry":{"type":"Point","coordinates":[83.009179,25.311398]}},{"type":"Feature","properties":{"f":"H","c":["Hanuman"],"s":[],"n":1,"r":421,"h":3},"geometry":{"type":"Point","coordinates":[83.009618,25.311812]}},{"type":"Feature","properties":{"f":"HS","c":["Hanuman","Shiva","Shiva family"],"s":["w"],"n":6,"r":369,"h":3},"geometry":{"type":"Point","coordinates":[83.010745,25.312232]}},{"type":"Feature","properties":{"f":"G","c":["Ganesh"],"s":["w"],"n":3,"r":382,"h":3},"geometry":{"type":"Point","coordinates":[83.010632,25.3123]}},{"type":"Feature","properties":{"f":"S","c":["Shiva family"],"s":["w"],"n":1,"r":340,"h":3},"geometry":{"type":"Point","coordinates":[83.011401,25.312606]}},{"type":"Feature","properties":{"f":"S","c":["Shiva"],"s":["fs"],"n":1,"r":436,"h":3},"geometry":{"type":"Point","coordinates":[83.011202,25.31365]}},{"type":"Feature","properties":{"f":"S","c":["Shiva"],"s":["ba"],"n":1,"r":479,"h":3},"geometry":{"type":"Point","coordinates":[83.010909,25.313928]}},{"type":"Feature","properties":{"f":"SV","c":["Krishna","Shiva"],"s":["w"],"n":4,"r":273,"h":0},"geometry":{"type":"Point","coordinates":[83.00865,25.314163]}},{"type":"Feature","properties":{"f":"GS","c":["Ganesh","Shiva"],"s":["fs"],"n":6,"r":407,"h":3},"geometry":{"type":"Point","coordinates":[83.010028,25.314133]}},{"type":"Feature","properties":{"f":"S","c":["Shiva","Shiva-Parvati"],"s":["fs"],"n":1,"r":463,"h":3},"geometry":{"type":"Point","coordinates":[83.010734,25.315054]}},{"type":"Feature","properties":{"f":"S","c":["Shiva"],"s":["w"],"n":1,"r":469,"h":3},"geometry":{"type":"Point","coordinates":[83.010791,25.314967]}},{"type":"Feature","properties":{"f":"S","c":["Shiva family"],"s":["w"],"n":5,"r":500,"h":3},"geometry":{"type":"Point","coordinates":[83.011101,25.314944]}},{"type":"Feature","properties":{"f":"G","c":["Ganesh"],"s":["w"],"n":0,"r":427,"h":3},"geometry":{"type":"Point","coordinates":[83.01038,25.315147]}},{"type":"Feature","properties":{"f":"F","c":["Bir Baba"],"s":["ba"],"n":1,"r":395,"h":3},"geometry":{"type":"Point","coordinates":[83.010064,25.315154]}},{"type":"Feature","properties":{"f":"S","c":["Shiva"],"s":["fs"],"n":2,"r":388,"h":3},"geometry":{"type":"Point","coordinates":[83.009784,25.316336]}},{"type":"Feature","properties":{"f":"V","c":["Rama"],"s":["w"],"n":4,"r":405,"h":0},"geometry":{"type":"Point","coordinates":[83.009247,25.317557]}},{"type":"Feature","properties":{"f":"S","c":["Shiva"],"s":["fs"],"n":0,"r":383,"h":2},"geometry":{"type":"Point","coordinates":[83.008492,25.317987]}},{"type":"Feature","properties":{"f":"HS","c":["Hanuman","Shiva"],"s":["fs","c"],"n":3,"r":511,"h":0},"geometry":{"type":"Point","coordinates":[82.97892,25.319515]}},{"type":"Feature","properties":{"f":"OS","c":["Other","Shiva"],"s":["fs","tt"],"n":2,"r":498,"h":0},"geometry":{"type":"Point","coordinates":[82.979085,25.319174]}},{"type":"Feature","properties":{"f":"HS","c":["Hanuman","Shiva"],"s":["tt"],"n":2,"r":524,"h":0},"geometry":{"type":"Point","coordinates":[82.980241,25.318207]}},{"type":"Feature","properties":{"f":"S","c":["Shiva"],"s":["fs"],"n":1,"r":469,"h":0},"geometry":{"type":"Point","coordinates":[82.980966,25.317007]}},{"type":"Feature","properties":{"f":"OS","c":["Other","Shiva"],"s":["fs"],"n":2,"r":377,"h":0},"geometry":{"type":"Point","coordinates":[82.980416,25.316304]}},{"type":"Feature","properties":{"f":"H","c":["Hanuman"],"s":["tt"],"n":13,"r":179,"h":0},"geometry":{"type":"Point","coordinates":[82.976899,25.316961]}},{"type":"Feature","properties":{"f":"GHOS","c":["Ganesh","Hanuman","Other","Shiva","Shiva family"],"s":["c"],"n":5,"r":244,"h":0},"geometry":{"type":"Point","coordinates":[82.97724,25.317592]}},{"type":"Feature","properties":{"f":"O","c":["Other"],"s":["t","fs"],"n":1,"r":697,"h":0},"geometry":{"type":"Point","coordinates":[82.98027,25.320661]}},{"type":"Feature","properties":{"f":"FHOS","c":["Bir Baba","Hanuman","Other","Shiva"],"s":["fs","c","t","tt"],"n":4,"r":889,"h":0},"geometry":{"type":"Point","coordinates":[82.982959,25.320491]}},{"type":"Feature","properties":{"f":"S","c":["Shiva"],"s":["tt"],"n":1,"r":853,"h":0},"geometry":{"type":"Point","coordinates":[82.984806,25.321355]}},{"type":"Feature","properties":{"f":"HS","c":["Hanuman","Shiva"],"s":["fs","tt","c"],"n":2,"r":930,"h":0},"geometry":{"type":"Point","coordinates":[82.983833,25.321466]}},{"type":"Feature","properties":{"f":"S","c":["Shiva","Shiva-Parvati"],"s":["w"],"n":0,"r":420,"h":3},"geometry":{"type":"Point","coordinates":[83.012473,25.314527]}},{"type":"Feature","properties":{"f":"S","c":["Shiva","Shiva family"],"s":["w"],"n":0,"r":389,"h":3},"geometry":{"type":"Point","coordinates":[83.013017,25.314765]}},{"type":"Feature","properties":{"f":"G","c":["Ganesh"],"s":["w"],"n":0,"r":373,"h":3},"geometry":{"type":"Point","coordinates":[83.013206,25.314791]}},{"type":"Feature","properties":{"f":"H","c":["Hanuman"],"s":["w"],"n":0,"r":328,"h":3},"geometry":{"type":"Point","coordinates":[83.013607,25.314613]}},{"type":"Feature","properties":{"f":"F","c":["Bir Baba"],"s":["w"],"n":0,"r":351,"h":3},"geometry":{"type":"Point","coordinates":[83.012805,25.313879]}},{"type":"Feature","properties":{"f":"GS","c":["Ganesh","Shiva","Shiva-Parvati"],"s":["fs"],"n":0,"r":366,"h":3},"geometry":{"type":"Point","coordinates":[83.012823,25.314125]}},{"type":"Feature","properties":{"f":"S","c":["Shiva"],"s":["w"],"n":0,"r":285,"h":3},"geometry":{"type":"Point","coordinates":[83.013474,25.313672]}},{"type":"Feature","properties":{"f":"G","c":["Ganesh"],"s":["w"],"n":0,"r":270,"h":3},"geometry":{"type":"Point","coordinates":[83.013591,25.313599]}},{"type":"Feature","properties":{"f":"S","c":["Shiva","Shiva family","Shiva-Parvati"],"s":["w"],"n":0,"r":239,"h":3},"geometry":{"type":"Point","coordinates":[83.013453,25.313051]}},{"type":"Feature","properties":{"f":"S","c":["Shiva","Shiva family","Shiva-Parvati"],"s":["w"],"n":0,"r":257,"h":3},"geometry":{"type":"Point","coordinates":[83.013392,25.313221]}},{"type":"Feature","properties":{"f":"S","c":["Shiva","Shiva family","Shiva-Parvati"],"s":["w"],"n":0,"r":252,"h":3},"geometry":{"type":"Point","coordinates":[83.013252,25.313054]}},{"type":"Feature","properties":{"f":"S","c":["Shiva","Shiva-Parvati"],"s":["w"],"n":0,"r":301,"h":3},"geometry":{"type":"Point","coordinates":[83.012764,25.313232]}},{"type":"Feature","properties":{"f":"S","c":["Shiva","Shiva family","Shiva-Parvati"],"s":["w","c"],"n":2,"r":299,"h":3},"geometry":{"type":"Point","coordinates":[83.012828,25.313267]}},{"type":"Feature","properties":{"f":"S","c":["Shiva","Shiva-Parvati"],"s":["c"],"n":1,"r":300,"h":3},"geometry":{"type":"Point","coordinates":[83.012777,25.313229]}},{"type":"Feature","properties":{"f":"S","c":["Shiva","Shiva-Parvati"],"s":["w"],"n":1,"r":300,"h":3},"geometry":{"type":"Point","coordinates":[83.01269,25.313146]}},{"type":"Feature","properties":{"f":"S","c":["Shiva","Shiva-Parvati"],"s":["fs"],"n":0,"r":306,"h":3},"geometry":{"type":"Point","coordinates":[83.012752,25.313285]}},{"type":"Feature","properties":{"f":"S","c":["Shiva","Shiva family","Shiva-Parvati"],"s":["fs","w"],"n":0,"r":331,"h":3},"geometry":{"type":"Point","coordinates":[83.012686,25.313544]}},{"type":"Feature","properties":{"f":"D","c":["Devi","Local Maa"],"s":["w"],"n":1,"r":289,"h":3},"geometry":{"type":"Point","coordinates":[83.012534,25.312879]}},{"type":"Feature","properties":{"f":"D","c":["Devi","Local Maa"],"s":["w"],"n":1,"r":315,"h":3},"geometry":{"type":"Point","coordinates":[83.011543,25.312418]}},{"type":"Feature","properties":{"f":"S","c":["Shiva","Shiva family","Shiva-Parvati"],"s":["w"],"n":1,"r":296,"h":3},"geometry":{"type":"Point","coordinates":[83.01185,25.312469]}},{"type":"Feature","properties":{"f":"S","c":["Shiva","Shiva family","Shiva-Parvati"],"s":["w"],"n":1,"r":283,"h":3},"geometry":{"type":"Point","coordinates":[83.012069,25.312507]}},{"type":"Feature","properties":{"f":"S","c":["Shiva","Shiva-Parvati"],"s":["w"],"n":1,"r":288,"h":3},"geometry":{"type":"Point","coordinates":[83.011947,25.31246]}},{"type":"Feature","properties":{"f":"G","c":["Ganesh"],"s":["w"],"n":3,"r":248,"h":3},"geometry":{"type":"Point","coordinates":[83.012263,25.312237]}},{"type":"Feature","properties":{"f":"S","c":["Shiva","Shiva family","Shiva-Parvati"],"s":["w"],"n":3,"r":311,"h":3},"geometry":{"type":"Point","coordinates":[83.011547,25.312364]}},{"type":"Feature","properties":{"f":"S","c":["Shiva","Shiva-Parvati"],"s":["fs"],"n":2,"r":291,"h":3},"geometry":{"type":"Point","coordinates":[83.011648,25.312185]}},{"type":"Feature","properties":{"f":"D","c":["Devi","Local Maa"],"s":["c"],"n":0,"r":289,"h":3},"geometry":{"type":"Point","coordinates":[83.011602,25.312088]}},{"type":"Feature","properties":{"f":"D","c":["Devi","Local Maa"],"s":["c"],"n":1,"r":279,"h":3,"nm":"Ranichandrawati devi"},"geometry":{"type":"Point","coordinates":[83.011782,25.312164]}},{"type":"Feature","properties":{"f":"H","c":["Hanuman"],"s":["w"],"n":0,"r":284,"h":3},"geometry":{"type":"Point","coordinates":[83.011636,25.312056]}},{"type":"Feature","properties":{"f":"V","c":["Krishna","Rama"],"s":["fs"],"n":0,"r":277,"h":3},"geometry":{"type":"Point","coordinates":[83.011681,25.312011]}},{"type":"Feature","properties":{"f":"S","c":["Shiva","Shiva family","Shiva-Parvati"],"s":["w"],"n":2,"r":246,"h":3},"geometry":{"type":"Point","coordinates":[83.012038,25.311971]}},{"type":"Feature","properties":{"f":"S","c":["Shiva","Shiva-Parvati"],"s":["w"],"n":0,"r":287,"h":3},"geometry":{"type":"Point","coordinates":[83.011948,25.312444]}},{"type":"Feature","properties":{"f":"S","c":["Shiva","Shiva family","Shiva-Parvati"],"s":["fs"],"n":0,"r":309,"h":3},"geometry":{"type":"Point","coordinates":[83.011707,25.312508]}},{"type":"Feature","properties":{"f":"S","c":["Shiva-Parvati"],"s":["w"],"n":0,"r":281,"h":3},"geometry":{"type":"Point","coordinates":[83.011824,25.312242]}},{"type":"Feature","properties":{"f":"S","c":["Shiva","Shiva-Parvati"],"s":["tt","fs"],"n":0,"r":217,"h":3},"geometry":{"type":"Point","coordinates":[83.0122,25.311732]}},{"type":"Feature","properties":{"f":"D","c":["Local Maa"],"s":["w"],"n":0,"r":212,"h":3},"geometry":{"type":"Point","coordinates":[83.012287,25.311767]}},{"type":"Feature","properties":{"f":"S","c":["Shiva","Shiva-Parvati"],"s":["w"],"n":0,"r":170,"h":3},"geometry":{"type":"Point","coordinates":[83.01343,25.31214]}},{"type":"Feature","properties":{"f":"D","c":["Devi","Local Maa"],"s":["w"],"n":0,"r":157,"h":3},"geometry":{"type":"Point","coordinates":[83.014102,25.312582]}},{"type":"Feature","properties":{"f":"S","c":["Shiva","Shiva family","Shiva-Parvati"],"s":["fs"],"n":2,"r":153,"h":3},"geometry":{"type":"Point","coordinates":[83.01414,25.312569]}},{"type":"Feature","properties":{"f":"S","c":["Shiva","Shiva-Parvati"],"s":["w"],"n":2,"r":111,"h":3},"geometry":{"type":"Point","coordinates":[83.015123,25.313099]}},{"type":"Feature","properties":{"f":"S","c":["Shiva","Shiva family","Shiva-Parvati"],"s":["fs"],"n":0,"r":111,"h":3},"geometry":{"type":"Point","coordinates":[83.015123,25.313099]}},{"type":"Feature","properties":{"f":"S","c":["Shiva","Shiva family","Shiva-Parvati"],"s":["w"],"n":2,"r":111,"h":3},"geometry":{"type":"Point","coordinates":[83.015123,25.313099]}},{"type":"Feature","properties":{"f":"S","c":["Shiva"],"s":["c"],"n":1,"r":93,"h":3},"geometry":{"type":"Point","coordinates":[83.015652,25.313587]}},{"type":"Feature","properties":{"f":"H","c":["Hanuman"],"s":["w"],"n":0,"r":93,"h":3},"geometry":{"type":"Point","coordinates":[83.015652,25.313587]}},{"type":"Feature","properties":{"f":"S","c":["Shiva-Parvati"],"s":["c"],"n":2,"r":93,"h":3},"geometry":{"type":"Point","coordinates":[83.015652,25.313587]}},{"type":"Feature","properties":{"f":"S","c":["Shiva","Shiva-Parvati"],"s":["c"],"n":0,"r":93,"h":3},"geometry":{"type":"Point","coordinates":[83.015652,25.313587]}},{"type":"Feature","properties":{"f":"S","c":["Shiva","Shiva-Parvati"],"s":["c"],"n":0,"r":93,"h":3},"geometry":{"type":"Point","coordinates":[83.015652,25.313587]}},{"type":"Feature","properties":{"f":"S","c":["Shiva"],"s":["c"],"n":1,"r":93,"h":3},"geometry":{"type":"Point","coordinates":[83.015652,25.313587]}},{"type":"Feature","properties":{"f":"S","c":["Shiva"],"s":["w"],"n":0,"r":93,"h":3},"geometry":{"type":"Point","coordinates":[83.015652,25.313587]}},{"type":"Feature","properties":{"f":"D","c":["Devi","Local Maa"],"s":["fs"],"n":0,"r":101,"h":3},"geometry":{"type":"Point","coordinates":[83.015616,25.313684]}},{"type":"Feature","properties":{"f":"S","c":["Shiva","Shiva-Parvati"],"s":["c"],"n":0,"r":101,"h":3},"geometry":{"type":"Point","coordinates":[83.015616,25.313684]}},{"type":"Feature","properties":{"f":"D","c":["Devi","Local Maa"],"s":[],"n":0,"r":84,"h":3},"geometry":{"type":"Point","coordinates":[83.015134,25.312623]}},{"type":"Feature","properties":{"f":"S","c":["Shiva","Shiva family","Shiva-Parvati"],"s":["fs"],"n":2,"r":127,"h":3},"geometry":{"type":"Point","coordinates":[83.014767,25.312833]}},{"type":"Feature","properties":{"f":"S","c":["Shiva","Shiva family","Shiva-Parvati"],"s":["w"],"n":0,"r":127,"h":3},"geometry":{"type":"Point","coordinates":[83.014767,25.312833]}},{"type":"Feature","properties":{"f":"D","c":["Devi","Local Maa"],"s":["w"],"n":0,"r":127,"h":3},"geometry":{"type":"Point","coordinates":[83.014767,25.312833]}},{"type":"Feature","properties":{"f":"S","c":["Shiva"],"s":["w"],"n":0,"r":179,"h":3},"geometry":{"type":"Point","coordinates":[83.013778,25.312593]}},{"type":"Feature","properties":{"f":"S","c":["Shiva","Shiva family","Shiva-Parvati"],"s":["fs"],"n":2,"r":0,"h":0,"nm":"Rameshwar mahadev kashikhandokt"},"geometry":{"type":"Point","coordinates":[83.010036,25.302372]}},{"type":"Feature","properties":{"f":"G","c":["Ganesh"],"s":["c"],"n":1,"r":81,"h":3},"geometry":{"type":"Point","coordinates":[83.014908,25.312244]}},{"type":"Feature","properties":{"f":"D","c":["Devi","Local Maa"],"s":["c"],"n":0,"r":83,"h":3},"geometry":{"type":"Point","coordinates":[83.015093,25.312538]}},{"type":"Feature","properties":{"f":"S","c":["Shiva"],"s":["c"],"n":0,"r":83,"h":3},"geometry":{"type":"Point","coordinates":[83.015082,25.312505]}},{"type":"Feature","properties":{"f":"S","c":["Shiva","Shiva-Parvati"],"s":["w"],"n":3,"r":29,"h":3},"geometry":{"type":"Point","coordinates":[83.014524,25.311339]}},{"type":"Feature","properties":{"f":"S","c":["Shiva","Shiva-Parvati"],"s":["fs"],"n":4,"r":67,"h":3},"geometry":{"type":"Point","coordinates":[83.015176,25.312332]}},{"type":"Feature","properties":{"f":"S","c":["Shiva","Shiva-Parvati"],"s":["fs"],"n":3,"r":64,"h":3},"geometry":{"type":"Point","coordinates":[83.015218,25.312367]}},{"type":"Feature","properties":{"f":"S","c":["Shiva","Shiva family","Shiva-Parvati"],"s":["fs"],"n":0,"r":58,"h":3},"geometry":{"type":"Point","coordinates":[83.015159,25.312175]}},{"type":"Feature","properties":{"f":"H","c":["Hanuman"],"s":["fs"],"n":0,"r":39,"h":3},"geometry":{"type":"Point","coordinates":[83.01537,25.312121]}},{"type":"Feature","properties":{"f":"S","c":["Shiva","Shiva family","Shiva-Parvati"],"s":["fs"],"n":0,"r":54,"h":3},"geometry":{"type":"Point","coordinates":[83.01534,25.312401]}},{"type":"Feature","properties":{"f":"S","c":["Shiva","Shiva family","Shiva-Parvati"],"s":["w"],"n":4,"r":34,"h":3},"geometry":{"type":"Point","coordinates":[83.015658,25.312594]}},{"type":"Feature","properties":{"f":"S","c":["Shiva","Shiva family","Shiva-Parvati"],"s":["c"],"n":0,"r":22,"h":3},"geometry":{"type":"Point","coordinates":[83.015751,25.312518]}},{"type":"Feature","properties":{"f":"S","c":["Shiva","Shiva family","Shiva-Parvati"],"s":["fs"],"n":4,"r":21,"h":3},"geometry":{"type":"Point","coordinates":[83.015749,25.312488]}},{"type":"Feature","properties":{"f":"S","c":["Shiva","Shiva-Parvati"],"s":["w"],"n":0,"r":24,"h":3},"geometry":{"type":"Point","coordinates":[83.015697,25.312461]}},{"type":"Feature","properties":{"f":"H","c":["Hanuman"],"s":["w"],"n":0,"r":34,"h":3},"geometry":{"type":"Point","coordinates":[83.015665,25.312604]}},{"type":"Feature","properties":{"f":"S","c":["Shiva","Shiva family","Shiva-Parvati"],"s":["fs"],"n":2,"r":39,"h":3},"geometry":{"type":"Point","coordinates":[83.015561,25.3125]}},{"type":"Feature","properties":{"f":"G","c":["Ganesh"],"s":["w"],"n":0,"r":53,"h":3},"geometry":{"type":"Point","coordinates":[83.015432,25.312559]}},{"type":"Feature","properties":{"f":"S","c":["Shiva","Shiva family","Shiva-Parvati"],"s":["w"],"n":4,"r":51,"h":3},"geometry":{"type":"Point","coordinates":[83.015434,25.312504]}},{"type":"Feature","properties":{"f":"D","c":["Devi","Local Maa"],"s":["w"],"n":0,"r":34,"h":3},"geometry":{"type":"Point","coordinates":[83.015563,25.312391]}},{"type":"Feature","properties":{"f":"S","c":["Shiva","Shiva-Parvati"],"s":["w"],"n":2,"r":46,"h":3},"geometry":{"type":"Point","coordinates":[83.015452,25.312435]}},{"type":"Feature","properties":{"f":"GS","c":["Ganesh","Shiva","Shiva family","Shiva-Parvati"],"s":["w"],"n":7,"r":57,"h":3},"geometry":{"type":"Point","coordinates":[83.015382,25.312543]}},{"type":"Feature","properties":{"f":"G","c":["Ganesh"],"s":["w"],"n":0,"r":40,"h":3},"geometry":{"type":"Point","coordinates":[83.015456,25.312324]}},{"type":"Feature","properties":{"f":"S","c":["Shiva","Shiva family","Shiva-Parvati"],"s":["fs"],"n":4,"r":35,"h":3},"geometry":{"type":"Point","coordinates":[83.015535,25.312368]}},{"type":"Feature","properties":{"f":"G","c":["Ganesh"],"s":["w"],"n":2,"r":61,"h":3},"geometry":{"type":"Point","coordinates":[83.015356,25.312571]}},{"type":"Feature","properties":{"f":"S","c":["Shiva","Shiva family","Shiva-Parvati"],"s":["w"],"n":3,"r":75,"h":3},"geometry":{"type":"Point","coordinates":[83.015102,25.312381]}},{"type":"Feature","properties":{"f":"D","c":["Devi","Local Maa"],"s":["fs"],"n":0,"r":64,"h":3},"geometry":{"type":"Point","coordinates":[83.015344,25.312618]}},{"type":"Feature","properties":{"f":"S","c":["Shiva","Shiva family","Shiva-Parvati"],"s":["w"],"n":2,"r":54,"h":3,"nm":"Harishchandeshwar mahadev"},"geometry":{"type":"Point","coordinates":[83.015366,25.31244]}},{"type":"Feature","properties":{"f":"D","c":["Devi","Local Maa"],"s":["w"],"n":3,"r":60,"h":3},"geometry":{"type":"Point","coordinates":[83.015407,25.312661]}},{"type":"Feature","properties":{"f":"D","c":["Devi","Local Maa"],"s":["fs"],"n":0,"r":67,"h":3},"geometry":{"type":"Point","coordinates":[83.015459,25.312844]}},{"type":"Feature","properties":{"f":"D","c":["Devi","Local Maa"],"s":["w"],"n":0,"r":65,"h":3},"geometry":{"type":"Point","coordinates":[83.01546,25.312819]}},{"type":"Feature","properties":{"f":"GH","c":["Ganesh","Hanuman"],"s":["tt"],"n":4,"r":75,"h":3},"geometry":{"type":"Point","coordinates":[83.015309,25.312785]}},{"type":"Feature","properties":{"f":"S","c":["Shiva","Shiva-Parvati"],"s":["w"],"n":2,"r":180,"h":3},"geometry":{"type":"Point","coordinates":[83.014242,25.312945]}},{"type":"Feature","properties":{"f":"S","c":["Shiva","Shiva family","Shiva-Parvati"],"s":["w"],"n":10,"r":188,"h":3},"geometry":{"type":"Point","coordinates":[83.013863,25.312763]}},{"type":"Feature","properties":{"f":"S","c":["Shiva","Shiva-Parvati"],"s":["w"],"n":0,"r":178,"h":3},"geometry":{"type":"Point","coordinates":[83.014001,25.312752]}},{"type":"Feature","properties":{"f":"S","c":["Shiva-Parvati"],"s":["w"],"n":0,"r":175,"h":3},"geometry":{"type":"Point","coordinates":[83.013991,25.312707]}},{"type":"Feature","properties":{"f":"D","c":["Sitala Maa"],"s":["w"],"n":4,"r":188,"h":3},"geometry":{"type":"Point","coordinates":[83.013788,25.31271]}},{"type":"Feature","properties":{"f":"D","c":["Devi"],"s":["w"],"n":2,"r":428,"h":3},"geometry":{"type":"Point","coordinates":[83.008924,25.311195]}},{"type":"Feature","properties":{"f":"H","c":["Hanuman"],"s":[],"n":0,"r":523,"h":3},"geometry":{"type":"Point","coordinates":[83.011357,25.315423]}},{"type":"Feature","properties":{"f":"H","c":["Hanuman"],"s":["c"],"n":0,"r":436,"h":3},"geometry":{"type":"Point","coordinates":[83.011715,25.316146]}},{"type":"Feature","properties":{"f":"S","c":["Shiva"],"s":["w"],"n":2,"r":365,"h":3},"geometry":{"type":"Point","coordinates":[83.012202,25.316628]}},{"type":"Feature","properties":{"f":"GS","c":["Ganesh","Shiva"],"s":["w"],"n":5,"r":374,"h":3},"geometry":{"type":"Point","coordinates":[83.012,25.31664]}},{"type":"Feature","properties":{"f":"GHSV","c":["Ganesh","Hanuman","Rama","Shiva"],"s":["tt"],"n":8,"r":597,"h":0},"geometry":{"type":"Point","coordinates":[82.992801,25.305033]}},{"type":"Feature","properties":{"f":"GV","c":["Ganesh","Rama"],"s":["fs","t"],"n":3,"r":596,"h":0},"geometry":{"type":"Point","coordinates":[82.992495,25.304628]}},{"type":"Feature","properties":{"f":"GS","c":["Ganesh","Shiva"],"s":["fs"],"n":2,"r":740,"h":0},"geometry":{"type":"Point","coordinates":[82.988352,25.306552]}},{"type":"Feature","properties":{"f":"G","c":["Ganesh"],"s":["w"],"n":0,"r":253,"h":3},"geometry":{"type":"Point","coordinates":[83.015102,25.31562]}},{"type":"Feature","properties":{"f":"S","c":["Shiva-Parvati"],"s":["w"],"n":0,"r":253,"h":3},"geometry":{"type":"Point","coordinates":[83.015102,25.31562]}},{"type":"Feature","properties":{"f":"G","c":["Ganesh"],"s":["w"],"n":0,"r":309,"h":3},"geometry":{"type":"Point","coordinates":[83.014298,25.315424]}},{"type":"Feature","properties":{"f":"G","c":["Ganesh"],"s":["w"],"n":0,"r":228,"h":3},"geometry":{"type":"Point","coordinates":[83.014004,25.313494]}},{"type":"Feature","properties":{"f":"S","c":["Shiva","Shiva-Parvati"],"s":["fs"],"n":2,"r":244,"h":3,"nm":"Someshwar mahadev"},"geometry":{"type":"Point","coordinates":[83.013599,25.313223]}},{"type":"Feature","properties":{"f":"S","c":["Shiva","Shiva-Parvati"],"s":["w"],"n":1,"r":214,"h":3},"geometry":{"type":"Point","coordinates":[83.013951,25.313118]}},{"type":"Feature","properties":{"f":"G","c":["Ganesh"],"s":["w"],"n":0,"r":225,"h":3},"geometry":{"type":"Point","coordinates":[83.01383,25.313158]}},{"type":"Feature","properties":{"f":"S","c":["Shiva","Shiva-Parvati"],"s":["w"],"n":0,"r":237,"h":3},"geometry":{"type":"Point","coordinates":[83.014305,25.314035]}},{"type":"Feature","properties":{"f":"S","c":["Shiva","Shiva-Parvati"],"s":["w"],"n":3,"r":181,"h":3},"geometry":{"type":"Point","coordinates":[83.014287,25.313051]}},{"type":"Feature","properties":{"f":"S","c":["Shiva","Shiva family","Shiva-Parvati"],"s":[],"n":2,"r":264,"h":3},"geometry":{"type":"Point","coordinates":[83.014416,25.314788]}},{"type":"Feature","properties":{"f":"G","c":["Ganesh"],"s":["w"],"n":1,"r":147,"h":3},"geometry":{"type":"Point","coordinates":[83.01476,25.3132]}},{"type":"Feature","properties":{"f":"G","c":["Ganesh"],"s":["w"],"n":1,"r":162,"h":3},"geometry":{"type":"Point","coordinates":[83.014898,25.313609]}},{"type":"Feature","properties":{"f":"H","c":["Hanuman"],"s":["w"],"n":0,"r":163,"h":3},"geometry":{"type":"Point","coordinates":[83.01485,25.313562]}},{"type":"Feature","properties":{"f":"S","c":["Shiva"],"s":["fs"],"n":1,"r":140,"h":3},"geometry":{"type":"Point","coordinates":[83.015196,25.31369]}},{"type":"Feature","properties":{"f":"GS","c":["Ganesh","Shiva"],"s":["w"],"n":2,"r":127,"h":3},"geometry":{"type":"Point","coordinates":[83.015351,25.313725]}},{"type":"Feature","properties":{"f":"D","c":["Devi","Local Maa"],"s":["w"],"n":0,"r":158,"h":3},"geometry":{"type":"Point","coordinates":[83.015278,25.314202]}},{"type":"Feature","properties":{"f":"G","c":["Ganesh"],"s":["w"],"n":1,"r":109,"h":3},"geometry":{"type":"Point","coordinates":[83.015531,25.313684]}},{"type":"Feature","properties":{"f":"S","c":["Shiva","Shiva-Parvati"],"s":["fs"],"n":1,"r":102,"h":3,"nm":"Dukhhareshwar mandir"},"geometry":{"type":"Point","coordinates":[83.015583,25.313637]}},{"type":"Feature","properties":{"f":"S","c":["Shiva","Shiva-Parvati"],"s":["fs"],"n":2,"r":100,"h":3,"nm":"Upshanteshwar mandir"},"geometry":{"type":"Point","coordinates":[83.015571,25.313568]}},{"type":"Feature","properties":{"f":"G","c":["Ganesh"],"s":["w"],"n":1,"r":100,"h":3},"geometry":{"type":"Point","coordinates":[83.015604,25.313627]}},{"type":"Feature","properties":{"f":"S","c":["Shiva","Shiva family","Shiva-Parvati"],"s":["fs"],"n":0,"r":97,"h":3},"geometry":{"type":"Point","coordinates":[83.015574,25.313522]}},{"type":"Feature","properties":{"f":"S","c":["Shiva"],"s":["w"],"n":4,"r":82,"h":3,"nm":"Nageshwar mahadev"},"geometry":{"type":"Point","coordinates":[83.015719,25.313481]}},{"type":"Feature","properties":{"f":"S","c":["Shiva","Shiva family","Shiva-Parvati"],"s":["w"],"n":5,"r":89,"h":3},"geometry":{"type":"Point","coordinates":[83.015694,25.313576]}},{"type":"Feature","properties":{"f":"D","c":["Devi","Local Maa"],"s":["fs"],"n":2,"r":227,"h":3},"geometry":{"type":"Point","coordinates":[83.01472,25.314594]}},{"type":"Feature","properties":{"f":"S","c":["Shiva","Shiva family","Shiva-Parvati"],"s":["w"],"n":2,"r":65,"h":3},"geometry":{"type":"Point","coordinates":[83.015863,25.313407]}},{"type":"Feature","properties":{"f":"S","c":["Shiva","Shiva family","Shiva-Parvati"],"s":["c"],"n":0,"r":54,"h":3},"geometry":{"type":"Point","coordinates":[83.015846,25.313155]}},{"type":"Feature","properties":{"f":"S","c":["Shiva","Shiva-Parvati"],"s":["c"],"n":2,"r":71,"h":3},"geometry":{"type":"Point","coordinates":[83.015556,25.313024]}},{"type":"Feature","properties":{"f":"S","c":["Shiva","Shiva family","Shiva-Parvati"],"s":["c"],"n":0,"r":63,"h":3},"geometry":{"type":"Point","coordinates":[83.015712,25.313098]}},{"type":"Feature","properties":{"f":"S","c":["Shiva","Shiva family","Shiva-Parvati"],"s":["c"],"n":7,"r":57,"h":3},"geometry":{"type":"Point","coordinates":[83.015809,25.313147]}},{"type":"Feature","properties":{"f":"D","c":["Devi","Local Maa"],"s":["c"],"n":1,"r":44,"h":3},"geometry":{"type":"Point","coordinates":[83.015973,25.313183]}},{"type":"Feature","properties":{"f":"D","c":["Devi","Local Maa"],"s":["fs"],"n":2,"r":49,"h":3},"geometry":{"type":"Point","coordinates":[83.015661,25.312828]}},{"type":"Feature","properties":{"f":"V","c":["Krishna"],"s":["fs"],"n":2,"r":48,"h":3},"geometry":{"type":"Point","coordinates":[83.015667,25.312817]}},{"type":"Feature","properties":{"f":"D","c":["Devi","Local Maa"],"s":["c"],"n":1,"r":161,"h":3},"geometry":{"type":"Point","coordinates":[83.01506,25.313873]}},{"type":"Feature","properties":{"f":"S","c":["Shiva","Shiva-Parvati"],"s":["w"],"n":2,"r":180,"h":3},"geometry":{"type":"Point","coordinates":[83.014958,25.31408]}},{"type":"Feature","properties":{"f":"SV","c":["Krishna","Shiva","Shiva-Parvati"],"s":["w"],"n":3,"r":180,"h":3},"geometry":{"type":"Point","coordinates":[83.014958,25.31408]}},{"type":"Feature","properties":{"f":"GDH","c":["Devi","Ganesh","Hanuman","Local Maa"],"s":["w"],"n":4,"r":73,"h":3},"geometry":{"type":"Point","coordinates":[83.015665,25.313203]}},{"type":"Feature","properties":{"f":"H","c":["Hanuman"],"s":["w"],"n":1,"r":0,"h":3},"geometry":{"type":"Point","coordinates":[83.016039,25.312497]}},{"type":"Feature","properties":{"f":"S","c":["Shiva","Shiva-Parvati"],"s":["w"],"n":1,"r":0,"h":3},"geometry":{"type":"Point","coordinates":[83.016024,25.312511]}},{"type":"Feature","properties":{"f":"S","c":["Shiva","Shiva-Parvati"],"s":["w"],"n":1,"r":15,"h":3},"geometry":{"type":"Point","coordinates":[83.015889,25.312581]}},{"type":"Feature","properties":{"f":"S","c":["Shiva","Shiva family","Shiva-Parvati"],"s":["w"],"n":7,"r":8,"h":3},"geometry":{"type":"Point","coordinates":[83.015907,25.312508]}},{"type":"Feature","properties":{"f":"S","c":["Shiva","Shiva family","Shiva-Parvati"],"s":["w"],"n":3,"r":2,"h":3},"geometry":{"type":"Point","coordinates":[83.015919,25.312409]}},{"type":"Feature","properties":{"f":"H","c":["Hanuman"],"s":["w"],"n":1,"r":6,"h":3},"geometry":{"type":"Point","coordinates":[83.01587,25.312412]}},{"type":"Feature","properties":{"f":"S","c":["Shiva","Shiva-Parvati"],"s":["fs"],"n":1,"r":2,"h":3},"geometry":{"type":"Point","coordinates":[83.01592,25.312408]}},{"type":"Feature","properties":{"f":"S","c":["Shiva","Shiva family","Shiva-Parvati"],"s":["w"],"n":3,"r":22,"h":3},"geometry":{"type":"Point","coordinates":[83.015734,25.312474]}},{"type":"Feature","properties":{"f":"S","c":["Shiva","Shiva family","Shiva-Parvati"],"s":["w"],"n":9,"r":37,"h":3},"geometry":{"type":"Point","coordinates":[83.016282,25.313588]}},{"type":"Feature","properties":{"f":"G","c":["Ganesh"],"s":["fs"],"n":3,"r":54,"h":3},"geometry":{"type":"Point","coordinates":[83.016033,25.313494]}},{"type":"Feature","properties":{"f":"G","c":["Ganesh"],"s":["w"],"n":1,"r":50,"h":3},"geometry":{"type":"Point","coordinates":[83.016113,25.313552]}},{"type":"Feature","properties":{"f":"S","c":["Shiva"],"s":["w"],"n":1,"r":61,"h":3},"geometry":{"type":"Point","coordinates":[83.015961,25.313497]}},{"type":"Feature","properties":{"f":"S","c":["Shiva","Shiva-Parvati"],"s":["fs"],"n":0,"r":64,"h":3},"geometry":{"type":"Point","coordinates":[83.01634,25.31423]}},{"type":"Feature","properties":{"f":"G","c":["Ganesh"],"s":["w"],"n":1,"r":65,"h":3},"geometry":{"type":"Point","coordinates":[83.016375,25.314273]}},{"type":"Feature","properties":{"f":"S","c":["Shiva","Shiva family","Shiva-Parvati"],"s":["fs"],"n":1,"r":85,"h":3},"geometry":{"type":"Point","coordinates":[83.016111,25.314252]}},{"type":"Feature","properties":{"f":"S","c":["Shiva","Shiva-Parvati"],"s":["fs"],"n":2,"r":87,"h":3},"geometry":{"type":"Point","coordinates":[83.015935,25.313967]}},{"type":"Feature","properties":{"f":"GS","c":["Ganesh","Shiva"],"s":["w"],"n":3,"r":149,"h":3},"geometry":{"type":"Point","coordinates":[83.015665,25.314678]}},{"type":"Feature","properties":{"f":"S","c":["Shiva","Shiva-Parvati"],"s":["w"],"n":1,"r":65,"h":3},"geometry":{"type":"Point","coordinates":[83.016678,25.314683]}},{"type":"Feature","properties":{"f":"S","c":["Shiva","Shiva family","Shiva-Parvati"],"s":["w"],"n":0,"r":93,"h":3},"geometry":{"type":"Point","coordinates":[83.016347,25.31466]}},{"type":"Feature","properties":{"f":"D","c":["Devi","Local Maa"],"s":["fs"],"n":1,"r":102,"h":3},"geometry":{"type":"Point","coordinates":[83.016291,25.314727]}},{"type":"Feature","properties":{"f":"V","c":["Rama"],"s":["fs"],"n":3,"r":55,"h":3},"geometry":{"type":"Point","coordinates":[83.016953,25.314934]}},{"type":"Feature","properties":{"f":"S","c":["Shiva","Shiva-Parvati"],"s":["w"],"n":1,"r":47,"h":3},"geometry":{"type":"Point","coordinates":[83.016927,25.314774]}},{"type":"Feature","properties":{"f":"S","c":["Shiva","Shiva-Parvati"],"s":["w"],"n":1,"r":65,"h":3},"geometry":{"type":"Point","coordinates":[83.016995,25.315079]}},{"type":"Feature","properties":{"f":"G","c":["Ganesh"],"s":["w"],"n":1,"r":41,"h":3},"geometry":{"type":"Point","coordinates":[83.016702,25.314252]}},{"type":"Feature","properties":{"f":"DS","c":["Devi","Local Maa","Shiva","Shiva-Parvati"],"s":["w"],"n":4,"r":45,"h":3},"geometry":{"type":"Point","coordinates":[83.017154,25.314957]}},{"type":"Feature","properties":{"f":"S","c":["Shiva","Shiva-Parvati"],"s":["fs"],"n":1,"r":49,"h":3},"geometry":{"type":"Point","coordinates":[83.01719,25.315025]}},{"type":"Feature","properties":{"f":"DS","c":["Devi","Local Maa","Shiva"],"s":["fs"],"n":0,"r":32,"h":3},"geometry":{"type":"Point","coordinates":[83.017019,25.314652]}},{"type":"Feature","properties":{"f":"S","c":["Shiva","Shiva-Parvati"],"s":["c"],"n":0,"r":36,"h":3},"geometry":{"type":"Point","coordinates":[83.017232,25.314909]}},{"type":"Feature","properties":{"f":"S","c":["Shiva","Shiva-Parvati"],"s":["c"],"n":1,"r":27,"h":3},"geometry":{"type":"Point","coordinates":[83.017212,25.314804]}},{"type":"Feature","properties":{"f":"S","c":["Shiva","Shiva family","Shiva-Parvati"],"s":["w"],"n":0,"r":43,"h":3},"geometry":{"type":"Point","coordinates":[83.017233,25.314983]}},{"type":"Feature","properties":{"f":"D","c":["Devi","Local Maa"],"s":["c"],"n":0,"r":54,"h":3},"geometry":{"type":"Point","coordinates":[83.017316,25.315143]}},{"type":"Feature","properties":{"f":"S","c":["Shiva","Shiva-Parvati"],"s":["w"],"n":1,"r":53,"h":3},"geometry":{"type":"Point","coordinates":[83.017125,25.315032]}},{"type":"Feature","properties":{"f":"S","c":["Shiva","Shiva-Parvati"],"s":["fs"],"n":2,"r":165,"h":3},"geometry":{"type":"Point","coordinates":[83.017174,25.316234]}},{"type":"Feature","properties":{"f":"S","c":["Shiva","Shiva family"],"s":["w"],"n":0,"r":182,"h":3},"geometry":{"type":"Point","coordinates":[83.016465,25.316027]}},{"type":"Feature","properties":{"f":"S","c":["Shiva","Shiva family"],"s":["w"],"n":1,"r":193,"h":3},"geometry":{"type":"Point","coordinates":[83.016203,25.315991]}},{"type":"Feature","properties":{"f":"HS","c":["Hanuman","Shiva"],"s":["fs","c","t"],"n":3,"r":670,"h":0},"geometry":{"type":"Point","coordinates":[82.984416,25.318135]}},{"type":"Feature","properties":{"f":"S","c":["Shiva-Parvati"],"s":["tt"],"n":2,"r":700,"h":0},"geometry":{"type":"Point","coordinates":[82.986522,25.32084]}},{"type":"Feature","properties":{"f":"H","c":["Hanuman"],"s":["fs","c"],"n":2,"r":704,"h":0},"geometry":{"type":"Point","coordinates":[82.986491,25.32086]}},{"type":"Feature","properties":{"f":"O","c":["Other"],"s":["t"],"n":0,"r":790,"h":0},"geometry":{"type":"Point","coordinates":[82.983904,25.31953]}},{"type":"Feature","properties":{"f":"S","c":["Shiva"],"s":["t"],"n":1,"r":793,"h":0},"geometry":{"type":"Point","coordinates":[82.983863,25.319516]}},{"type":"Feature","properties":{"f":"HOS","c":["Hanuman","Other","Shiva"],"s":["fs","c","t"],"n":3,"r":665,"h":0},"geometry":{"type":"Point","coordinates":[82.98265,25.318278]}},{"type":"Feature","properties":{"f":"O","c":["Other"],"s":["t"],"n":1,"r":669,"h":0},"geometry":{"type":"Point","coordinates":[82.982758,25.318306]}},{"type":"Feature","properties":{"f":"S","c":["Shiva"],"s":["fs"],"n":1,"r":713,"h":0},"geometry":{"type":"Point","coordinates":[82.983363,25.318629]}},{"type":"Feature","properties":{"f":"S","c":["Shiva"],"s":["fs","c"],"n":2,"r":712,"h":0},"geometry":{"type":"Point","coordinates":[82.983381,25.318619]}},{"type":"Feature","properties":{"f":"HS","c":["Hanuman","Shiva"],"s":["tt"],"n":2,"r":349,"h":0},"geometry":{"type":"Point","coordinates":[82.980568,25.315643]}},{"type":"Feature","properties":{"f":"S","c":["Shiva"],"s":["fs","t","c"],"n":1,"r":553,"h":0},"geometry":{"type":"Point","coordinates":[82.984505,25.31677]}},{"type":"Feature","properties":{"f":"HS","c":["Hanuman","Shiva-Parvati"],"s":["fs","w","c"],"n":3,"r":579,"h":0},"geometry":{"type":"Point","coordinates":[82.984568,25.317006]}},{"type":"Feature","properties":{"f":"O","c":["Other"],"s":["t"],"n":0,"r":563,"h":0},"geometry":{"type":"Point","coordinates":[82.984568,25.31684]}},{"type":"Feature","properties":{"f":"GS","c":["Ganesh","Shiva-Parvati"],"s":["fs"],"n":4,"r":639,"h":0},"geometry":{"type":"Point","coordinates":[82.990356,25.308199]}},{"type":"Feature","properties":{"f":"FGS","c":["Bir Baba","Ganesh","Shiva"],"s":["fs","tt"],"n":0,"r":667,"h":0},"geometry":{"type":"Point","coordinates":[82.990545,25.306739]}},{"type":"Feature","properties":{"f":"HS","c":["Hanuman","Shiva"],"s":["fs","t"],"n":3,"r":535,"h":0,"nm":"Praciin hanuman?"},"geometry":{"type":"Point","coordinates":[82.989136,25.31048]}},{"type":"Feature","properties":{"f":"D","c":["Local Maa"],"s":["fs"],"n":0,"r":206,"h":0,"nm":"Sri phul mati maataa maa praciin mandir"},"geometry":{"type":"Point","coordinates":[82.982837,25.308773]}},{"type":"Feature","properties":{"f":"GS","c":["Ganesh","Shiva"],"s":["w"],"n":3,"r":386,"h":3},"geometry":{"type":"Point","coordinates":[83.011975,25.316532]}},{"type":"Feature","properties":{"f":"S","c":["Shiva"],"s":["fs"],"n":2,"r":389,"h":3},"geometry":{"type":"Point","coordinates":[83.01194,25.316512]}},{"type":"Feature","properties":{"f":"S","c":["Shiva family"],"s":[],"n":3,"r":397,"h":3},"geometry":{"type":"Point","coordinates":[83.011819,25.316496]}},{"type":"Feature","properties":{"f":"HS","c":["Hanuman","Shiva"],"s":["fs"],"n":4,"r":419,"h":3},"geometry":{"type":"Point","coordinates":[83.011728,25.316317]}},{"type":"Feature","properties":{"f":"S","c":["Shiva"],"s":["w"],"n":5,"r":410,"h":3},"geometry":{"type":"Point","coordinates":[83.011564,25.316519]}},{"type":"Feature","properties":{"f":"HS","c":["Hanuman","Shiva"],"s":["c"],"n":2,"r":462,"h":3},"geometry":{"type":"Point","coordinates":[83.010418,25.316711]}},{"type":"Feature","properties":{"f":"S","c":["Shiva"],"s":["ba"],"n":1,"r":457,"h":3},"geometry":{"type":"Point","coordinates":[83.010885,25.316468]}},{"type":"Feature","properties":{"f":"S","c":["Shiva"],"s":["fs"],"n":2,"r":472,"h":3},"geometry":{"type":"Point","coordinates":[83.011132,25.316108]}},{"type":"Feature","properties":{"f":"H","c":["Hanuman"],"s":["ba"],"n":1,"r":472,"h":3},"geometry":{"type":"Point","coordinates":[83.010768,25.315796]}},{"type":"Feature","properties":{"f":"S","c":["Shiva"],"s":["fs"],"n":2,"r":303,"h":3},"geometry":{"type":"Point","coordinates":[83.009019,25.315981]}},{"type":"Feature","properties":{"f":"S","c":["Shiva family"],"s":["fs"],"n":3,"r":262,"h":3},"geometry":{"type":"Point","coordinates":[83.008392,25.316404]}},{"type":"Feature","properties":{"f":"D","c":["Devi"],"s":["w"],"n":1,"r":228,"h":3},"geometry":{"type":"Point","coordinates":[83.008102,25.316256]}},{"type":"Feature","properties":{"f":"H","c":["Hanuman"],"s":["fs"],"n":1,"r":190,"h":3},"geometry":{"type":"Point","coordinates":[83.007391,25.316534]}},{"type":"Feature","properties":{"f":"S","c":["Shiva family"],"s":["fs"],"n":3,"r":190,"h":3},"geometry":{"type":"Point","coordinates":[83.007196,25.316701]}},{"type":"Feature","properties":{"f":"S","c":["Shiva"],"s":["w"],"n":4,"r":201,"h":3},"geometry":{"type":"Point","coordinates":[83.0067,25.317114]}},{"type":"Feature","properties":{"f":"D","c":["Devi"],"s":["w"],"n":1,"r":161,"h":0},"geometry":{"type":"Point","coordinates":[83.00557,25.316949]}},{"type":"Feature","properties":{"f":"HS","c":["Hanuman","Shiva"],"s":["fs"],"n":3,"r":170,"h":0},"geometry":{"type":"Point","coordinates":[83.005759,25.317043]}},{"type":"Feature","properties":{"f":"DO","c":["Devi","Other"],"s":[],"n":3,"r":126,"h":3},"geometry":{"type":"Point","coordinates":[83.007077,25.315996]}},{"type":"Feature","properties":{"f":"H","c":["Hanuman"],"s":["c"],"n":3,"r":119,"h":3},"geometry":{"type":"Point","coordinates":[83.007083,25.31589]}},{"type":"Feature","properties":{"f":"S","c":["Shiva"],"s":["fs","t"],"n":2,"r":220,"h":0},"geometry":{"type":"Point","coordinates":[83.004995,25.317404]}},{"type":"Feature","properties":{"f":"S","c":["Shiva"],"s":["fs"],"n":11,"r":196,"h":0},"geometry":{"type":"Point","coordinates":[83.004749,25.317127]}},{"type":"Feature","properties":{"f":"D","c":["Devi"],"s":["fs"],"n":1,"r":219,"h":0},"geometry":{"type":"Point","coordinates":[83.004116,25.317115]}},{"type":"Feature","properties":{"f":"F","c":["Bir Baba"],"s":["fs"],"n":3,"r":293,"h":0},"geometry":{"type":"Point","coordinates":[83.002767,25.316835]}},{"type":"Feature","properties":{"f":"S","c":["Shiva"],"s":["ba"],"n":2,"r":160,"h":0},"geometry":{"type":"Point","coordinates":[83.003573,25.315284]}},{"type":"Feature","properties":{"f":"S","c":["Shiva family"],"s":["tt"],"n":3,"r":275,"h":3},"geometry":{"type":"Point","coordinates":[83.006781,25.317807]}},{"type":"Feature","properties":{"f":"DHS","c":["Devi","Hanuman","Shiva"],"s":["ba"],"n":6,"r":332,"h":3},"geometry":{"type":"Point","coordinates":[83.007685,25.317967]}},{"type":"Feature","properties":{"f":"D","c":["Devi"],"s":["fs"],"n":1,"r":383,"h":2},"geometry":{"type":"Point","coordinates":[83.008381,25.318072]}},{"type":"Feature","properties":{"f":"D","c":["Devi"],"s":["fs"],"n":3,"r":376,"h":2},"geometry":{"type":"Point","coordinates":[83.007786,25.318373]}},{"type":"Feature","properties":{"f":"H","c":["Hanuman"],"s":["fs"],"n":1,"r":457,"h":0},"geometry":{"type":"Point","coordinates":[83.008046,25.319086]}},{"type":"Feature","properties":{"f":"G","c":["Ganesh"],"s":["fs"],"n":2,"r":470,"h":0},"geometry":{"type":"Point","coordinates":[83.009323,25.318899]}},{"type":"Feature","properties":{"f":"S","c":["Shiva"],"s":["fs"],"n":3,"r":433,"h":0},"geometry":{"type":"Point","coordinates":[83.009345,25.317853]}},{"type":"Feature","properties":{"f":"S","c":["Shiva"],"s":["w"],"n":5,"r":427,"h":0},"geometry":{"type":"Point","coordinates":[83.009627,25.317422]}},{"type":"Feature","properties":{"f":"D","c":["Devi"],"s":["fs","t"],"n":1,"r":459,"h":0},"geometry":{"type":"Point","coordinates":[83.009673,25.317865]}},{"type":"Feature","properties":{"f":"S","c":["Shiva"],"s":["fs"],"n":1,"r":484,"h":0},"geometry":{"type":"Point","coordinates":[83.008085,25.319342]}},{"type":"Feature","properties":{"f":"D","c":["Devi"],"s":["w"],"n":1,"r":447,"h":0},"geometry":{"type":"Point","coordinates":[83.007318,25.319281]}},{"type":"Feature","properties":{"f":"S","c":["Shiva"],"s":["fs"],"n":3,"r":297,"h":0},"geometry":{"type":"Point","coordinates":[83.006395,25.318123]}},{"type":"Feature","properties":{"f":"S","c":["Shiva"],"s":["fs"],"n":1,"r":1425,"h":0},"geometry":{"type":"Point","coordinates":[83.012016,25.23592]}},{"type":"Feature","properties":{"f":"GO","c":["Ganesh","Other"],"s":["fs"],"n":0,"r":461,"h":0},"geometry":{"type":"Point","coordinates":[82.992747,25.239488]}},{"type":"Feature","properties":{"f":"HO","c":["Hanuman","Other"],"s":["tt"],"n":2,"r":284,"h":0},"geometry":{"type":"Point","coordinates":[82.98875,25.239629]}},{"type":"Feature","properties":{"f":"HS","c":["Hanuman","Shiva"],"s":["fs"],"n":2,"r":407,"h":0},"geometry":{"type":"Point","coordinates":[82.987555,25.235735]}},{"type":"Feature","properties":{"f":"D","c":["Sitala Maa"],"s":[],"n":0,"r":400,"h":3,"nm":"Sri shitlaa maataa kaa havan ku.n.d"},"geometry":{"type":"Point","coordinates":[83.009936,25.314048]}},{"type":"Feature","properties":{"f":"S","c":["Shiva"],"s":["w"],"n":0,"r":269,"h":0},"geometry":{"type":"Point","coordinates":[83.00839,25.313752]}},{"type":"Feature","properties":{"f":"GHS","c":["Ganesh","Hanuman","Shiva"],"s":["tt"],"n":3,"r":287,"h":0},"geometry":{"type":"Point","coordinates":[82.999792,25.30868]}},{"type":"Feature","properties":{"f":"GS","c":["Ganesh","Shiva"],"s":["w"],"n":3,"r":465,"h":0},"geometry":{"type":"Point","coordinates":[82.995358,25.30512]}},{"type":"Feature","properties":{"f":"D","c":["Sitala Maa"],"s":["fs","tt"],"n":0,"r":525,"h":0,"nm":"Sri siitlaa maa mandir"},"geometry":{"type":"Point","coordinates":[82.987423,25.308614]}},{"type":"Feature","properties":{"f":"GHSV","c":["Ganesh","Hanuman","Rama","Shiva"],"s":[],"n":15,"r":561,"h":0},"geometry":{"type":"Point","coordinates":[82.987692,25.308401]}},{"type":"Feature","properties":{"f":"D","c":["Sitala Maa"],"s":["fs"],"n":7,"r":478,"h":3,"nm":"Old Sitla mata temple"},"geometry":{"type":"Point","coordinates":[83.011727,25.315702]}},{"type":"Feature","properties":{"f":"D","c":["Devi","Local Maa"],"s":["w"],"n":5,"r":485,"h":3},"geometry":{"type":"Point","coordinates":[83.01166,25.315661]}},{"type":"Feature","properties":{"f":"H","c":["Hanuman"],"s":["w"],"n":1,"r":445,"h":3},"geometry":{"type":"Point","coordinates":[83.012279,25.3158]}},{"type":"Feature","properties":{"f":"S","c":["Shiva","Shiva family","Shiva-Parvati"],"s":["fs"],"n":2,"r":452,"h":3},"geometry":{"type":"Point","coordinates":[83.012283,25.315725]}},{"type":"Feature","properties":{"f":"HS","c":["Hanuman","Shiva","Shiva-Parvati"],"s":["fs"],"n":3,"r":472,"h":3},"geometry":{"type":"Point","coordinates":[83.012316,25.315524]}},{"type":"Feature","properties":{"f":"DS","c":["Devi","Local Maa","Shiva","Shiva-Parvati"],"s":["w"],"n":3,"r":412,"h":3},"geometry":{"type":"Point","coordinates":[83.012733,25.314739]}},{"type":"Feature","properties":{"f":"S","c":["Shiva","Shiva-Parvati"],"s":["fs"],"n":1,"r":461,"h":3},"geometry":{"type":"Point","coordinates":[83.012281,25.314927]}},{"type":"Feature","properties":{"f":"G","c":["Ganesh"],"s":["w"],"n":1,"r":456,"h":3},"geometry":{"type":"Point","coordinates":[83.012365,25.314945]}},{"type":"Feature","properties":{"f":"G","c":["Ganesh"],"s":["w"],"n":1,"r":432,"h":3},"geometry":{"type":"Point","coordinates":[83.012635,25.314945]}},{"type":"Feature","properties":{"f":"S","c":["Shiva","Shiva-Parvati"],"s":["fs"],"n":2,"r":383,"h":3},"geometry":{"type":"Point","coordinates":[83.013179,25.314931]}},{"type":"Feature","properties":{"f":"S","c":["Shiva","Shiva-Parvati"],"s":["w"],"n":1,"r":399,"h":3},"geometry":{"type":"Point","coordinates":[83.013316,25.315507]}},{"type":"Feature","properties":{"f":"S","c":["Shiva","Shiva-Parvati"],"s":["fs"],"n":2,"r":438,"h":3,"nm":"Somnath mandir"},"geometry":{"type":"Point","coordinates":[83.012235,25.315876]}},{"type":"Feature","properties":{"f":"H","c":["Hanuman"],"s":["w"],"n":1,"r":322,"h":3},"geometry":{"type":"Point","coordinates":[83.013818,25.314867]}},{"type":"Feature","properties":{"f":"G","c":["Ganesh"],"s":["w"],"n":1,"r":273,"h":3},"geometry":{"type":"Point","coordinates":[83.014146,25.314469]}},{"type":"Feature","properties":{"f":"D","c":["Devi","Local Maa"],"s":["w"],"n":1,"r":260,"h":3},"geometry":{"type":"Point","coordinates":[83.014096,25.314118]}},{"type":"Feature","properties":{"f":"S","c":["Shiva","Shiva-Parvati"],"s":["w"],"n":1,"r":272,"h":3},"geometry":{"type":"Point","coordinates":[83.013875,25.314011]}},{"type":"Feature","properties":{"f":"S","c":["Shiva","Shiva-Parvati"],"s":["w"],"n":1,"r":117,"h":3},"geometry":{"type":"Point","coordinates":[83.015434,25.313669]}},{"type":"Feature","properties":{"f":"S","c":["Shiva","Shiva-Parvati"],"s":["w"],"n":1,"r":110,"h":3},"geometry":{"type":"Point","coordinates":[83.015451,25.313562]}},{"type":"Feature","properties":{"f":"S","c":["Shiva","Shiva-Parvati"],"s":["w"],"n":2,"r":117,"h":3},"geometry":{"type":"Point","coordinates":[83.015727,25.314206]}},{"type":"Feature","properties":{"f":"G","c":["Ganesh"],"s":["w"],"n":1,"r":130,"h":3},"geometry":{"type":"Point","coordinates":[83.016008,25.314787]}},{"type":"Feature","properties":{"f":"H","c":["Hanuman"],"s":["w"],"n":1,"r":119,"h":3},"geometry":{"type":"Point","coordinates":[83.016194,25.314906]}},{"type":"Feature","properties":{"f":"S","c":["Shiva","Shiva-Parvati"],"s":["fs"],"n":1,"r":77,"h":3},"geometry":{"type":"Point","coordinates":[83.017236,25.315345]}},{"type":"Feature","properties":{"f":"G","c":["Ganesh"],"s":["w"],"n":1,"r":148,"h":3},"geometry":{"type":"Point","coordinates":[83.017014,25.315974]}},{"type":"Feature","properties":{"f":"S","c":["Shiva","Shiva-Parvati"],"s":["w"],"n":1,"r":144,"h":3},"geometry":{"type":"Point","coordinates":[83.017022,25.315934]}},{"type":"Feature","properties":{"f":"GS","c":["Ganesh","Shiva","Shiva-Parvati"],"s":["w"],"n":2,"r":440,"h":3},"geometry":{"type":"Point","coordinates":[83.011326,25.313789]}},{"type":"Feature","properties":{"f":"H","c":["Hanuman"],"s":["w"],"n":1,"r":528,"h":3},"geometry":{"type":"Point","coordinates":[83.011402,25.314888]}},{"type":"Feature","properties":{"f":"GS","c":["Ganesh","Shiva","Shiva family","Shiva-Parvati"],"s":["ba"],"n":4,"r":498,"h":3},"geometry":{"type":"Point","coordinates":[83.011081,25.31496]}},{"type":"Feature","properties":{"f":"GDHS","c":["Devi","Ganesh","Hanuman","Local Maa","Shiva"],"s":["w"],"n":0,"r":491,"h":3},"geometry":{"type":"Point","coordinates":[83.011008,25.315005]}},{"type":"Feature","properties":{"f":"S","c":["Shiva","Shiva family","Shiva-Parvati"],"s":["w"],"n":2,"r":497,"h":3},"geometry":{"type":"Point","coordinates":[83.011071,25.31514]}},{"type":"Feature","properties":{"f":"HS","c":["Hanuman","Shiva","Shiva-Parvati"],"s":["w"],"n":3,"r":455,"h":3},"geometry":{"type":"Point","coordinates":[83.010656,25.315059]}},{"type":"Feature","properties":{"f":"GD","c":["Ganesh","Sitala Maa"],"s":["tt"],"n":3,"r":462,"h":3},"geometry":{"type":"Point","coordinates":[83.010724,25.315103]}},{"type":"Feature","properties":{"f":"D","c":["Sitala Maa"],"s":["ba"],"n":2,"r":451,"h":3},"geometry":{"type":"Point","coordinates":[83.010609,25.314942]}},{"type":"Feature","properties":{"f":"V","c":["Rama"],"s":["fs"],"n":2,"r":450,"h":3},"geometry":{"type":"Point","coordinates":[83.010592,25.315436]}},{"type":"Feature","properties":{"f":"V","c":["Rama"],"s":["fs"],"n":2,"r":424,"h":3},"geometry":{"type":"Point","coordinates":[83.010342,25.31532]}},{"type":"Feature","properties":{"f":"D","c":["Devi","Local Maa"],"s":[],"n":2,"r":394,"h":3,"nm":"Vindhyvashini Devi"},"geometry":{"type":"Point","coordinates":[83.010044,25.315318]}},{"type":"Feature","properties":{"f":"GHSV","c":["Ganesh","Hanuman","Rama","Shiva"],"s":["fs","t"],"n":15,"r":109,"h":0},"geometry":{"type":"Point","coordinates":[82.980322,25.31339]}},{"type":"Feature","properties":{"f":"H","c":["Hanuman"],"s":["fs"],"n":1,"r":79,"h":0},"geometry":{"type":"Point","coordinates":[82.983028,25.312348]}},{"type":"Feature","properties":{"f":"O","c":["Other"],"s":["t"],"n":1,"r":102,"h":0},"geometry":{"type":"Point","coordinates":[82.983223,25.31245]}},{"type":"Feature","properties":{"f":"HS","c":["Hanuman","Shiva family"],"s":["fs"],"n":3,"r":30,"h":0},"geometry":{"type":"Point","coordinates":[82.983298,25.311389]}},{"type":"Feature","properties":{"f":"S","c":["Shiva"],"s":["fs"],"n":1,"r":80,"h":0},"geometry":{"type":"Point","coordinates":[82.983013,25.31237]}},{"type":"Feature","properties":{"f":"SV","c":["Rama","Shiva"],"s":["fs","tt"],"n":6,"r":230,"h":0},"geometry":{"type":"Point","coordinates":[82.984789,25.312632]}},{"type":"Feature","properties":{"f":"GS","c":["Ganesh","Shiva"],"s":["tt"],"n":4,"r":243,"h":0},"geometry":{"type":"Point","coordinates":[82.984932,25.312649]}},{"type":"Feature","properties":{"f":"S","c":["Shiva"],"s":["tt"],"n":1,"r":208,"h":0},"geometry":{"type":"Point","coordinates":[82.984698,25.312412]}},{"type":"Feature","properties":{"f":"S","c":["Shiva-Parvati"],"s":["tt"],"n":0,"r":220,"h":0},"geometry":{"type":"Point","coordinates":[82.984977,25.312195]}},{"type":"Feature","properties":{"f":"DS","c":["Devi","Shiva","Shiva family"],"s":["fs","tt"],"n":8,"r":214,"h":0},"geometry":{"type":"Point","coordinates":[82.984965,25.31207]}},{"type":"Feature","properties":{"f":"H","c":["Hanuman"],"s":["tt"],"n":3,"r":202,"h":0},"geometry":{"type":"Point","coordinates":[82.984875,25.311987]}},{"type":"Feature","properties":{"f":"S","c":["Shiva"],"s":["tt"],"n":2,"r":434,"h":0,"nm":"Mahadev"},"geometry":{"type":"Point","coordinates":[82.988634,25.311638]}},{"type":"Feature","properties":{"f":"HSV","c":["Hanuman","Krishna","Rama","Shiva"],"s":["fs"],"n":10,"r":401,"h":0},"geometry":{"type":"Point","coordinates":[82.986968,25.310777]}},{"type":"Feature","properties":{"f":"O","c":["Other"],"s":["t"],"n":1,"r":113,"h":0},"geometry":{"type":"Point","coordinates":[82.979964,25.313354]}},{"type":"Feature","properties":{"f":"O","c":["Other"],"s":["t"],"n":1,"r":104,"h":0},"geometry":{"type":"Point","coordinates":[82.97982,25.313218]}},{"type":"Feature","properties":{"f":"OS","c":["Other","Shiva"],"s":["fs","w","t"],"n":3,"r":255,"h":0},"geometry":{"type":"Point","coordinates":[82.98097,25.314644]}},{"type":"Feature","properties":{"f":"S","c":["Shiva"],"s":["w"],"n":1,"r":297,"h":0},"geometry":{"type":"Point","coordinates":[82.981613,25.314956]}},{"type":"Feature","properties":{"f":"S","c":["Shiva"],"s":["t"],"n":1,"r":302,"h":0},"geometry":{"type":"Point","coordinates":[82.981553,25.314992]}},{"type":"Feature","properties":{"f":"S","c":["Shiva","Shiva family"],"s":["fs"],"n":4,"r":229,"h":0},"geometry":{"type":"Point","coordinates":[82.982148,25.314367]}},{"type":"Feature","properties":{"f":"D","c":["Devi"],"s":["tt"],"n":1,"r":224,"h":0},"geometry":{"type":"Point","coordinates":[82.98239,25.314305]}},{"type":"Feature","properties":{"f":"HOS","c":["Hanuman","Other","Shiva"],"s":["t","c","fs"],"n":3,"r":308,"h":0},"geometry":{"type":"Point","coordinates":[82.984485,25.313988]}},{"type":"Feature","properties":{"f":"S","c":["Shiva"],"s":["tt"],"n":2,"r":301,"h":0},"geometry":{"type":"Point","coordinates":[82.984814,25.313513]}},{"type":"Feature","properties":{"f":"FHS","c":["Bir Baba","Hanuman","Shiva"],"s":["fs"],"n":8,"r":399,"h":0},"geometry":{"type":"Point","coordinates":[82.986942,25.313655]}},{"type":"Feature","properties":{"f":"O","c":["Other"],"s":["fs"],"n":2,"r":260,"h":0},"geometry":{"type":"Point","coordinates":[82.988634,25.313608]}},{"type":"Feature","properties":{"f":"S","c":["Shiva"],"s":["t"],"n":1,"r":437,"h":0},"geometry":{"type":"Point","coordinates":[82.988783,25.311545]}},{"type":"Feature","properties":{"f":"HS","c":["Hanuman","Shiva"],"s":["tt"],"n":2,"r":434,"h":0},"geometry":{"type":"Point","coordinates":[82.988809,25.311566]}},{"type":"Feature","properties":{"f":"OS","c":["Other","Shiva"],"s":["tt"],"n":2,"r":455,"h":3},"geometry":{"type":"Point","coordinates":[83.006324,25.309218]}},{"type":"Feature","properties":{"f":"DHV","c":["Devi","Hanuman","Rama"],"s":["tt"],"n":5,"r":289,"h":0},"geometry":{"type":"Point","coordinates":[83.004153,25.309526]}},{"type":"Feature","properties":{"f":"FHO","c":["Bir Baba","Hanuman","Other"],"s":["fs"],"n":5,"r":285,"h":0},"geometry":{"type":"Point","coordinates":[83.003629,25.309374]}},{"type":"Feature","properties":{"f":"H","c":["Hanuman"],"s":["tt"],"n":3,"r":338,"h":0},"geometry":{"type":"Point","coordinates":[83.001183,25.308862]}},{"type":"Feature","properties":{"f":"S","c":["Shiva"],"s":["fs"],"n":1,"r":364,"h":0,"nm":"Pramaatheshvar mahaadev"},"geometry":{"type":"Point","coordinates":[83.000998,25.308663]}},{"type":"Feature","properties":{"f":"O","c":["Other"],"s":["fs"],"n":4,"r":215,"h":0},"geometry":{"type":"Point","coordinates":[82.999126,25.309028]}},{"type":"Feature","properties":{"f":"HSV","c":["Hanuman","Rama","Shiva"],"s":["fs"],"n":6,"r":184,"h":0},"geometry":{"type":"Point","coordinates":[82.998673,25.308526]}},{"type":"Feature","properties":{"f":"S","c":["Shiva"],"s":["fs"],"n":1,"r":135,"h":0},"geometry":{"type":"Point","coordinates":[82.997169,25.307911]}},{"type":"Feature","properties":{"f":"S","c":["Shiva"],"s":["w"],"n":1,"r":205,"h":0},"geometry":{"type":"Point","coordinates":[82.995414,25.30766]}},{"type":"Feature","properties":{"f":"DV","c":["Devi","Rama"],"s":["w"],"n":5,"r":233,"h":2},"geometry":{"type":"Point","coordinates":[82.999319,25.309134]}},{"type":"Feature","properties":{"f":"S","c":["Shiva"],"s":["tt"],"n":1,"r":243,"h":0},"geometry":{"type":"Point","coordinates":[82.994785,25.30772]}},{"type":"Feature","properties":{"f":"HS","c":["Hanuman","Shiva"],"s":["fs","tt"],"n":2,"r":539,"h":0},"geometry":{"type":"Point","coordinates":[82.983528,25.30582]}},{"type":"Feature","properties":{"f":"HSV","c":["Hanuman","Rama","Shiva"],"s":["ba"],"n":6,"r":454,"h":0},"geometry":{"type":"Point","coordinates":[82.982196,25.306413]}},{"type":"Feature","properties":{"f":"S","c":["Shiva"],"s":["c"],"n":2,"r":373,"h":0},"geometry":{"type":"Point","coordinates":[82.984749,25.307971]}},{"type":"Feature","properties":{"f":"O","c":["Other"],"s":["fs"],"n":1,"r":467,"h":0},"geometry":{"type":"Point","coordinates":[82.990329,25.3109]}},{"type":"Feature","properties":{"f":"DHS","c":["Devi","Hanuman","Shiva"],"s":["tt"],"n":3,"r":403,"h":0},"geometry":{"type":"Point","coordinates":[82.9916,25.311536]}},{"type":"Feature","properties":{"f":"DHS","c":["Hanuman","Shiva","Sitala Maa"],"s":["tt"],"n":3,"r":396,"h":0},"geometry":{"type":"Point","coordinates":[82.991642,25.311608]}},{"type":"Feature","properties":{"f":"S","c":["Shiva"],"s":["fs"],"n":1,"r":364,"h":0},"geometry":{"type":"Point","coordinates":[82.993274,25.310579]}},{"type":"Feature","properties":{"f":"GHS","c":["Ganesh","Hanuman","Shiva"],"s":["c"],"n":10,"r":445,"h":0},"geometry":{"type":"Point","coordinates":[82.992298,25.310179]}},{"type":"Feature","properties":{"f":"GS","c":["Ganesh","Shiva"],"s":["tt"],"n":4,"r":385,"h":0},"geometry":{"type":"Point","coordinates":[82.992795,25.309227]}},{"type":"Feature","properties":{"f":"GHS","c":["Ganesh","Hanuman","Shiva"],"s":["c"],"n":8,"r":405,"h":0},"geometry":{"type":"Point","coordinates":[82.992599,25.308901]}},{"type":"Feature","properties":{"f":"O","c":["Other"],"s":["w"],"n":1,"r":276,"h":0},"geometry":{"type":"Point","coordinates":[82.993887,25.309525]}},{"type":"Feature","properties":{"f":"D","c":["Sitala Maa"],"s":["fs"],"n":1,"r":275,"h":0},"geometry":{"type":"Point","coordinates":[82.993892,25.309512]}},{"type":"Feature","properties":{"f":"GO","c":["Ganesh","Other"],"s":["t"],"n":3,"r":167,"h":0},"geometry":{"type":"Point","coordinates":[82.997907,25.310772]}},{"type":"Feature","properties":{"f":"S","c":["Shiva"],"s":["fs"],"n":1,"r":125,"h":0},"geometry":{"type":"Point","coordinates":[82.99671,25.310728]}},{"type":"Feature","properties":{"f":"S","c":["Shiva"],"s":["fs"],"n":1,"r":125,"h":0},"geometry":{"type":"Point","coordinates":[82.996689,25.310719]}},{"type":"Feature","properties":{"f":"HS","c":["Hanuman","Shiva"],"s":["w"],"n":2,"r":179,"h":0},"geometry":{"type":"Point","coordinates":[82.994837,25.309296]}},{"type":"Feature","properties":{"f":"G","c":["Ganesh"],"s":["t"],"n":1,"r":23,"h":0},"geometry":{"type":"Point","coordinates":[82.996437,25.309481]}},{"type":"Feature","properties":{"f":"S","c":["Shiva"],"s":["fs"],"n":1,"r":43,"h":0},"geometry":{"type":"Point","coordinates":[82.997416,25.309096]}},{"type":"Feature","properties":{"f":"GHS","c":["Ganesh","Hanuman","Shiva"],"s":["tt"],"n":7,"r":64,"h":0},"geometry":{"type":"Point","coordinates":[82.997632,25.309155]}},{"type":"Feature","properties":{"f":"S","c":["Shiva"],"s":["fs"],"n":1,"r":104,"h":0},"geometry":{"type":"Point","coordinates":[82.998068,25.309453]}},{"type":"Feature","properties":{"f":"GHS","c":["Ganesh","Hanuman","Shiva-Parvati"],"s":["fs"],"n":5,"r":298,"h":3},"geometry":{"type":"Point","coordinates":[83.00053,25.309488]}},{"type":"Feature","properties":{"f":"S","c":["Shiva"],"s":["tt"],"n":1,"r":254,"h":0},"geometry":{"type":"Point","coordinates":[83.000592,25.309909]}},{"type":"Feature","properties":{"f":"G","c":["Ganesh"],"s":["fs"],"n":1,"r":295,"h":3},"geometry":{"type":"Point","coordinates":[83.000524,25.309516]}},{"type":"Feature","properties":{"f":"D","c":["Local Maa"],"s":["w"],"n":1,"r":246,"h":0},"geometry":{"type":"Point","coordinates":[83.000734,25.309923]}},{"type":"Feature","properties":{"f":"O","c":["Other"],"s":["fs"],"n":3,"r":80,"h":0},"geometry":{"type":"Point","coordinates":[83.003683,25.312056]}},{"type":"Feature","properties":{"f":"G","c":["Ganesh"],"s":["w"],"n":1,"r":237,"h":0},"geometry":{"type":"Point","coordinates":[83.000858,25.309952]}},{"type":"Feature","properties":{"f":"FHS","c":["Bir Baba","Hanuman","Shiva-Parvati"],"s":["tt"],"n":7,"r":320,"h":0},"geometry":{"type":"Point","coordinates":[82.991026,25.318614]}},{"type":"Feature","properties":{"f":"H","c":["Hanuman"],"s":["tt"],"n":1,"r":326,"h":0},"geometry":{"type":"Point","coordinates":[82.991158,25.318652]}},{"type":"Feature","properties":{"f":"D","c":["Devi"],"s":["fs"],"n":1,"r":334,"h":0},"geometry":{"type":"Point","coordinates":[82.991698,25.318638]}},{"type":"Feature","properties":{"f":"OS","c":["Other","Shiva"],"s":["fs"],"n":3,"r":343,"h":0},"geometry":{"type":"Point","coordinates":[82.99206,25.319243]}},{"type":"Feature","properties":{"f":"D","c":["Devi"],"s":["tt"],"n":1,"r":380,"h":0},"geometry":{"type":"Point","coordinates":[82.991531,25.319264]}},{"type":"Feature","properties":{"f":"H","c":["Hanuman"],"s":["t"],"n":1,"r":344,"h":0},"geometry":{"type":"Point","coordinates":[82.994829,25.316953]}},{"type":"Feature","properties":{"f":"HSV","c":["Hanuman","Rama","Shiva"],"s":["fs"],"n":4,"r":341,"h":0},"geometry":{"type":"Point","coordinates":[82.994871,25.317031]}},{"type":"Feature","properties":{"f":"GO","c":["Ganesh","Other"],"s":["fs"],"n":5,"r":336,"h":0},"geometry":{"type":"Point","coordinates":[82.994917,25.316983]}},{"type":"Feature","properties":{"f":"D","c":["Devi"],"s":["w"],"n":1,"r":354,"h":0},"geometry":{"type":"Point","coordinates":[82.994647,25.315694]}},{"type":"Feature","properties":{"f":"H","c":["Hanuman"],"s":["w"],"n":1,"r":364,"h":0},"geometry":{"type":"Point","coordinates":[82.99469,25.314771]}},{"type":"Feature","properties":{"f":"HS","c":["Hanuman","Shiva"],"s":["fs"],"n":2,"r":317,"h":0},"geometry":{"type":"Point","coordinates":[82.995827,25.314835]}},{"type":"Feature","properties":{"f":"FDHOS","c":["Bir Baba","Devi","Hanuman","Other","Shiva","Shiva family"],"s":["w"],"n":13,"r":355,"h":0},"geometry":{"type":"Point","coordinates":[82.995732,25.314417]}},{"type":"Feature","properties":{"f":"S","c":["Shiva"],"s":["w"],"n":1,"r":367,"h":0},"geometry":{"type":"Point","coordinates":[82.996551,25.313741]}},{"type":"Feature","properties":{"f":"D","c":["Devi"],"s":["fs"],"n":4,"r":393,"h":0},"geometry":{"type":"Point","coordinates":[82.997591,25.313091]}},{"type":"Feature","properties":{"f":"H","c":["Hanuman"],"s":["t"],"n":1,"r":397,"h":0},"geometry":{"type":"Point","coordinates":[82.997535,25.313135]}},{"type":"Feature","properties":{"f":"S","c":["Shiva"],"s":["fs"],"n":1,"r":394,"h":0},"geometry":{"type":"Point","coordinates":[82.997587,25.313171]}},{"type":"Feature","properties":{"f":"HS","c":["Hanuman","Shiva family"],"s":["fs"],"n":4,"r":310,"h":0},"geometry":{"type":"Point","coordinates":[82.993325,25.313275]}},{"type":"Feature","properties":{"f":"HOS","c":["Hanuman","Other","Shiva"],"s":["w"],"n":4,"r":298,"h":0},"geometry":{"type":"Point","coordinates":[82.994072,25.315001]}},{"type":"Feature","properties":{"f":"S","c":["Shiva"],"s":["fs"],"n":1,"r":344,"h":0},"geometry":{"type":"Point","coordinates":[82.987645,25.313542]}},{"type":"Feature","properties":{"f":"S","c":["Shiva"],"s":["fs"],"n":1,"r":34,"h":0},"geometry":{"type":"Point","coordinates":[82.991382,25.315068]}},{"type":"Feature","properties":{"f":"GDHO","c":["Devi","Ganesh","Hanuman","Other"],"s":["fs"],"n":6,"r":28,"h":0},"geometry":{"type":"Point","coordinates":[82.990983,25.314878]}},{"type":"Feature","properties":{"f":"GSV","c":["Ganesh","Rama","Shiva","Shiva-Parvati"],"s":["fs"],"n":7,"r":149,"h":0,"nm":"Sri bharga maai kaa pracin mandir"},"geometry":{"type":"Point","coordinates":[83.000494,25.316926]}},{"type":"Feature","properties":{"f":"D","c":["Local Maa"],"s":["ba"],"n":2,"r":414,"h":0},"geometry":{"type":"Point","coordinates":[82.996204,25.305426]}},{"type":"Feature","properties":{"f":"HS","c":["Hanuman","Shiva","Shiva-Parvati"],"s":["tt"],"n":3,"r":416,"h":0},"geometry":{"type":"Point","coordinates":[82.996531,25.305371]}},{"type":"Feature","properties":{"f":"DO","c":["Local Maa","Other"],"s":["t"],"n":2,"r":406,"h":0},"geometry":{"type":"Point","coordinates":[82.996406,25.305473]}},{"type":"Feature","properties":{"f":"GHS","c":["Ganesh","Hanuman","Shiva","Shiva-Parvati"],"s":["t"],"n":8,"r":302,"h":0},"geometry":{"type":"Point","coordinates":[82.996489,25.306411]}},{"type":"Feature","properties":{"f":"H","c":["Hanuman"],"s":["tt","ba"],"n":3,"r":560,"h":0,"nm":"Shokvimochan hanuman"},"geometry":{"type":"Point","coordinates":[82.993013,25.305308]}},{"type":"Feature","properties":{"f":"S","c":["Shiva","Shiva-Parvati"],"s":["fs"],"n":2,"r":149,"h":0},"geometry":{"type":"Point","coordinates":[82.998028,25.308214]}},{"type":"Feature","properties":{"f":"V","c":["Rama"],"s":[],"n":3,"r":2,"h":0},"geometry":{"type":"Point","coordinates":[82.996914,25.309088]}},{"type":"Feature","properties":{"f":"S","c":["Shiva","Shiva-Parvati"],"s":["t","tt"],"n":3,"r":36,"h":0},"geometry":{"type":"Point","coordinates":[82.996342,25.309579]}},{"type":"Feature","properties":{"f":"SV","c":["Rama","Shiva","Shiva-Parvati"],"s":["fs"],"n":3,"r":45,"h":0},"geometry":{"type":"Point","coordinates":[82.997326,25.309787]}},{"type":"Feature","properties":{"f":"S","c":["Shiva","Shiva-Parvati"],"s":["w"],"n":1,"r":146,"h":0},"geometry":{"type":"Point","coordinates":[82.995166,25.309273]}},{"type":"Feature","properties":{"f":"H","c":["Hanuman"],"s":["fs"],"n":1,"r":187,"h":0},"geometry":{"type":"Point","coordinates":[82.994757,25.309343]}},{"type":"Feature","properties":{"f":"S","c":["Shiva-Parvati"],"s":["fs"],"n":1,"r":284,"h":0},"geometry":{"type":"Point","coordinates":[82.993806,25.309559]}},{"type":"Feature","properties":{"f":"S","c":["Shiva","Shiva-Parvati"],"s":["fs"],"n":2,"r":303,"h":0},"geometry":{"type":"Point","coordinates":[82.993728,25.310087]}},{"type":"Feature","properties":{"f":"DO","c":["Local Maa","Other"],"s":["tt"],"n":3,"r":324,"h":0},"geometry":{"type":"Point","coordinates":[82.993441,25.309822]}},{"type":"Feature","properties":{"f":"S","c":["Shiva","Shiva-Parvati"],"s":["fs"],"n":4,"r":324,"h":0},"geometry":{"type":"Point","coordinates":[82.993425,25.309732]}},{"type":"Feature","properties":{"f":"S","c":["Shiva","Shiva-Parvati"],"s":["t","tt"],"n":2,"r":451,"h":0},"geometry":{"type":"Point","coordinates":[82.992436,25.307681]}},{"type":"Feature","properties":{"f":"H","c":["Hanuman"],"s":["fs"],"n":1,"r":448,"h":3},"geometry":{"type":"Point","coordinates":[83.011859,25.315941]}},{"type":"Feature","properties":{"f":"G","c":["Ganesh"],"s":["w"],"n":3,"r":411,"h":3},"geometry":{"type":"Point","coordinates":[83.012369,25.316095]}},{"type":"Feature","properties":{"f":"DS","c":["Shiva","Shiva-Parvati","Sitala Maa"],"s":["w"],"n":3,"r":361,"h":3},"geometry":{"type":"Point","coordinates":[83.0137,25.315434]}},{"type":"Feature","properties":{"f":"G","c":["Ganesh"],"s":[],"n":1,"r":347,"h":3},"geometry":{"type":"Point","coordinates":[83.013914,25.315512]}},{"type":"Feature","properties":{"f":"S","c":["Shiva","Shiva-Parvati"],"s":["w"],"n":2,"r":358,"h":3},"geometry":{"type":"Point","coordinates":[83.013594,25.315181]}},{"type":"Feature","properties":{"f":"H","c":["Hanuman"],"s":["w"],"n":1,"r":289,"h":3},"geometry":{"type":"Point","coordinates":[83.014127,25.314763]}},{"type":"Feature","properties":{"f":"H","c":["Hanuman"],"s":["w"],"n":1,"r":295,"h":3},"geometry":{"type":"Point","coordinates":[83.01482,25.315947]}},{"type":"Feature","properties":{"f":"G","c":["Ganesh"],"s":["w"],"n":1,"r":169,"h":3},"geometry":{"type":"Point","coordinates":[83.01589,25.31535]}},{"type":"Feature","properties":{"f":"S","c":["Shiva","Shiva-Parvati"],"s":["w"],"n":2,"r":164,"h":3,"nm":"Hatkeshwar mandir"},"geometry":{"type":"Point","coordinates":[83.016273,25.315702]}},{"type":"Feature","properties":{"f":"S","c":["Shiva","Shiva family","Shiva-Parvati"],"s":["fs"],"n":3,"r":190,"h":3},"geometry":{"type":"Point","coordinates":[83.016393,25.316074]}},{"type":"Feature","properties":{"f":"S","c":["Shiva","Shiva-Parvati"],"s":["w"],"n":2,"r":194,"h":3},"geometry":{"type":"Point","coordinates":[83.016475,25.316162]}},{"type":"Feature","properties":{"f":"S","c":["Shiva","Shiva-Parvati"],"s":["w"],"n":1,"r":153,"h":3},"geometry":{"type":"Point","coordinates":[83.017093,25.316069]}},{"type":"Feature","properties":{"f":"V","c":["Krishna"],"s":["w"],"n":1,"r":67,"h":3},"geometry":{"type":"Point","coordinates":[83.017796,25.315506]}},{"type":"Feature","properties":{"f":"G","c":["Ganesh"],"s":["w"],"n":1,"r":20,"h":3},"geometry":{"type":"Point","coordinates":[83.018023,25.315136]}},{"type":"Feature","properties":{"f":"S","c":["Shiva","Shiva family","Shiva-Parvati"],"s":["w"],"n":5,"r":17,"h":3},"geometry":{"type":"Point","coordinates":[83.018083,25.315125]}},{"type":"Feature","properties":{"f":"S","c":["Shiva","Shiva family","Shiva-Parvati"],"s":["w"],"n":5,"r":10,"h":3},"geometry":{"type":"Point","coordinates":[83.01784,25.314972]}},{"type":"Feature","properties":{"f":"V","c":["Rama"],"s":["fs"],"n":2,"r":48,"h":3},"geometry":{"type":"Point","coordinates":[83.018011,25.315459]}},{"type":"Feature","properties":{"f":"S","c":["Shiva","Shiva family","Shiva-Parvati"],"s":["fs"],"n":2,"r":10,"h":3,"nm":"Shri raghweshwar mahadev mandir"},"geometry":{"type":"Point","coordinates":[83.017516,25.314788]}},{"type":"Feature","properties":{"f":"S","c":["Shiva","Shiva family","Shiva-Parvati"],"s":["w"],"n":2,"r":33,"h":3},"geometry":{"type":"Point","coordinates":[83.016811,25.314287]}},{"type":"Feature","properties":{"f":"V","c":["Rama"],"s":["w"],"n":5,"r":28,"h":3},"geometry":{"type":"Point","coordinates":[83.016722,25.314109]}},{"type":"Feature","properties":{"f":"S","c":["Shiva","Shiva-Parvati"],"s":["w"],"n":2,"r":26,"h":3},"geometry":{"type":"Point","coordinates":[83.016643,25.314021]}},{"type":"Feature","properties":{"f":"GS","c":["Ganesh","Shiva","Shiva family","Shiva-Parvati"],"s":["w"],"n":11,"r":17,"h":3},"geometry":{"type":"Point","coordinates":[83.017095,25.314486]}},{"type":"Feature","properties":{"f":"S","c":["Shiva","Shiva family","Shiva-Parvati"],"s":["fs"],"n":2,"r":20,"h":3,"nm":"Shri pataleshwar mahadev"},"geometry":{"type":"Point","coordinates":[83.017174,25.314678]}},{"type":"Feature","properties":{"f":"S","c":["Shiva","Shiva family","Shiva-Parvati"],"s":["fs"],"n":2,"r":49,"h":3},"geometry":{"type":"Point","coordinates":[83.017129,25.314991]}},{"type":"Feature","properties":{"f":"S","c":["Shiva","Shiva-Parvati"],"s":["fs"],"n":1,"r":48,"h":3},"geometry":{"type":"Point","coordinates":[83.017497,25.315181]}},{"type":"Feature","properties":{"f":"H","c":["Hanuman"],"s":["w"],"n":1,"r":98,"h":3},"geometry":{"type":"Point","coordinates":[83.017645,25.315788]}},{"type":"Feature","properties":{"f":"S","c":["Shiva","Shiva-Parvati"],"s":["tt"],"n":2,"r":28,"h":3},"geometry":{"type":"Point","coordinates":[83.018165,25.31531]}},{"type":"Feature","properties":{"f":"H","c":["Hanuman"],"s":["tt"],"n":1,"r":0,"h":3},"geometry":{"type":"Point","coordinates":[83.018473,25.315309]}},{"type":"Feature","properties":{"f":"G","c":["Ganesh"],"s":["w"],"n":2,"r":37,"h":3},"geometry":{"type":"Point","coordinates":[83.018169,25.315516]}},{"type":"Feature","properties":{"f":"G","c":["Ganesh"],"s":["w"],"n":1,"r":35,"h":3},"geometry":{"type":"Point","coordinates":[83.018204,25.315531]}},{"type":"Feature","properties":{"f":"S","c":["Shiva","Shiva-Parvati"],"s":["w"],"n":1,"r":34,"h":3,"nm":"Badrinarayan mandir"},"geometry":{"type":"Point","coordinates":[83.018263,25.31556]}},{"type":"Feature","properties":{"f":"S","c":["Shiva","Shiva family","Shiva-Parvati"],"s":["w"],"n":2,"r":44,"h":3},"geometry":{"type":"Point","coordinates":[83.018172,25.315611]}},{"type":"Feature","properties":{"f":"F","c":["Bir Baba"],"s":["w"],"n":1,"r":39,"h":3},"geometry":{"type":"Point","coordinates":[83.018196,25.31557]}},{"type":"Feature","properties":{"f":"S","c":["Shiva","Shiva-Parvati"],"s":["fs"],"n":4,"r":71,"h":3},"geometry":{"type":"Point","coordinates":[83.017444,25.315401]}},{"type":"Feature","properties":{"f":"S","c":["Shiva","Shiva-Parvati"],"s":["w"],"n":2,"r":80,"h":3,"nm":"Panchgangeshwar mahadev"},"geometry":{"type":"Point","coordinates":[83.017501,25.315527]}},{"type":"Feature","properties":{"f":"G","c":["Ganesh"],"s":["w"],"n":1,"r":83,"h":3},"geometry":{"type":"Point","coordinates":[83.017914,25.315874]}},{"type":"Feature","properties":{"f":"D","c":["Devi","Local Maa"],"s":["w"],"n":3,"r":99,"h":3},"geometry":{"type":"Point","coordinates":[83.017985,25.316116]}},{"type":"Feature","properties":{"f":"S","c":["Shiva","Shiva-Parvati"],"s":["w"],"n":2,"r":78,"h":3,"nm":"Shri shidh vishnushwar mahadev mandir"},"geometry":{"type":"Point","coordinates":[83.017993,25.315878]}},{"type":"Feature","properties":{"f":"G","c":["Ganesh"],"s":["w"],"n":1,"r":70,"h":3},"geometry":{"type":"Point","coordinates":[83.018379,25.316063]}},{"type":"Feature","properties":{"f":"S","c":["Shiva","Shiva-Parvati"],"s":["fs"],"n":1,"r":55,"h":3},"geometry":{"type":"Point","coordinates":[83.018428,25.315926]}},{"type":"Feature","properties":{"f":"S","c":["Shiva","Shiva-Parvati"],"s":["fs"],"n":1,"r":70,"h":3},"geometry":{"type":"Point","coordinates":[83.01835,25.316043]}},{"type":"Feature","properties":{"f":"G","c":["Ganesh"],"s":["c"],"n":1,"r":122,"h":3},"geometry":{"type":"Point","coordinates":[83.017564,25.316055]}},{"type":"Feature","properties":{"f":"S","c":["Shiva","Shiva-Parvati"],"s":["fs"],"n":2,"r":122,"h":3},"geometry":{"type":"Point","coordinates":[83.017564,25.316055]}},{"type":"Feature","properties":{"f":"DS","c":["Local Maa","Shiva","Shiva-Parvati"],"s":["w"],"n":2,"r":161,"h":3,"nm":"Kapileshwar mahadev"},"geometry":{"type":"Point","coordinates":[83.017602,25.316555]}},{"type":"Feature","properties":{"f":"H","c":["Hanuman"],"s":["fs"],"n":1,"r":156,"h":0},"geometry":{"type":"Point","coordinates":[82.983755,25.309889]}},{"type":"Feature","properties":{"f":"H","c":["Hanuman"],"s":["fs","t"],"n":1,"r":241,"h":0},"geometry":{"type":"Point","coordinates":[82.984302,25.309257]}},{"type":"Feature","properties":{"f":"DHS","c":["Devi","Hanuman","Shiva"],"s":["c","t","fs"],"n":5,"r":219,"h":0},"geometry":{"type":"Point","coordinates":[82.98434,25.309569]}},{"type":"Feature","properties":{"f":"H","c":["Hanuman"],"s":["ba"],"n":1,"r":385,"h":0},"geometry":{"type":"Point","coordinates":[82.984175,25.307505]}},{"type":"Feature","properties":{"f":"GHSV","c":["Ganesh","Hanuman","Rama","Shiva"],"s":["fs","t"],"n":11,"r":481,"h":0},"geometry":{"type":"Point","coordinates":[82.980666,25.3053]}},{"type":"Feature","properties":{"f":"H","c":["Hanuman"],"s":["fs"],"n":1,"r":450,"h":0},"geometry":{"type":"Point","coordinates":[82.980488,25.305065]}},{"type":"Feature","properties":{"f":"S","c":["Shiva"],"s":["ba"],"n":1,"r":69,"h":0},"geometry":{"type":"Point","coordinates":[82.981973,25.309894]}},{"type":"Feature","properties":{"f":"H","c":["Hanuman"],"s":["w"],"n":1,"r":430,"h":0},"geometry":{"type":"Point","coordinates":[82.990202,25.311249]}},{"type":"Feature","properties":{"f":"S","c":["Shiva"],"s":["t"],"n":1,"r":415,"h":0},"geometry":{"type":"Point","coordinates":[82.991083,25.311365]}},{"type":"Feature","properties":{"f":"GS","c":["Ganesh","Shiva"],"s":["t"],"n":9,"r":330,"h":0},"geometry":{"type":"Point","coordinates":[82.995459,25.312303]}},{"type":"Feature","properties":{"f":"HS","c":["Hanuman","Shiva"],"s":["fs","c"],"n":3,"r":323,"h":0},"geometry":{"type":"Point","coordinates":[82.995598,25.312292]}},{"type":"Feature","properties":{"f":"S","c":["Shiva"],"s":["fs"],"n":1,"r":255,"h":0},"geometry":{"type":"Point","coordinates":[82.997815,25.311737]}},{"type":"Feature","properties":{"f":"O","c":["Other"],"s":["t"],"n":1,"r":245,"h":0},"geometry":{"type":"Point","coordinates":[82.997814,25.311635]}},{"type":"Feature","properties":{"f":"GOS","c":["Ganesh","Other","Shiva"],"s":["tt"],"n":4,"r":260,"h":0},"geometry":{"type":"Point","coordinates":[82.999399,25.311927]}},{"type":"Feature","properties":{"f":"HOS","c":["Hanuman","Other","Shiva","Shiva-Parvati"],"s":["fs","tt"],"n":5,"r":256,"h":0},"geometry":{"type":"Point","coordinates":[82.999509,25.313169]}},{"type":"Feature","properties":{"f":"O","c":["Other"],"s":["w"],"n":1,"r":206,"h":0},"geometry":{"type":"Point","coordinates":[83.000807,25.314102]}},{"type":"Feature","properties":{"f":"S","c":["Shiva"],"s":["fs","c"],"n":3,"r":187,"h":0},"geometry":{"type":"Point","coordinates":[83.001092,25.31405]}},{"type":"Feature","properties":{"f":"S","c":["Shiva-Parvati"],"s":["w"],"n":2,"r":195,"h":0},"geometry":{"type":"Point","coordinates":[83.000928,25.314053]}},{"type":"Feature","properties":{"f":"S","c":["Shiva"],"s":["w","fs"],"n":5,"r":257,"h":0},"geometry":{"type":"Point","coordinates":[83.001213,25.314785]}},{"type":"Feature","properties":{"f":"S","c":["Shiva"],"s":["w"],"n":1,"r":238,"h":0},"geometry":{"type":"Point","coordinates":[82.999532,25.314538]}},{"type":"Feature","properties":{"f":"HOS","c":["Hanuman","Other","Shiva"],"s":["tt"],"n":5,"r":227,"h":0},"geometry":{"type":"Point","coordinates":[82.999768,25.314704]}},{"type":"Feature","properties":{"f":"O","c":["Other"],"s":["w"],"n":1,"r":186,"h":0},"geometry":{"type":"Point","coordinates":[82.999807,25.315123]}},{"type":"Feature","properties":{"f":"FGDHS","c":["Bir Baba","Devi","Ganesh","Hanuman","Shiva"],"s":["fs","t","tt","w","c"],"n":8,"r":119,"h":0},"geometry":{"type":"Point","coordinates":[82.998127,25.315607]}},{"type":"Feature","properties":{"f":"O","c":["Other"],"s":["w"],"n":1,"r":151,"h":0},"geometry":{"type":"Point","coordinates":[82.996736,25.316657]}},{"type":"Feature","properties":{"f":"S","c":["Shiva"],"s":["w"],"n":1,"r":7,"h":0},"geometry":{"type":"Point","coordinates":[82.998173,25.316711]}},{"type":"Feature","properties":{"f":"O","c":["Other"],"s":["fs"],"n":1,"r":11,"h":0},"geometry":{"type":"Point","coordinates":[82.998146,25.316777]}},{"type":"Feature","properties":{"f":"S","c":["Shiva"],"s":["w"],"n":1,"r":30,"h":0},"geometry":{"type":"Point","coordinates":[82.998113,25.317464]}},{"type":"Feature","properties":{"f":"HS","c":["Hanuman","Shiva"],"s":["tt"],"n":4,"r":2,"h":0},"geometry":{"type":"Point","coordinates":[82.999033,25.316866]}},{"type":"Feature","properties":{"f":"FHS","c":["Bir Baba","Hanuman","Shiva"],"s":["fs","t"],"n":6,"r":4,"h":0},"geometry":{"type":"Point","coordinates":[82.999033,25.316966]}},{"type":"Feature","properties":{"f":"S","c":["Shiva"],"s":["t"],"n":1,"r":1,"h":0},"geometry":{"type":"Point","coordinates":[82.999001,25.316987]}},{"type":"Feature","properties":{"f":"S","c":["Shiva"],"s":["fs"],"n":2,"r":25,"h":0},"geometry":{"type":"Point","coordinates":[82.999183,25.317166]}},{"type":"Feature","properties":{"f":"S","c":["Shiva"],"s":["w"],"n":1,"r":122,"h":0},"geometry":{"type":"Point","coordinates":[82.999545,25.318217]}},{"type":"Feature","properties":{"f":"G","c":["Ganesh"],"s":["w"],"n":1,"r":50,"h":0},"geometry":{"type":"Point","coordinates":[82.999315,25.316302]}},{"type":"Feature","properties":{"f":"GHOS","c":["Ganesh","Hanuman","Other","Shiva"],"s":["fs","w"],"n":4,"r":152,"h":0},"geometry":{"type":"Point","coordinates":[83.000269,25.315925]}},{"type":"Feature","properties":{"f":"O","c":["Other"],"s":["w"],"n":2,"r":182,"h":0},"geometry":{"type":"Point","coordinates":[83.000422,25.315656]}},{"type":"Feature","properties":{"f":"HOS","c":["Hanuman","Other","Shiva","Shiva family"],"s":["fs","w","c","tt"],"n":6,"r":259,"h":0},"geometry":{"type":"Point","coordinates":[83.000969,25.315158]}},{"type":"Feature","properties":{"f":"HSV","c":["Hanuman","Rama","Shiva"],"s":["fs"],"n":6,"r":185,"h":0},"geometry":{"type":"Point","coordinates":[83.002517,25.314204]}},{"type":"Feature","properties":{"f":"O","c":["Other"],"s":["tt"],"n":1,"r":220,"h":0},"geometry":{"type":"Point","coordinates":[83.003001,25.314873]}},{"type":"Feature","properties":{"f":"G","c":["Ganesh"],"s":["fs"],"n":2,"r":311,"h":0},"geometry":{"type":"Point","coordinates":[82.999681,25.321823]}},{"type":"Feature","properties":{"f":"HS","c":["Hanuman","Shiva"],"s":["t","tt"],"n":2,"r":97,"h":0},"geometry":{"type":"Point","coordinates":[82.99745,25.322773]}},{"type":"Feature","properties":{"f":"S","c":["Shiva"],"s":["fs","t","tt"],"n":1,"r":122,"h":0},"geometry":{"type":"Point","coordinates":[82.997355,25.323197]}},{"type":"Feature","properties":{"f":"D","c":["Local Maa"],"s":["fs"],"n":1,"r":98,"h":0},"geometry":{"type":"Point","coordinates":[82.996874,25.323182]}},{"type":"Feature","properties":{"f":"S","c":["Shiva","Shiva-Parvati"],"s":["w"],"n":2,"r":363,"h":3},"geometry":{"type":"Point","coordinates":[83.012214,25.316641]}},{"type":"Feature","properties":{"f":"S","c":["Shiva","Shiva-Parvati"],"s":["w","t"],"n":2,"r":387,"h":3},"geometry":{"type":"Point","coordinates":[83.012058,25.316473]}},{"type":"Feature","properties":{"f":"S","c":["Shiva","Shiva-Parvati"],"s":["w"],"n":2,"r":387,"h":3},"geometry":{"type":"Point","coordinates":[83.011899,25.316556]}},{"type":"Feature","properties":{"f":"S","c":["Shiva","Shiva-Parvati"],"s":["w"],"n":2,"r":370,"h":3},"geometry":{"type":"Point","coordinates":[83.012061,25.316648]}},{"type":"Feature","properties":{"f":"S","c":["Shiva","Shiva-Parvati"],"s":["w"],"n":2,"r":415,"h":3},"geometry":{"type":"Point","coordinates":[83.011525,25.316485]}},{"type":"Feature","properties":{"f":"S","c":["Shiva","Shiva-Parvati"],"s":["ba"],"n":2,"r":407,"h":3,"nm":"Kantheshwar mahadev"},"geometry":{"type":"Point","coordinates":[83.011683,25.316471]}},{"type":"Feature","properties":{"f":"HS","c":["Hanuman","Shiva"],"s":["t"],"n":2,"r":426,"h":3},"geometry":{"type":"Point","coordinates":[83.011632,25.316301]}},{"type":"Feature","properties":{"f":"S","c":["Shiva","Shiva-Parvati"],"s":["c"],"n":1,"r":412,"h":3},"geometry":{"type":"Point","coordinates":[83.011706,25.316408]}},{"type":"Feature","properties":{"f":"S","c":["Shiva","Shiva-Parvati"],"s":["w"],"n":1,"r":421,"h":3},"geometry":{"type":"Point","coordinates":[83.011671,25.316326]}},{"type":"Feature","properties":{"f":"H","c":["Hanuman"],"s":["w"],"n":1,"r":414,"h":3},"geometry":{"type":"Point","coordinates":[83.011748,25.316362]}},{"type":"Feature","properties":{"f":"S","c":["Shiva","Shiva family","Shiva-Parvati"],"s":["w"],"n":1,"r":414,"h":3},"geometry":{"type":"Point","coordinates":[83.011748,25.316362]}},{"type":"Feature","properties":{"f":"H","c":["Hanuman"],"s":["c"],"n":1,"r":429,"h":3},"geometry":{"type":"Point","coordinates":[83.011738,25.316201]}},{"type":"Feature","properties":{"f":"H","c":["Hanuman"],"s":["w"],"n":1,"r":435,"h":3},"geometry":{"type":"Point","coordinates":[83.011103,25.316563]}},{"type":"Feature","properties":{"f":"S","c":["Shiva","Shiva-Parvati"],"s":["w"],"n":1,"r":432,"h":3},"geometry":{"type":"Point","coordinates":[83.010997,25.316691]}},{"type":"Feature","properties":{"f":"H","c":["Hanuman"],"s":["w"],"n":1,"r":431,"h":3},"geometry":{"type":"Point","coordinates":[83.010963,25.316729]}},{"type":"Feature","properties":{"f":"D","c":["Devi","Local Maa"],"s":["fs"],"n":2,"r":413,"h":3},"geometry":{"type":"Point","coordinates":[83.011092,25.316846]}},{"type":"Feature","properties":{"f":"S","c":["Shiva"],"s":["c"],"n":1,"r":416,"h":3,"nm":"Kashi Devi mandir"},"geometry":{"type":"Point","coordinates":[83.011078,25.316817]}},{"type":"Feature","properties":{"f":"S","c":["Shiva"],"s":["fs"],"n":1,"r":438,"h":0,"nm":"Kashthateshwar mahadev"},"geometry":{"type":"Point","coordinates":[83.009771,25.317415]}},{"type":"Feature","properties":{"f":"S","c":["Shiva","Shiva-Parvati"],"s":["fs"],"n":2,"r":401,"h":3},"geometry":{"type":"Point","coordinates":[83.009873,25.316457]}},{"type":"Feature","properties":{"f":"G","c":["Ganesh"],"s":["w"],"n":1,"r":404,"h":3},"geometry":{"type":"Point","coordinates":[83.009918,25.316416]}},{"type":"Feature","properties":{"f":"D","c":["Devi","Local Maa"],"s":["fs"],"n":1,"r":355,"h":3,"nm":"Vindhyachal ma"},"geometry":{"type":"Point","coordinates":[83.009649,25.315436]}},{"type":"Feature","properties":{"f":"S","c":["Shiva","Shiva-Parvati"],"s":["w"],"n":1,"r":395,"h":3},"geometry":{"type":"Point","coordinates":[83.010052,25.315362]}},{"type":"Feature","properties":{"f":"D","c":["Sitala Maa"],"s":["fs"],"n":1,"r":426,"h":3},"geometry":{"type":"Point","coordinates":[83.010264,25.315988]}},{"type":"Feature","properties":{"f":"D","c":["Sitala Maa"],"s":["w"],"n":1,"r":307,"h":3},"geometry":{"type":"Point","coordinates":[83.009063,25.315963]}},{"type":"Feature","properties":{"f":"H","c":["Hanuman"],"s":["fs"],"n":1,"r":303,"h":3},"geometry":{"type":"Point","coordinates":[83.008996,25.316043]}},{"type":"Feature","properties":{"f":"H","c":["Hanuman"],"s":["fs"],"n":1,"r":293,"h":3},"geometry":{"type":"Point","coordinates":[83.008914,25.315968]}},{"type":"Feature","properties":{"f":"S","c":["Shiva","Shiva-Parvati"],"s":["fs"],"n":1,"r":266,"h":3},"geometry":{"type":"Point","coordinates":[83.008591,25.316088]}},{"type":"Feature","properties":{"f":"HV","c":["Hanuman","Rama"],"s":[],"n":4,"r":242,"h":3},"geometry":{"type":"Point","coordinates":[83.008333,25.316104]}},{"type":"Feature","properties":{"f":"S","c":["Shiva-Parvati"],"s":["c"],"n":1,"r":245,"h":3},"geometry":{"type":"Point","coordinates":[83.008303,25.316227]}},{"type":"Feature","properties":{"f":"D","c":["Devi","Local Maa"],"s":["c"],"n":1,"r":265,"h":3},"geometry":{"type":"Point","coordinates":[83.008438,25.316394]}},{"type":"Feature","properties":{"f":"H","c":["Hanuman"],"s":["c"],"n":1,"r":261,"h":3},"geometry":{"type":"Point","coordinates":[83.008459,25.316265]}},{"type":"Feature","properties":{"f":"HS","c":["Hanuman","Shiva","Shiva-Parvati"],"s":["t"],"n":4,"r":266,"h":3},"geometry":{"type":"Point","coordinates":[83.008515,25.316275]}},{"type":"Feature","properties":{"f":"D","c":["Devi","Local Maa"],"s":["w"],"n":1,"r":219,"h":3},"geometry":{"type":"Point","coordinates":[83.008053,25.316169]}},{"type":"Feature","properties":{"f":"H","c":["Hanuman"],"s":["fs"],"n":1,"r":106,"h":0},"geometry":{"type":"Point","coordinates":[83.007128,25.314796]}},{"type":"Feature","properties":{"f":"D","c":["Sitala Maa"],"s":["fs"],"n":1,"r":196,"h":3},"geometry":{"type":"Point","coordinates":[83.007386,25.316608]}},{"type":"Feature","properties":{"f":"FOS","c":["Bir Baba","Other","Shiva"],"s":["fs"],"n":5,"r":118,"h":0},"geometry":{"type":"Point","coordinates":[83.006576,25.316318]}},{"type":"Feature","properties":{"f":"S","c":["Shiva","Shiva family","Shiva-Parvati"],"s":["fs"],"n":1,"r":172,"h":3},"geometry":{"type":"Point","coordinates":[83.006636,25.31685]}},{"type":"Feature","properties":{"f":"S","c":["Shiva","Shiva family","Shiva-Parvati"],"s":["fs"],"n":1,"r":232,"h":3},"geometry":{"type":"Point","coordinates":[83.00695,25.317313]}},{"type":"Feature","properties":{"f":"S","c":["Shiva","Shiva-Parvati"],"s":["w"],"n":1,"r":264,"h":3},"geometry":{"type":"Point","coordinates":[83.007007,25.317605]}},{"type":"Feature","properties":{"f":"S","c":["Shiva","Shiva family","Shiva-Parvati"],"s":["fs"],"n":4,"r":292,"h":0},"geometry":{"type":"Point","coordinates":[83.006424,25.318076]}},{"type":"Feature","properties":{"f":"D","c":["Local Maa"],"s":["c"],"n":1,"r":345,"h":0},"geometry":{"type":"Point","coordinates":[83.006737,25.318496]}},{"type":"Feature","properties":{"f":"H","c":["Hanuman"],"s":["fs"],"n":1,"r":466,"h":0},"geometry":{"type":"Point","coordinates":[83.009426,25.31862]}},{"type":"Feature","properties":{"f":"S","c":["Shiva"],"s":["fs"],"n":1,"r":477,"h":0},"geometry":{"type":"Point","coordinates":[83.009332,25.318558]}},{"type":"Feature","properties":{"f":"H","c":["Hanuman"],"s":["w"],"n":1,"r":478,"h":0},"geometry":{"type":"Point","coordinates":[83.009313,25.318587]}},{"type":"Feature","properties":{"f":"S","c":["Shiva-Parvati"],"s":["fs"],"n":1,"r":421,"h":0},"geometry":{"type":"Point","coordinates":[83.009287,25.317739]}},{"type":"Feature","properties":{"f":"H","c":["Hanuman"],"s":["w"],"n":1,"r":408,"h":0},"geometry":{"type":"Point","coordinates":[83.009248,25.317602]}},{"type":"Feature","properties":{"f":"V","c":["Rama"],"s":["fs"],"n":2,"r":367,"h":3},"geometry":{"type":"Point","coordinates":[83.012386,25.316519]}},{"type":"Feature","properties":{"f":"DH","c":["Hanuman","Sitala Maa"],"s":["fs"],"n":2,"r":355,"h":3,"nm":"Hanuman and shitla mata mandir"},"geometry":{"type":"Point","coordinates":[83.012596,25.316553]}},{"type":"Feature","properties":{"f":"S","c":["Shiva"],"s":["fs"],"n":1,"r":267,"h":0},"geometry":{"type":"Point","coordinates":[82.999481,25.311024]}},{"type":"Feature","properties":{"f":"DHOS","c":["Devi","Hanuman","Other","Shiva"],"s":["fs"],"n":4,"r":226,"h":0},"geometry":{"type":"Point","coordinates":[82.999816,25.311281]}},{"type":"Feature","properties":{"f":"GOS","c":["Ganesh","Other","Shiva"],"s":["fs","c"],"n":5,"r":192,"h":0},"geometry":{"type":"Point","coordinates":[83.0007,25.310542]}},{"type":"Feature","properties":{"f":"OS","c":["Other","Shiva"],"s":["fs"],"n":2,"r":207,"h":0},"geometry":{"type":"Point","coordinates":[83.000846,25.310268]}},{"type":"Feature","properties":{"f":"FHOS","c":["Bir Baba","Hanuman","Other","Shiva"],"s":["tt"],"n":5,"r":182,"h":0},"geometry":{"type":"Point","coordinates":[83.00285,25.310206]}},{"type":"Feature","properties":{"f":"GHS","c":["Ganesh","Hanuman","Shiva"],"s":["fs"],"n":3,"r":184,"h":0},"geometry":{"type":"Point","coordinates":[83.003297,25.310242]}},{"type":"Feature","properties":{"f":"O","c":["Other"],"s":["t"],"n":1,"r":193,"h":0},"geometry":{"type":"Point","coordinates":[83.003721,25.310299]}},{"type":"Feature","properties":{"f":"S","c":["Shiva"],"s":["fs"],"n":1,"r":189,"h":0},"geometry":{"type":"Point","coordinates":[83.003724,25.310338]}},{"type":"Feature","properties":{"f":"GHS","c":["Ganesh","Hanuman","Shiva"],"s":["w"],"n":3,"r":134,"h":0},"geometry":{"type":"Point","coordinates":[83.00368,25.310895]}},{"type":"Feature","properties":{"f":"FGHS","c":["Bir Baba","Ganesh","Hanuman","Shiva"],"s":["w"],"n":4,"r":81,"h":0},"geometry":{"type":"Point","coordinates":[83.003088,25.311152]}},{"type":"Feature","properties":{"f":"S","c":["Shiva"],"s":["fs"],"n":1,"r":144,"h":0},"geometry":{"type":"Point","coordinates":[83.004105,25.311213]}},{"type":"Feature","properties":{"f":"GOS","c":["Ganesh","Other","Shiva"],"s":["fs"],"n":3,"r":170,"h":0},"geometry":{"type":"Point","coordinates":[83.004291,25.311034]}},{"type":"Feature","properties":{"f":"GO","c":["Ganesh","Other"],"s":["w"],"n":3,"r":244,"h":0},"geometry":{"type":"Point","coordinates":[83.004975,25.310785]}},{"type":"Feature","properties":{"f":"OV","c":["Krishna","Other"],"s":["w"],"n":5,"r":258,"h":0},"geometry":{"type":"Point","coordinates":[83.004998,25.310563]}},{"type":"Feature","properties":{"f":"GS","c":["Ganesh","Shiva"],"s":["fs"],"n":2,"r":266,"h":0},"geometry":{"type":"Point","coordinates":[83.005185,25.31071]}},{"type":"Feature","properties":{"f":"S","c":["Shiva"],"s":["fs"],"n":5,"r":285,"h":0},"geometry":{"type":"Point","coordinates":[83.005092,25.310276]}},{"type":"Feature","properties":{"f":"HOS","c":["Hanuman","Other","Shiva"],"s":["fs"],"n":3,"r":357,"h":0},"geometry":{"type":"Point","coordinates":[83.002502,25.317494]}},{"type":"Feature","properties":{"f":"OS","c":["Other","Shiva"],"s":["fs","tt","c"],"n":8,"r":292,"h":0},"geometry":{"type":"Point","coordinates":[83.001671,25.318048]}},{"type":"Feature","properties":{"f":"S","c":["Shiva"],"s":["fs"],"n":1,"r":244,"h":0},"geometry":{"type":"Point","coordinates":[83.001,25.318374]}},{"type":"Feature","properties":{"f":"FO","c":["Bir Baba","Other"],"s":["w"],"n":3,"r":240,"h":0},"geometry":{"type":"Point","coordinates":[83.000486,25.318909]}},{"type":"Feature","properties":{"f":"F","c":["Bir Baba"],"s":["w"],"n":1,"r":311,"h":0},"geometry":{"type":"Point","coordinates":[83.000545,25.319663]}},{"type":"Feature","properties":{"f":"S","c":["Shiva"],"s":["tt"],"n":1,"r":335,"h":0},"geometry":{"type":"Point","coordinates":[83.00081,25.319762]}},{"type":"Feature","properties":{"f":"D","c":["Devi"],"s":["fs"],"n":1,"r":327,"h":0},"geometry":{"type":"Point","coordinates":[82.999918,25.320099]}},{"type":"Feature","properties":{"f":"S","c":["Shiva"],"s":["fs"],"n":1,"r":304,"h":0},"geometry":{"type":"Point","coordinates":[82.999319,25.320141]}},{"type":"Feature","properties":{"f":"FDS","c":["Bir Baba","Devi","Shiva"],"s":["t","fs","c"],"n":3,"r":275,"h":0},"geometry":{"type":"Point","coordinates":[82.999299,25.319749]}},{"type":"Feature","properties":{"f":"FO","c":["Bir Baba","Other"],"s":["fs","t"],"n":4,"r":156,"h":0},"geometry":{"type":"Point","coordinates":[82.998026,25.320788]}},{"type":"Feature","properties":{"f":"GSV","c":["Ganesh","Rama","Shiva"],"s":["fs"],"n":4,"r":27,"h":0},"geometry":{"type":"Point","coordinates":[82.996485,25.322571]}},{"type":"Feature","properties":{"f":"HSV","c":["Hanuman","Krishna","Rama","Shiva"],"s":["fs"],"n":13,"r":146,"h":0},"geometry":{"type":"Point","coordinates":[82.993166,25.323048]}},{"type":"Feature","properties":{"f":"HS","c":["Hanuman","Shiva"],"s":["fs"],"n":3,"r":300,"h":0},"geometry":{"type":"Point","coordinates":[82.991515,25.322972]}},{"type":"Feature","properties":{"f":"HOS","c":["Hanuman","Other","Shiva"],"s":["t"],"n":15,"r":32,"h":0},"geometry":{"type":"Point","coordinates":[82.995325,25.322657]}},{"type":"Feature","properties":{"f":"O","c":["Other"],"s":[],"n":6,"r":1,"h":0},"geometry":{"type":"Point","coordinates":[82.994932,25.322396]}},{"type":"Feature","properties":{"f":"O","c":["Other"],"s":["fs"],"n":3,"r":13,"h":0},"geometry":{"type":"Point","coordinates":[82.994492,25.321357]}},{"type":"Feature","properties":{"f":"HO","c":["Hanuman","Other"],"s":["fs"],"n":3,"r":0,"h":0},"geometry":{"type":"Point","coordinates":[82.994768,25.322069]}},{"type":"Feature","properties":{"f":"HS","c":["Hanuman","Shiva"],"s":["c"],"n":9,"r":19,"h":0},"geometry":{"type":"Point","coordinates":[82.996785,25.32185]}},{"type":"Feature","properties":{"f":"GHS","c":["Ganesh","Hanuman","Shiva"],"s":["fs"],"n":13,"r":16,"h":0},"geometry":{"type":"Point","coordinates":[82.996749,25.321834]}},{"type":"Feature","properties":{"f":"HS","c":["Hanuman","Shiva"],"s":["fs"],"n":7,"r":4,"h":0},"geometry":{"type":"Point","coordinates":[82.996612,25.321507]}},{"type":"Feature","properties":{"f":"GHS","c":["Ganesh","Hanuman","Shiva"],"s":["fs","t","w","c"],"n":10,"r":60,"h":0},"geometry":{"type":"Point","coordinates":[82.997016,25.320919]}},{"type":"Feature","properties":{"f":"FDO","c":["Bir Baba","Devi","Other"],"s":["fs"],"n":4,"r":140,"h":0},"geometry":{"type":"Point","coordinates":[82.997899,25.320915]}},{"type":"Feature","properties":{"f":"SV","c":["Krishna","Rama","Shiva family"],"s":["fs","tt"],"n":17,"r":155,"h":0},"geometry":{"type":"Point","coordinates":[82.998013,25.320796]}},{"type":"Feature","properties":{"f":"O","c":["Other"],"s":["fs"],"n":1,"r":307,"h":0},"geometry":{"type":"Point","coordinates":[82.995319,25.31854]}},{"type":"Feature","properties":{"f":"H","c":["Hanuman"],"s":["fs"],"n":6,"r":279,"h":2},"geometry":{"type":"Point","coordinates":[83.011194,25.319185]}},{"type":"Feature","properties":{"f":"S","c":["Shiva","Shiva-Parvati"],"s":["w"],"n":3,"r":212,"h":2},"geometry":{"type":"Point","coordinates":[83.012006,25.318778]}},{"type":"Feature","properties":{"f":"H","c":["Hanuman"],"s":["fs"],"n":2,"r":212,"h":2},"geometry":{"type":"Point","coordinates":[83.011983,25.318835]}},{"type":"Feature","properties":{"f":"S","c":["Shiva","Shiva-Parvati"],"s":["tt"],"n":3,"r":131,"h":0},"geometry":{"type":"Point","coordinates":[83.012854,25.318889]}},{"type":"Feature","properties":{"f":"S","c":["Shiva","Shiva-Parvati"],"s":["fs"],"n":2,"r":155,"h":0},"geometry":{"type":"Point","coordinates":[83.012693,25.318716]}},{"type":"Feature","properties":{"f":"S","c":["Shiva","Shiva-Parvati"],"s":["fs"],"n":2,"r":384,"h":3},"geometry":{"type":"Point","coordinates":[83.013405,25.316078]}},{"type":"Feature","properties":{"f":"V","c":["Krishna"],"s":["fs"],"n":4,"r":306,"h":3,"nm":"Gopal mandir"},"geometry":{"type":"Point","coordinates":[83.015157,25.316507]}},{"type":"Feature","properties":{"f":"G","c":["Ganesh"],"s":["w"],"n":2,"r":305,"h":3},"geometry":{"type":"Point","coordinates":[83.015216,25.316547]}},{"type":"Feature","properties":{"f":"HV","c":["Hanuman","Rama"],"s":["w"],"n":5,"r":299,"h":3},"geometry":{"type":"Point","coordinates":[83.014999,25.316962]}},{"type":"Feature","properties":{"f":"GS","c":["Ganesh","Shiva","Shiva family","Shiva-Parvati"],"s":["w"],"n":4,"r":290,"h":3},"geometry":{"type":"Point","coordinates":[83.014845,25.317009]}},{"type":"Feature","properties":{"f":"S","c":["Shiva","Shiva family","Shiva-Parvati"],"s":["fs"],"n":3,"r":290,"h":3},"geometry":{"type":"Point","coordinates":[83.014845,25.317009]}},{"type":"Feature","properties":{"f":"S","c":["Shiva","Shiva family","Shiva-Parvati"],"s":["w"],"n":2,"r":268,"h":3},"geometry":{"type":"Point","coordinates":[83.014432,25.317136]}},{"type":"Feature","properties":{"f":"S","c":["Shiva","Shiva family","Shiva-Parvati"],"s":["fs"],"n":2,"r":247,"h":3},"geometry":{"type":"Point","coordinates":[83.013957,25.317281]}},{"type":"Feature","properties":{"f":"G","c":["Ganesh"],"s":["w"],"n":1,"r":247,"h":3},"geometry":{"type":"Point","coordinates":[83.013957,25.317281]}},{"type":"Feature","properties":{"f":"S","c":["Shiva","Shiva family","Shiva-Parvati"],"s":["w"],"n":4,"r":65,"h":3},"geometry":{"type":"Point","coordinates":[83.018873,25.316399]}},{"type":"Feature","properties":{"f":"S","c":["Shiva","Shiva-Parvati"],"s":["w"],"n":2,"r":46,"h":3},"geometry":{"type":"Point","coordinates":[83.018828,25.316142]}},{"type":"Feature","properties":{"f":"S","c":["Shiva","Shiva family","Shiva-Parvati"],"s":["w","tt"],"n":2,"r":34,"h":3},"geometry":{"type":"Point","coordinates":[83.01896,25.316097]}},{"type":"Feature","properties":{"f":"S","c":["Shiva","Shiva family","Shiva-Parvati"],"s":["w"],"n":1,"r":42,"h":3},"geometry":{"type":"Point","coordinates":[83.018952,25.316184]}},{"type":"Feature","properties":{"f":"S","c":["Shiva","Shiva-Parvati"],"s":["w"],"n":1,"r":66,"h":3},"geometry":{"type":"Point","coordinates":[83.018549,25.316159]}},{"type":"Feature","properties":{"f":"S","c":["Shiva","Shiva family","Shiva-Parvati"],"s":["t","tt"],"n":0,"r":42,"h":3},"geometry":{"type":"Point","coordinates":[83.019018,25.316242]}},{"type":"Feature","properties":{"f":"S","c":["Shiva","Shiva-Parvati"],"s":["w"],"n":2,"r":41,"h":3},"geometry":{"type":"Point","coordinates":[83.018921,25.31615]}},{"type":"Feature","properties":{"f":"S","c":["Shiva"],"s":["w"],"n":0,"r":45,"h":3},"geometry":{"type":"Point","coordinates":[83.018895,25.316179]}},{"type":"Feature","properties":{"f":"S","c":["Shiva","Shiva family","Shiva-Parvati"],"s":["w"],"n":7,"r":39,"h":3},"geometry":{"type":"Point","coordinates":[83.019048,25.316225]}},{"type":"Feature","properties":{"f":"S","c":["Shiva","Shiva family","Shiva-Parvati"],"s":["w"],"n":3,"r":36,"h":3},"geometry":{"type":"Point","coordinates":[83.019018,25.316169]}},{"type":"Feature","properties":{"f":"S","c":["Shiva","Shiva-Parvati"],"s":["w"],"n":1,"r":43,"h":3},"geometry":{"type":"Point","coordinates":[83.018927,25.316183]}},{"type":"Feature","properties":{"f":"S","c":["Shiva","Shiva-Parvati"],"s":["w"],"n":2,"r":52,"h":3},"geometry":{"type":"Point","coordinates":[83.018776,25.316169]}},{"type":"Feature","properties":{"f":"S","c":["Shiva","Shiva-Parvati"],"s":["w"],"n":1,"r":41,"h":3},"geometry":{"type":"Point","coordinates":[83.018929,25.316155]}},{"type":"Feature","properties":{"f":"DS","c":["Local Maa","Shiva"],"s":["w"],"n":3,"r":41,"h":3},"geometry":{"type":"Point","coordinates":[83.018945,25.316172]}},{"type":"Feature","properties":{"f":"G","c":["Ganesh"],"s":["w"],"n":1,"r":46,"h":3},"geometry":{"type":"Point","coordinates":[83.018864,25.316165]}},{"type":"Feature","properties":{"f":"S","c":["Shiva","Shiva family","Shiva-Parvati"],"s":["w"],"n":4,"r":33,"h":3},"geometry":{"type":"Point","coordinates":[83.018989,25.316109]}},{"type":"Feature","properties":{"f":"S","c":["Shiva","Shiva-Parvati"],"s":["w"],"n":3,"r":23,"h":3},"geometry":{"type":"Point","coordinates":[83.018997,25.315996]}},{"type":"Feature","properties":{"f":"V","c":["Rama"],"s":["fs"],"n":6,"r":29,"h":3},"geometry":{"type":"Point","coordinates":[83.018943,25.31602]}},{"type":"Feature","properties":{"f":"S","c":["Shiva","Shiva-Parvati"],"s":["w"],"n":3,"r":22,"h":3},"geometry":{"type":"Point","coordinates":[83.018951,25.315941]}},{"type":"Feature","properties":{"f":"S","c":["Shiva","Shiva family"],"s":["w"],"n":2,"r":18,"h":3},"geometry":{"type":"Point","coordinates":[83.018951,25.315905]}},{"type":"Feature","properties":{"f":"S","c":["Shiva","Shiva family"],"s":["w"],"n":2,"r":28,"h":3},"geometry":{"type":"Point","coordinates":[83.018935,25.316009]}},{"type":"Feature","properties":{"f":"S","c":["Shiva","Shiva-Parvati"],"s":["w"],"n":1,"r":31,"h":3},"geometry":{"type":"Point","coordinates":[83.018933,25.316038]}},{"type":"Feature","properties":{"f":"S","c":["Shiva","Shiva-Parvati"],"s":["w"],"n":5,"r":25,"h":3},"geometry":{"type":"Point","coordinates":[83.018954,25.315982]}},{"type":"Feature","properties":{"f":"S","c":["Shiva","Shiva-Parvati"],"s":["w"],"n":7,"r":26,"h":3},"geometry":{"type":"Point","coordinates":[83.018936,25.315988]}},{"type":"Feature","properties":{"f":"S","c":["Shiva","Shiva-Parvati"],"s":["w"],"n":2,"r":22,"h":3},"geometry":{"type":"Point","coordinates":[83.018903,25.315904]}},{"type":"Feature","properties":{"f":"GS","c":["Ganesh","Shiva","Shiva-Parvati"],"s":["w"],"n":7,"r":23,"h":3},"geometry":{"type":"Point","coordinates":[83.018919,25.315932]}},{"type":"Feature","properties":{"f":"GS","c":["Ganesh","Shiva","Shiva-Parvati"],"s":["w"],"n":8,"r":29,"h":3},"geometry":{"type":"Point","coordinates":[83.018875,25.315972]}},{"type":"Feature","properties":{"f":"S","c":["Shiva","Shiva-Parvati"],"s":["w"],"n":2,"r":30,"h":3},"geometry":{"type":"Point","coordinates":[83.018911,25.316013]}},{"type":"Feature","properties":{"f":"S","c":["Shiva","Shiva-Parvati"],"s":["w"],"n":2,"r":30,"h":3},"geometry":{"type":"Point","coordinates":[83.018903,25.316011]}},{"type":"Feature","properties":{"f":"S","c":["Shiva","Shiva family","Shiva-Parvati"],"s":["w"],"n":3,"r":26,"h":3,"nm":"U"},"geometry":{"type":"Point","coordinates":[83.018971,25.316007]}},{"type":"Feature","properties":{"f":"S","c":["Shiva","Shiva-Parvati"],"s":["w"],"n":2,"r":10,"h":3},"geometry":{"type":"Point","coordinates":[83.019195,25.315991]}},{"type":"Feature","properties":{"f":"S","c":["Shiva"],"s":["w"],"n":1,"r":21,"h":3},"geometry":{"type":"Point","coordinates":[83.018811,25.315826]}},{"type":"Feature","properties":{"f":"S","c":["Shiva"],"s":["w"],"n":1,"r":12,"h":3},"geometry":{"type":"Point","coordinates":[83.018869,25.315765]}},{"type":"Feature","properties":{"f":"D","c":["Devi"],"s":["w"],"n":0,"r":20,"h":3},"geometry":{"type":"Point","coordinates":[83.01866,25.315687]}},{"type":"Feature","properties":{"f":"S","c":["Shiva","Shiva-Parvati"],"s":["w"],"n":3,"r":20,"h":3},"geometry":{"type":"Point","coordinates":[83.018707,25.315727]}},{"type":"Feature","properties":{"f":"S","c":["Shiva","Shiva-Parvati"],"s":["w"],"n":2,"r":26,"h":3},"geometry":{"type":"Point","coordinates":[83.018542,25.315679]}},{"type":"Feature","properties":{"f":"S","c":["Shiva","Shiva-Parvati"],"s":["w"],"n":2,"r":15,"h":3},"geometry":{"type":"Point","coordinates":[83.018683,25.315656]}},{"type":"Feature","properties":{"f":"S","c":["Shiva","Shiva-Parvati"],"s":["w"],"n":2,"r":13,"h":3},"geometry":{"type":"Point","coordinates":[83.018793,25.315719]}},{"type":"Feature","properties":{"f":"S","c":["Shiva"],"s":["w"],"n":1,"r":12,"h":3},"geometry":{"type":"Point","coordinates":[83.01872,25.31564]}},{"type":"Feature","properties":{"f":"S","c":["Shiva","Shiva-Parvati"],"s":["w"],"n":7,"r":7,"h":3},"geometry":{"type":"Point","coordinates":[83.018722,25.315585]}},{"type":"Feature","properties":{"f":"S","c":["Shiva","Shiva family","Shiva-Parvati"],"s":["w"],"n":6,"r":3,"h":3},"geometry":{"type":"Point","coordinates":[83.018708,25.315527]}},{"type":"Feature","properties":{"f":"S","c":["Shiva","Shiva-Parvati"],"s":["w"],"n":2,"r":0,"h":3},"geometry":{"type":"Point","coordinates":[83.018942,25.315589]}},{"type":"Feature","properties":{"f":"S","c":["Shiva","Shiva family","Shiva-Parvati"],"s":["w"],"n":4,"r":11,"h":3},"geometry":{"type":"Point","coordinates":[83.018793,25.315689]}},{"type":"Feature","properties":{"f":"S","c":["Shiva","Shiva family","Shiva-Parvati"],"s":["w"],"n":5,"r":2,"h":3},"geometry":{"type":"Point","coordinates":[83.018665,25.31549]}},{"type":"Feature","properties":{"f":"S","c":["Shiva","Shiva family","Shiva-Parvati"],"s":["w"],"n":7,"r":5,"h":3},"geometry":{"type":"Point","coordinates":[83.018588,25.315464]}},{"type":"Feature","properties":{"f":"S","c":["Shiva-Parvati"],"s":["w"],"n":3,"r":13,"h":3},"geometry":{"type":"Point","coordinates":[83.018544,25.315526]}},{"type":"Feature","properties":{"f":"S","c":["Shiva","Shiva-Parvati"],"s":["w"],"n":9,"r":9,"h":3},"geometry":{"type":"Point","coordinates":[83.018468,25.315423]}},{"type":"Feature","properties":{"f":"S","c":["Shiva","Shiva-Parvati"],"s":["w"],"n":1,"r":10,"h":3},"geometry":{"type":"Point","coordinates":[83.018397,25.315387]}},{"type":"Feature","properties":{"f":"H","c":["Hanuman"],"s":["w"],"n":1,"r":15,"h":3},"geometry":{"type":"Point","coordinates":[83.018326,25.315368]}},{"type":"Feature","properties":{"f":"S","c":["Shiva","Shiva family","Shiva-Parvati"],"s":["w"],"n":1,"r":0,"h":3},"geometry":{"type":"Point","coordinates":[83.018478,25.315313]}},{"type":"Feature","properties":{"f":"S","c":["Shiva","Shiva-Parvati"],"s":["w"],"n":2,"r":11,"h":3},"geometry":{"type":"Point","coordinates":[83.01834,25.315279]}},{"type":"Feature","properties":{"f":"S","c":["Shiva","Shiva-Parvati"],"s":["w"],"n":4,"r":0,"h":3},"geometry":{"type":"Point","coordinates":[83.018462,25.315276]}},{"type":"Feature","properties":{"f":"S","c":["Shiva","Shiva-Parvati"],"s":["w"],"n":4,"r":10,"h":3},"geometry":{"type":"Point","coordinates":[83.018356,25.315305]}},{"type":"Feature","properties":{"f":"S","c":["Shiva","Shiva family","Shiva-Parvati"],"s":["w"],"n":6,"r":5,"h":3},"geometry":{"type":"Point","coordinates":[83.018392,25.315241]}},{"type":"Feature","properties":{"f":"S","c":["Shiva","Shiva-Parvati"],"s":["w"],"n":23,"r":0,"h":3},"geometry":{"type":"Point","coordinates":[83.018479,25.315244]}},{"type":"Feature","properties":{"f":"S","c":["Shiva","Shiva-Parvati"],"s":["w"],"n":3,"r":9,"h":3},"geometry":{"type":"Point","coordinates":[83.018343,25.315244]}},{"type":"Feature","properties":{"f":"S","c":["Shiva","Shiva-Parvati"],"s":["w"],"n":2,"r":5,"h":3},"geometry":{"type":"Point","coordinates":[83.018403,25.315285]}},{"type":"Feature","properties":{"f":"S","c":["Shiva","Shiva-Parvati"],"s":["w"],"n":3,"r":8,"h":3},"geometry":{"type":"Point","coordinates":[83.018362,25.31527]}},{"type":"Feature","properties":{"f":"G","c":["Ganesh"],"s":["w","fs"],"n":2,"r":2,"h":3},"geometry":{"type":"Point","coordinates":[83.018383,25.315176]}},{"type":"Feature","properties":{"f":"S","c":["Shiva","Shiva family","Shiva-Parvati"],"s":["w"],"n":2,"r":1,"h":3},"geometry":{"type":"Point","coordinates":[83.018356,25.315142]}},{"type":"Feature","properties":{"f":"S","c":["Shiva","Shiva family","Shiva-Parvati"],"s":["w"],"n":5,"r":9,"h":3},"geometry":{"type":"Point","coordinates":[83.018258,25.315153]}},{"type":"Feature","properties":{"f":"HS","c":["Hanuman","Shiva","Shiva-Parvati"],"s":["w"],"n":5,"r":0,"h":3},"geometry":{"type":"Point","coordinates":[83.018302,25.315072]}},{"type":"Feature","properties":{"f":"S","c":["Shiva","Shiva-Parvati"],"s":["w"],"n":1,"r":7,"h":3},"geometry":{"type":"Point","coordinates":[83.018265,25.315134]}},{"type":"Feature","properties":{"f":"D","c":["Devi","Local Maa"],"s":["w"],"n":1,"r":0,"h":3},"geometry":{"type":"Point","coordinates":[83.018436,25.315138]}},{"type":"Feature","properties":{"f":"S","c":["Shiva","Shiva-Parvati"],"s":["w"],"n":4,"r":6,"h":3},"geometry":{"type":"Point","coordinates":[83.018313,25.315165]}},{"type":"Feature","properties":{"f":"S","c":["Shiva","Shiva family","Shiva-Parvati"],"s":["w"],"n":4,"r":14,"h":3},"geometry":{"type":"Point","coordinates":[83.018238,25.315203]}},{"type":"Feature","properties":{"f":"S","c":["Shiva","Shiva-Parvati"],"s":["w"],"n":2,"r":9,"h":3},"geometry":{"type":"Point","coordinates":[83.018222,25.315131]}},{"type":"Feature","properties":{"f":"S","c":["Shiva","Shiva-Parvati"],"s":["w"],"n":2,"r":9,"h":3},"geometry":{"type":"Point","coordinates":[83.018239,25.315141]}},{"type":"Feature","properties":{"f":"S","c":["Shiva","Shiva-Parvati"],"s":["w"],"n":2,"r":14,"h":3},"geometry":{"type":"Point","coordinates":[83.018173,25.315149]}},{"type":"Feature","properties":{"f":"D","c":["Devi","Local Maa"],"s":["w"],"n":1,"r":0,"h":3},"geometry":{"type":"Point","coordinates":[83.018145,25.314954]}},{"type":"Feature","properties":{"f":"S","c":["Shiva","Shiva-Parvati"],"s":["w"],"n":3,"r":12,"h":3},"geometry":{"type":"Point","coordinates":[83.018122,25.315084]}},{"type":"Feature","properties":{"f":"S","c":["Shiva","Shiva-Parvati"],"s":["w"],"n":1,"r":18,"h":3},"geometry":{"type":"Point","coordinates":[83.018145,25.315177]}},{"type":"Feature","properties":{"f":"S","c":["Shiva","Shiva family","Shiva-Parvati"],"s":["w"],"n":25,"r":9,"h":3},"geometry":{"type":"Point","coordinates":[83.018078,25.315041]}},{"type":"Feature","properties":{"f":"S","c":["Shiva","Shiva family","Shiva-Parvati"],"s":["w"],"n":7,"r":4,"h":3},"geometry":{"type":"Point","coordinates":[83.018007,25.31497]}},{"type":"Feature","properties":{"f":"V","c":["Rama"],"s":["w"],"n":4,"r":26,"h":3,"nm":"Shri math Rama temple"},"geometry":{"type":"Point","coordinates":[83.018202,25.315349]}},{"type":"Feature","properties":{"f":"S","c":["Shiva"],"s":["fs","tt"],"n":1,"r":181,"h":0},"geometry":{"type":"Point","coordinates":[82.999676,25.333416]}},{"type":"Feature","properties":{"f":"OS","c":["Other","Shiva"],"s":["fs","tt","c"],"n":3,"r":482,"h":0},"geometry":{"type":"Point","coordinates":[83.002395,25.330815]}},{"type":"Feature","properties":{"f":"S","c":["Shiva"],"s":["t"],"n":1,"r":584,"h":0},"geometry":{"type":"Point","coordinates":[83.003207,25.330153]}},{"type":"Feature","properties":{"f":"S","c":["Shiva"],"s":["fs"],"n":1,"r":372,"h":0},"geometry":{"type":"Point","coordinates":[82.999848,25.329268]}},{"type":"Feature","properties":{"f":"H","c":["Hanuman"],"s":["fs"],"n":1,"r":434,"h":0},"geometry":{"type":"Point","coordinates":[83.000565,25.329072]}},{"type":"Feature","properties":{"f":"HS","c":["Hanuman","Shiva"],"s":["fs"],"n":2,"r":642,"h":0},"geometry":{"type":"Point","coordinates":[83.000733,25.326907]}},{"type":"Feature","properties":{"f":"OS","c":["Other","Shiva"],"s":["fs","t","c"],"n":4,"r":605,"h":0},"geometry":{"type":"Point","coordinates":[83.001548,25.327805]}},{"type":"Feature","properties":{"f":"S","c":["Shiva"],"s":["fs"],"n":1,"r":480,"h":0},"geometry":{"type":"Point","coordinates":[83.001464,25.329317]}},{"type":"Feature","properties":{"f":"O","c":["Other"],"s":["tt"],"n":1,"r":480,"h":0},"geometry":{"type":"Point","coordinates":[83.001448,25.329307]}},{"type":"Feature","properties":{"f":"HO","c":["Hanuman","Other"],"s":["fs"],"n":3,"r":456,"h":0},"geometry":{"type":"Point","coordinates":[83.001228,25.329401]}},{"type":"Feature","properties":{"f":"S","c":["Shiva"],"s":["fs"],"n":1,"r":538,"h":0},"geometry":{"type":"Point","coordinates":[83.004426,25.329076]}},{"type":"Feature","properties":{"f":"OS","c":["Other","Shiva"],"s":["w"],"n":2,"r":518,"h":0},"geometry":{"type":"Point","coordinates":[83.002899,25.331223]}},{"type":"Feature","properties":{"f":"OS","c":["Other","Shiva"],"s":["fs"],"n":2,"r":330,"h":0},"geometry":{"type":"Point","coordinates":[83.001039,25.333932]}},{"type":"Feature","properties":{"f":"GHS","c":["Ganesh","Hanuman","Shiva"],"s":["fs"],"n":4,"r":544,"h":0},"geometry":{"type":"Point","coordinates":[83.003284,25.333766]}},{"type":"Feature","properties":{"f":"OS","c":["Other","Shiva"],"s":["fs"],"n":2,"r":556,"h":0},"geometry":{"type":"Point","coordinates":[83.003278,25.334258]}},{"type":"Feature","properties":{"f":"H","c":["Hanuman"],"s":["w"],"n":1,"r":367,"h":0},"geometry":{"type":"Point","coordinates":[83.004832,25.326942]}},{"type":"Feature","properties":{"f":"V","c":["Rama"],"s":["t"],"n":1,"r":415,"h":0},"geometry":{"type":"Point","coordinates":[83.004197,25.326626]}},{"type":"Feature","properties":{"f":"S","c":["Shiva family"],"s":["t"],"n":3,"r":372,"h":0},"geometry":{"type":"Point","coordinates":[83.00469,25.326752]}},{"type":"Feature","properties":{"f":"S","c":["Shiva"],"s":["fs"],"n":1,"r":375,"h":0},"geometry":{"type":"Point","coordinates":[83.004692,25.326819]}},{"type":"Feature","properties":{"f":"S","c":["Shiva"],"s":["fs"],"n":1,"r":342,"h":0},"geometry":{"type":"Point","coordinates":[83.005045,25.326825]}},{"type":"Feature","properties":{"f":"HS","c":["Hanuman","Shiva"],"s":["tt"],"n":3,"r":271,"h":0},"geometry":{"type":"Point","coordinates":[83.006003,25.327067]}},{"type":"Feature","properties":{"f":"HS","c":["Hanuman","Shiva"],"s":["fs"],"n":2,"r":170,"h":0},"geometry":{"type":"Point","coordinates":[83.00746,25.326992]}},{"type":"Feature","properties":{"f":"S","c":["Shiva"],"s":["fs"],"n":5,"r":100,"h":0},"geometry":{"type":"Point","coordinates":[83.009103,25.326398]}},{"type":"Feature","properties":{"f":"H","c":["Hanuman"],"s":["w"],"n":1,"r":226,"h":0},"geometry":{"type":"Point","coordinates":[83.010878,25.325748]}},{"type":"Feature","properties":{"f":"S","c":["Shiva"],"s":["fs"],"n":1,"r":287,"h":3},"geometry":{"type":"Point","coordinates":[83.011149,25.326833]}},{"type":"Feature","properties":{"f":"H","c":["Hanuman"],"s":["tt"],"n":1,"r":360,"h":3},"geometry":{"type":"Point","coordinates":[83.011771,25.327173]}},{"type":"Feature","properties":{"f":"S","c":["Shiva"],"s":["fs"],"n":1,"r":358,"h":3},"geometry":{"type":"Point","coordinates":[83.011771,25.327138]}},{"type":"Feature","properties":{"f":"S","c":["Shiva"],"s":["fs"],"n":4,"r":356,"h":3},"geometry":{"type":"Point","coordinates":[83.011763,25.32711]}},{"type":"Feature","properties":{"f":"D","c":["Devi"],"s":["fs"],"n":2,"r":350,"h":3},"geometry":{"type":"Point","coordinates":[83.01172,25.327075]}},{"type":"Feature","properties":{"f":"H","c":["Hanuman"],"s":["fs"],"n":1,"r":352,"h":3},"geometry":{"type":"Point","coordinates":[83.01173,25.327086]}},{"type":"Feature","properties":{"f":"S","c":["Shiva family"],"s":["fs"],"n":4,"r":350,"h":3},"geometry":{"type":"Point","coordinates":[83.011712,25.327086]}},{"type":"Feature","properties":{"f":"OS","c":["Other","Shiva"],"s":["fs"],"n":3,"r":349,"h":3},"geometry":{"type":"Point","coordinates":[83.011706,25.327064]}},{"type":"Feature","properties":{"f":"S","c":["Shiva"],"s":["fs"],"n":1,"r":350,"h":3},"geometry":{"type":"Point","coordinates":[83.011726,25.327058]}},{"type":"Feature","properties":{"f":"OS","c":["Other","Shiva"],"s":["fs"],"n":4,"r":344,"h":3},"geometry":{"type":"Point","coordinates":[83.011648,25.327069]}},{"type":"Feature","properties":{"f":"S","c":["Shiva"],"s":["tt"],"n":1,"r":355,"h":3},"geometry":{"type":"Point","coordinates":[83.011797,25.327031]}},{"type":"Feature","properties":{"f":"H","c":["Hanuman"],"s":["fs"],"n":1,"r":426,"h":0},"geometry":{"type":"Point","coordinates":[83.01248,25.327221]}},{"type":"Feature","properties":{"f":"GHOS","c":["Ganesh","Hanuman","Other","Shiva"],"s":["fs","tt","c"],"n":8,"r":402,"h":2},"geometry":{"type":"Point","coordinates":[83.012504,25.326512]}},{"type":"Feature","properties":{"f":"S","c":["Shiva"],"s":["w"],"n":2,"r":391,"h":0},"geometry":{"type":"Point","coordinates":[83.012519,25.325552]}},{"type":"Feature","properties":{"f":"H","c":["Hanuman"],"s":["fs"],"n":1,"r":104,"h":0},"geometry":{"type":"Point","coordinates":[82.979778,25.310734]}},{"type":"Feature","properties":{"f":"OS","c":["Other","Shiva"],"s":["fs"],"n":2,"r":70,"h":0},"geometry":{"type":"Point","coordinates":[82.977577,25.312903]}},{"type":"Feature","properties":{"f":"S","c":["Shiva"],"s":["fs"],"n":1,"r":26,"h":0},"geometry":{"type":"Point","coordinates":[82.976619,25.312781]}},{"type":"Feature","properties":{"f":"HS","c":["Hanuman","Shiva"],"s":["fs"],"n":2,"r":54,"h":0},"geometry":{"type":"Point","coordinates":[82.976881,25.312872]}},{"type":"Feature","properties":{"f":"S","c":["Shiva"],"s":["fs"],"n":1,"r":64,"h":0},"geometry":{"type":"Point","coordinates":[82.97678,25.311755]}},{"type":"Feature","properties":{"f":"S","c":["Shiva"],"s":["t","ba"],"n":1,"r":143,"h":0},"geometry":{"type":"Point","coordinates":[82.976539,25.310876]}},{"type":"Feature","properties":{"f":"GHS","c":["Ganesh","Hanuman","Shiva family"],"s":["fs"],"n":5,"r":155,"h":0},"geometry":{"type":"Point","coordinates":[82.974972,25.310475]}},{"type":"Feature","properties":{"f":"S","c":["Shiva family"],"s":["fs"],"n":3,"r":212,"h":0},"geometry":{"type":"Point","coordinates":[82.976369,25.310097]}},{"type":"Feature","properties":{"f":"DH","c":["Devi","Hanuman"],"s":["fs","tt"],"n":3,"r":236,"h":0},"geometry":{"type":"Point","coordinates":[82.977759,25.310478]}},{"type":"Feature","properties":{"f":"H","c":["Hanuman"],"s":["ba"],"n":1,"r":335,"h":0},"geometry":{"type":"Point","coordinates":[82.979131,25.308367]}},{"type":"Feature","properties":{"f":"S","c":["Shiva"],"s":["fs","tt"],"n":2,"r":349,"h":0},"geometry":{"type":"Point","coordinates":[82.980167,25.307619]}},{"type":"Feature","properties":{"f":"HS","c":["Hanuman","Shiva"],"s":["fs"],"n":2,"r":369,"h":0},"geometry":{"type":"Point","coordinates":[82.980782,25.307277]}},{"type":"Feature","properties":{"f":"FHS","c":["Hanuman","Shiva","Village deity"],"s":["t","tt"],"n":8,"r":405,"h":0},"geometry":{"type":"Point","coordinates":[82.994532,25.326071]}},{"type":"Feature","properties":{"f":"HS","c":["Hanuman","Shiva"],"s":["w"],"n":2,"r":179,"h":0},"geometry":{"type":"Point","coordinates":[82.99476,25.324025]}},{"type":"Feature","properties":{"f":"H","c":["Hanuman"],"s":["fs","t"],"n":1,"r":233,"h":0},"geometry":{"type":"Point","coordinates":[82.998197,25.323863]}},{"type":"Feature","properties":{"f":"S","c":["Shiva"],"s":["t","tt"],"n":1,"r":233,"h":0},"geometry":{"type":"Point","coordinates":[82.998159,25.323891]}},{"type":"Feature","properties":{"f":"H","c":["Hanuman"],"s":["fs","t"],"n":1,"r":217,"h":0},"geometry":{"type":"Point","coordinates":[82.998227,25.323624]}},{"type":"Feature","properties":{"f":"S","c":["Shiva","Shiva family","Shiva-Parvati"],"s":["w"],"n":2,"r":299,"h":3},"geometry":{"type":"Point","coordinates":[83.014999,25.316962]}},{"type":"Feature","properties":{"f":"F","c":["Bir Baba"],"s":["fs"],"n":1,"r":239,"h":0,"nm":"Narva vir baba"},"geometry":{"type":"Point","coordinates":[83.012509,25.317804]}},{"type":"Feature","properties":{"f":"S","c":["Shiva family","Shiva-Parvati"],"s":["tt"],"n":0,"r":245,"h":3},"geometry":{"type":"Point","coordinates":[83.014774,25.317418]}},{"type":"Feature","properties":{"f":"S","c":["Shiva-Parvati"],"s":["w"],"n":1,"r":216,"h":3},"geometry":{"type":"Point","coordinates":[83.01502,25.317733]}},{"type":"Feature","properties":{"f":"S","c":["Shiva","Shiva-Parvati"],"s":["w"],"n":2,"r":216,"h":3},"geometry":{"type":"Point","coordinates":[83.015415,25.317845]}},{"type":"Feature","properties":{"f":"H","c":["Hanuman"],"s":["w"],"n":1,"r":214,"h":3,"nm":"Bal rup hanuman mandir"},"geometry":{"type":"Point","coordinates":[83.015394,25.317853]}},{"type":"Feature","properties":{"f":"S","c":["Shiva","Shiva-Parvati"],"s":["w"],"n":4,"r":198,"h":3},"geometry":{"type":"Point","coordinates":[83.015375,25.318001]}},{"type":"Feature","properties":{"f":"D","c":["Devi","Local Maa"],"s":["w"],"n":2,"r":211,"h":3},"geometry":{"type":"Point","coordinates":[83.015495,25.317924]}},{"type":"Feature","properties":{"f":"S","c":["Shiva","Shiva-Parvati"],"s":["w"],"n":2,"r":230,"h":3},"geometry":{"type":"Point","coordinates":[83.015803,25.317872]}},{"type":"Feature","properties":{"f":"G","c":["Ganesh"],"s":["w"],"n":1,"r":218,"h":3},"geometry":{"type":"Point","coordinates":[83.01603,25.318156]}},{"type":"Feature","properties":{"f":"H","c":["Hanuman"],"s":["w"],"n":1,"r":218,"h":3},"geometry":{"type":"Point","coordinates":[83.016014,25.318143]}},{"type":"Feature","properties":{"f":"S","c":["Shiva","Shiva-Parvati"],"s":["w"],"n":1,"r":228,"h":3},"geometry":{"type":"Point","coordinates":[83.016038,25.318044]}},{"type":"Feature","properties":{"f":"H","c":["Hanuman"],"s":["w"],"n":1,"r":249,"h":3},"geometry":{"type":"Point","coordinates":[83.016062,25.317829]}},{"type":"Feature","properties":{"f":"S","c":["Shiva","Shiva-Parvati"],"s":["fs"],"n":1,"r":243,"h":3},"geometry":{"type":"Point","coordinates":[83.016079,25.317907]}},{"type":"Feature","properties":{"f":"S","c":["Shiva","Shiva-Parvati"],"s":["c"],"n":1,"r":242,"h":3},"geometry":{"type":"Point","coordinates":[83.015972,25.317852]}},{"type":"Feature","properties":{"f":"S","c":["Shiva","Shiva-Parvati"],"s":["c"],"n":1,"r":254,"h":3},"geometry":{"type":"Point","coordinates":[83.016039,25.31776]}},{"type":"Feature","properties":{"f":"V","c":["Rama"],"s":["fs"],"n":4,"r":250,"h":3},"geometry":{"type":"Point","coordinates":[83.015944,25.317749]}},{"type":"Feature","properties":{"f":"H","c":["Hanuman"],"s":["w","fs"],"n":2,"r":227,"h":3},"geometry":{"type":"Point","coordinates":[83.015954,25.318004]}},{"type":"Feature","properties":{"f":"S","c":["Shiva","Shiva-Parvati"],"s":["w"],"n":2,"r":261,"h":3},"geometry":{"type":"Point","coordinates":[83.015974,25.317648]}},{"type":"Feature","properties":{"f":"G","c":["Ganesh"],"s":["w"],"n":1,"r":251,"h":3},"geometry":{"type":"Point","coordinates":[83.015757,25.31764]}},{"type":"Feature","properties":{"f":"D","c":["Sitala Maa"],"s":["w"],"n":2,"r":254,"h":3},"geometry":{"type":"Point","coordinates":[83.015659,25.317559]}},{"type":"Feature","properties":{"f":"S","c":["Shiva","Shiva-Parvati"],"s":["w"],"n":2,"r":279,"h":3},"geometry":{"type":"Point","coordinates":[83.016037,25.317494]}},{"type":"Feature","properties":{"f":"S","c":["Shiva","Shiva-Parvati"],"s":["w"],"n":1,"r":279,"h":3},"geometry":{"type":"Point","coordinates":[83.016018,25.317477]}},{"type":"Feature","properties":{"f":"S","c":["Shiva","Shiva-Parvati"],"s":["w"],"n":1,"r":275,"h":3},"geometry":{"type":"Point","coordinates":[83.016012,25.317514]}},{"type":"Feature","properties":{"f":"S","c":["Shiva","Shiva-Parvati"],"s":["w"],"n":1,"r":282,"h":3},"geometry":{"type":"Point","coordinates":[83.015902,25.31739]}},{"type":"Feature","properties":{"f":"S","c":["Shiva","Shiva-Parvati"],"s":["w"],"n":1,"r":260,"h":3},"geometry":{"type":"Point","coordinates":[83.016012,25.317675]}},{"type":"Feature","properties":{"f":"S","c":["Shiva"],"s":["c"],"n":1,"r":249,"h":3},"geometry":{"type":"Point","coordinates":[83.015933,25.317745]}},{"type":"Feature","properties":{"f":"S","c":["Shiva","Shiva-Parvati"],"s":["w"],"n":1,"r":253,"h":3},"geometry":{"type":"Point","coordinates":[83.015946,25.317712]}},{"type":"Feature","properties":{"f":"S","c":["Shiva","Shiva-Parvati"],"s":["c"],"n":1,"r":260,"h":3},"geometry":{"type":"Point","coordinates":[83.016067,25.317713]}},{"type":"Feature","properties":{"f":"S","c":["Shiva","Shiva-Parvati"],"s":["w"],"n":1,"r":264,"h":3},"geometry":{"type":"Point","coordinates":[83.016022,25.31764]}},{"type":"Feature","properties":{"f":"S","c":["Shiva","Shiva-Parvati"],"s":["w"],"n":1,"r":283,"h":3},"geometry":{"type":"Point","coordinates":[83.016081,25.317474]}},{"type":"Feature","properties":{"f":"S","c":["Shiva","Shiva-Parvati"],"s":["fs"],"n":1,"r":277,"h":3},"geometry":{"type":"Point","coordinates":[83.016075,25.31753]}},{"type":"Feature","properties":{"f":"S","c":["Shiva","Shiva-Parvati"],"s":["w"],"n":1,"r":280,"h":3},"geometry":{"type":"Point","coordinates":[83.016101,25.317516]}},{"type":"Feature","properties":{"f":"S","c":["Shiva","Shiva-Parvati"],"s":["fs"],"n":2,"r":291,"h":3,"nm":"Nawgraheshwar mahadev"},"geometry":{"type":"Point","coordinates":[83.016219,25.317468]}},{"type":"Feature","properties":{"f":"S","c":["Shiva","Shiva-Parvati"],"s":["w"],"n":5,"r":290,"h":3,"nm":"Shri dandpani bhairaw Ji maharaj"},"geometry":{"type":"Point","coordinates":[83.016271,25.317512]}},{"type":"Feature","properties":{"f":"S","c":["Shiva","Shiva-Parvati"],"s":["w"],"n":1,"r":262,"h":3},"geometry":{"type":"Point","coordinates":[83.016108,25.317717]}},{"type":"Feature","properties":{"f":"S","c":["Shiva","Shiva-Parvati"],"s":["w"],"n":1,"r":289,"h":3},"geometry":{"type":"Point","coordinates":[83.016254,25.317507]}},{"type":"Feature","properties":{"f":"S","c":["Shiva","Shiva family","Shiva-Parvati"],"s":["fs"],"n":4,"r":299,"h":3},"geometry":{"type":"Point","coordinates":[83.016389,25.317243]}},{"type":"Feature","properties":{"f":"H","c":["Hanuman"],"s":["w"],"n":1,"r":288,"h":3},"geometry":{"type":"Point","coordinates":[83.016224,25.317021]}},{"type":"Feature","properties":{"f":"S","c":["Shiva","Shiva-Parvati"],"s":["w"],"n":1,"r":171,"h":3},"geometry":{"type":"Point","coordinates":[83.01643,25.315891]}},{"type":"Feature","properties":{"f":"S","c":["Shiva","Shiva-Parvati"],"s":["fs"],"n":2,"r":166,"h":3},"geometry":{"type":"Point","coordinates":[83.016368,25.315796]}},{"type":"Feature","properties":{"f":"S","c":["Shiva","Shiva-Parvati"],"s":["fs"],"n":3,"r":183,"h":3},"geometry":{"type":"Point","coordinates":[83.016127,25.315818]}},{"type":"Feature","properties":{"f":"S","c":["Shiva","Shiva-Parvati"],"s":["w"],"n":1,"r":4,"h":3},"geometry":{"type":"Point","coordinates":[83.018924,25.315704]}},{"type":"Feature","properties":{"f":"H","c":["Hanuman"],"s":["w"],"n":1,"r":5,"h":3},"geometry":{"type":"Point","coordinates":[83.018509,25.315411]}},{"type":"Feature","properties":{"f":"S","c":["Shiva","Shiva family","Shiva-Parvati"],"s":["w"],"n":5,"r":16,"h":3},"geometry":{"type":"Point","coordinates":[83.018373,25.315438]}},{"type":"Feature","properties":{"f":"S","c":["Shiva","Shiva-Parvati"],"s":["tt"],"n":1,"r":22,"h":3},"geometry":{"type":"Point","coordinates":[83.018279,25.315429]}},{"type":"Feature","properties":{"f":"S","c":["Shiva","Shiva-Parvati"],"s":["w"],"n":1,"r":30,"h":3},"geometry":{"type":"Point","coordinates":[83.018313,25.315556]}},{"type":"Feature","properties":{"f":"GHS","c":["Ganesh","Hanuman","Shiva"],"s":["c"],"n":3,"r":14,"h":3},"geometry":{"type":"Point","coordinates":[83.018387,25.315424]}},{"type":"Feature","properties":{"f":"S","c":["Shiva","Shiva-Parvati"],"s":["c"],"n":2,"r":13,"h":3},"geometry":{"type":"Point","coordinates":[83.018344,25.315367]}},{"type":"Feature","properties":{"f":"S","c":["Shiva","Shiva-Parvati"],"s":["w"],"n":3,"r":21,"h":3},"geometry":{"type":"Point","coordinates":[83.018347,25.315477]}},{"type":"Feature","properties":{"f":"S","c":["Shiva","Shiva-Parvati"],"s":["c"],"n":1,"r":29,"h":3},"geometry":{"type":"Point","coordinates":[83.018314,25.315545]}},{"type":"Feature","properties":{"f":"S","c":["Shiva"],"s":["c"],"n":1,"r":41,"h":3},"geometry":{"type":"Point","coordinates":[83.018247,25.315638]}},{"type":"Feature","properties":{"f":"S","c":["Shiva","Shiva family"],"s":["w"],"n":4,"r":0,"h":0},"geometry":{"type":"Point","coordinates":[83.010294,25.301489]}},{"type":"Feature","properties":{"f":"S","c":["Shiva","Shiva-Parvati"],"s":["w"],"n":5,"r":27,"h":3},"geometry":{"type":"Point","coordinates":[83.018389,25.31557]}},{"type":"Feature","properties":{"f":"S","c":["Shiva","Shiva-Parvati"],"s":["w"],"n":4,"r":21,"h":3},"geometry":{"type":"Point","coordinates":[83.018451,25.315547]}},{"type":"Feature","properties":{"f":"S","c":["Shiva","Shiva-Parvati"],"s":["w"],"n":5,"r":0,"h":3},"geometry":{"type":"Point","coordinates":[83.018542,25.31531]}},{"type":"Feature","properties":{"f":"S","c":["Shiva","Shiva-Parvati"],"s":["w"],"n":6,"r":0,"h":3},"geometry":{"type":"Point","coordinates":[83.018553,25.315385]}},{"type":"Feature","properties":{"f":"S","c":["Shiva","Shiva-Parvati"],"s":["w"],"n":3,"r":3,"h":3},"geometry":{"type":"Point","coordinates":[83.018511,25.315382]}},{"type":"Feature","properties":{"f":"S","c":["Shiva","Shiva-Parvati"],"s":["w"],"n":4,"r":2,"h":3},"geometry":{"type":"Point","coordinates":[83.018488,25.315359]}},{"type":"Feature","properties":{"f":"S","c":["Shiva","Shiva-Parvati"],"s":["w","t"],"n":2,"r":1,"h":3},"geometry":{"type":"Point","coordinates":[83.018446,25.315302]}},{"type":"Feature","properties":{"f":"S","c":["Shiva","Shiva-Parvati"],"s":["w"],"n":4,"r":1,"h":3},"geometry":{"type":"Point","coordinates":[83.018449,25.315305]}},{"type":"Feature","properties":{"f":"S","c":["Shiva","Shiva family","Shiva-Parvati"],"s":["w"],"n":3,"r":16,"h":3},"geometry":{"type":"Point","coordinates":[83.018315,25.315359]}},{"type":"Feature","properties":{"f":"S","c":["Shiva","Shiva-Parvati"],"s":["w"],"n":2,"r":0,"h":3},"geometry":{"type":"Point","coordinates":[83.018485,25.315262]}},{"type":"Feature","properties":{"f":"S","c":["Shiva","Shiva-Parvati"],"s":["w"],"n":4,"r":2,"h":3},"geometry":{"type":"Point","coordinates":[83.01843,25.315282]}},{"type":"Feature","properties":{"f":"S","c":["Shiva","Shiva-Parvati"],"s":["w"],"n":2,"r":0,"h":3},"geometry":{"type":"Point","coordinates":[83.018444,25.315082]}},{"type":"Feature","properties":{"f":"S","c":["Shiva"],"s":["w"],"n":1,"r":0,"h":3},"geometry":{"type":"Point","coordinates":[83.018434,25.315088]}},{"type":"Feature","properties":{"f":"S","c":["Shiva"],"s":["w"],"n":5,"r":0,"h":3},"geometry":{"type":"Point","coordinates":[83.018326,25.315066]}},{"type":"Feature","properties":{"f":"S","c":["Shiva","Shiva-Parvati"],"s":["w"],"n":7,"r":8,"h":3},"geometry":{"type":"Point","coordinates":[83.018219,25.315113]}},{"type":"Feature","properties":{"f":"G","c":["Ganesh"],"s":["w"],"n":2,"r":7,"h":3},"geometry":{"type":"Point","coordinates":[83.01816,25.315049]}},{"type":"Feature","properties":{"f":"S","c":["Shiva","Shiva-Parvati"],"s":["w"],"n":4,"r":2,"h":3},"geometry":{"type":"Point","coordinates":[83.01815,25.314997]}},{"type":"Feature","properties":{"f":"S","c":["Shiva","Shiva-Parvati"],"s":["w"],"n":4,"r":5,"h":3},"geometry":{"type":"Point","coordinates":[83.018068,25.315005]}},{"type":"Feature","properties":{"f":"S","c":["Shiva"],"s":["w"],"n":5,"r":8,"h":3},"geometry":{"type":"Point","coordinates":[83.018015,25.315018]}},{"type":"Feature","properties":{"f":"S","c":["Shiva","Shiva-Parvati"],"s":["w"],"n":2,"r":6,"h":3},"geometry":{"type":"Point","coordinates":[83.017947,25.314976]}},{"type":"Feature","properties":{"f":"S","c":["Shiva","Shiva-Parvati"],"s":["w"],"n":2,"r":6,"h":3},"geometry":{"type":"Point","coordinates":[83.01793,25.314968]}},{"type":"Feature","properties":{"f":"S","c":["Shiva","Shiva-Parvati"],"s":["w"],"n":4,"r":5,"h":3},"geometry":{"type":"Point","coordinates":[83.017966,25.31497]}},{"type":"Feature","properties":{"f":"S","c":["Shiva"],"s":["w"],"n":1,"r":2,"h":3},"geometry":{"type":"Point","coordinates":[83.017955,25.314935]}},{"type":"Feature","properties":{"f":"S","c":["Shiva","Shiva-Parvati"],"s":["w"],"n":4,"r":14,"h":3},"geometry":{"type":"Point","coordinates":[83.017823,25.315009]}},{"type":"Feature","properties":{"f":"S","c":["Shiva","Shiva-Parvati"],"s":["w"],"n":1,"r":2,"h":3},"geometry":{"type":"Point","coordinates":[83.017916,25.314925]}},{"type":"Feature","properties":{"f":"S","c":["Shiva","Shiva-Parvati"],"s":["w"],"n":6,"r":6,"h":3},"geometry":{"type":"Point","coordinates":[83.017902,25.314956]}},{"type":"Feature","properties":{"f":"S","c":["Shiva","Shiva-Parvati"],"s":["w"],"n":7,"r":4,"h":3},"geometry":{"type":"Point","coordinates":[83.017838,25.314911]}},{"type":"Feature","properties":{"f":"S","c":["Shiva","Shiva-Parvati"],"s":["w"],"n":2,"r":8,"h":3},"geometry":{"type":"Point","coordinates":[83.017797,25.314933]}},{"type":"Feature","properties":{"f":"S","c":["Shiva","Shiva-Parvati"],"s":["w"],"n":6,"r":0,"h":3},"geometry":{"type":"Point","coordinates":[83.017981,25.31491]}},{"type":"Feature","properties":{"f":"S","c":["Shiva","Shiva family","Shiva-Parvati"],"s":["w"],"n":6,"r":9,"h":3},"geometry":{"type":"Point","coordinates":[83.018151,25.315066]}},{"type":"Feature","properties":{"f":"S","c":["Shiva","Shiva-Parvati"],"s":["w"],"n":2,"r":10,"h":3},"geometry":{"type":"Point","coordinates":[83.018336,25.315245]}},{"type":"Feature","properties":{"f":"S","c":["Shiva","Shiva-Parvati"],"s":["w"],"n":2,"r":6,"h":3},"geometry":{"type":"Point","coordinates":[83.018332,25.31518]}},{"type":"Feature","properties":{"f":"S","c":["Shiva","Shiva-Parvati"],"s":["w"],"n":6,"r":7,"h":3},"geometry":{"type":"Point","coordinates":[83.018291,25.315162]}},{"type":"Feature","properties":{"f":"S","c":["Shiva","Shiva-Parvati"],"s":["w"],"n":10,"r":24,"h":3},"geometry":{"type":"Point","coordinates":[83.018218,25.315316]}},{"type":"Feature","properties":{"f":"S","c":["Shiva","Shiva-Parvati"],"s":["w"],"n":1,"r":17,"h":3},"geometry":{"type":"Point","coordinates":[83.018218,25.315221]}},{"type":"Feature","properties":{"f":"S","c":["Shiva","Shiva-Parvati"],"s":["w"],"n":3,"r":8,"h":3},"geometry":{"type":"Point","coordinates":[83.018293,25.315169]}},{"type":"Feature","properties":{"f":"S","c":["Shiva"],"s":["w"],"n":1,"r":2,"h":3},"geometry":{"type":"Point","coordinates":[83.018462,25.315336]}},{"type":"Feature","properties":{"f":"H","c":["Hanuman"],"s":["w"],"n":5,"r":274,"h":3},"geometry":{"type":"Point","coordinates":[83.014475,25.315085]}},{"type":"Feature","properties":{"f":"S","c":["Shiva","Shiva-Parvati"],"s":["w"],"n":2,"r":220,"h":3},"geometry":{"type":"Point","coordinates":[83.016391,25.318493]}},{"type":"Feature","properties":{"f":"H","c":["Hanuman"],"s":["w"],"n":1,"r":250,"h":3},"geometry":{"type":"Point","coordinates":[83.016703,25.31842]}},{"type":"Feature","properties":{"f":"S","c":["Shiva","Shiva-Parvati"],"s":["fs"],"n":3,"r":320,"h":3},"geometry":{"type":"Point","coordinates":[83.01765,25.318778]}},{"type":"Feature","properties":{"f":"V","c":["Krishna"],"s":["fs"],"n":1,"r":317,"h":3},"geometry":{"type":"Point","coordinates":[83.017641,25.318855]}},{"type":"Feature","properties":{"f":"V","c":["Krishna"],"s":["c"],"n":1,"r":317,"h":3,"nm":"Shri Krishna vishram sathali"},"geometry":{"type":"Point","coordinates":[83.017622,25.3188]}},{"type":"Feature","properties":{"f":"S","c":["Shiva","Shiva-Parvati"],"s":["w"],"n":2,"r":0,"h":0},"geometry":{"type":"Point","coordinates":[83.021461,25.315528]}},{"type":"Feature","properties":{"f":"S","c":["Shiva","Shiva-Parvati"],"s":["w","fs"],"n":1,"r":336,"h":3},"geometry":{"type":"Point","coordinates":[83.017889,25.318888]}},{"type":"Feature","properties":{"f":"G","c":["Ganesh"],"s":["w"],"n":1,"r":293,"h":3},"geometry":{"type":"Point","coordinates":[83.018402,25.318846]}},{"type":"Feature","properties":{"f":"H","c":["Hanuman"],"s":["w"],"n":1,"r":289,"h":3},"geometry":{"type":"Point","coordinates":[83.018446,25.318839]}},{"type":"Feature","properties":{"f":"G","c":["Ganesh"],"s":["w"],"n":1,"r":265,"h":3},"geometry":{"type":"Point","coordinates":[83.018801,25.318861]}},{"type":"Feature","properties":{"f":"S","c":["Shiva","Shiva family","Shiva-Parvati"],"s":["fs"],"n":3,"r":197,"h":3},"geometry":{"type":"Point","coordinates":[83.01947,25.319297]}},{"type":"Feature","properties":{"f":"S","c":["Shiva","Shiva-Parvati"],"s":["fs"],"n":2,"r":162,"h":3},"geometry":{"type":"Point","coordinates":[83.020485,25.31903]}},{"type":"Feature","properties":{"f":"F","c":["Bir Baba"],"s":["w"],"n":1,"r":0,"h":0,"nm":"Shri bale bir baba"},"geometry":{"type":"Point","coordinates":[83.021911,25.317285]}},{"type":"Feature","properties":{"f":"H","c":["Hanuman"],"s":["fs","w"],"n":1,"r":113,"h":3},"geometry":{"type":"Point","coordinates":[83.022277,25.319275]}},{"type":"Feature","properties":{"f":"S","c":["Shiva","Shiva-Parvati"],"s":["w"],"n":1,"r":136,"h":3},"geometry":{"type":"Point","coordinates":[83.022332,25.319548]}},{"type":"Feature","properties":{"f":"V","c":["Krishna"],"s":["w"],"n":1,"r":129,"h":3},"geometry":{"type":"Point","coordinates":[83.022304,25.319639]}},{"type":"Feature","properties":{"f":"S","c":["Shiva","Shiva-Parvati"],"s":["fs"],"n":1,"r":85,"h":3},"geometry":{"type":"Point","coordinates":[83.023158,25.31945]}},{"type":"Feature","properties":{"f":"S","c":["Shiva","Shiva-Parvati"],"s":["fs"],"n":1,"r":87,"h":3,"nm":"Chandaneshwar mahadev"},"geometry":{"type":"Point","coordinates":[83.023226,25.319509]}},{"type":"Feature","properties":{"f":"O","c":["Other"],"s":["w"],"n":1,"r":43,"h":3},"geometry":{"type":"Point","coordinates":[83.023309,25.319094]}},{"type":"Feature","properties":{"f":"OS","c":["Other","Shiva","Shiva-Parvati"],"s":["w"],"n":6,"r":42,"h":3},"geometry":{"type":"Point","coordinates":[83.023362,25.319103]}},{"type":"Feature","properties":{"f":"S","c":["Shiva","Shiva-Parvati"],"s":["w"],"n":1,"r":30,"h":3},"geometry":{"type":"Point","coordinates":[83.023334,25.318966]}},{"type":"Feature","properties":{"f":"S","c":["Shiva","Shiva family","Shiva-Parvati"],"s":["w"],"n":6,"r":3,"h":3,"nm":"Mankameshwar and takeshwar mahadev"},"geometry":{"type":"Point","coordinates":[83.023489,25.318768]}},{"type":"Feature","properties":{"f":"S","c":["Shiva","Shiva family","Shiva-Parvati"],"s":["fs"],"n":3,"r":6,"h":3,"nm":"Hrinyagarbheshwar mahadev"},"geometry":{"type":"Point","coordinates":[83.023591,25.318845]}},{"type":"Feature","properties":{"f":"S","c":["Shiva","Shiva family"],"s":["fs"],"n":16,"r":8,"h":3},"geometry":{"type":"Point","coordinates":[83.022345,25.318188]}},{"type":"Feature","properties":{"f":"S","c":["Shiva-Parvati"],"s":["w"],"n":2,"r":9,"h":3},"geometry":{"type":"Point","coordinates":[83.020451,25.316938]}},{"type":"Feature","properties":{"f":"H","c":["Hanuman"],"s":["w"],"n":1,"r":13,"h":3},"geometry":{"type":"Point","coordinates":[83.020261,25.316703]}},{"type":"Feature","properties":{"f":"S","c":["Shiva"],"s":["w"],"n":1,"r":2,"h":3},"geometry":{"type":"Point","coordinates":[83.020386,25.316712]}},{"type":"Feature","properties":{"f":"S","c":["Shiva","Shiva-Parvati"],"s":["w"],"n":2,"r":0,"h":3},"geometry":{"type":"Point","coordinates":[83.020365,25.316637]}},{"type":"Feature","properties":{"f":"S","c":["Shiva","Shiva family","Shiva-Parvati"],"s":["w"],"n":5,"r":3,"h":3},"geometry":{"type":"Point","coordinates":[83.020354,25.316677]}},{"type":"Feature","properties":{"f":"S","c":["Shiva","Shiva family","Shiva-Parvati"],"s":["w"],"n":3,"r":9,"h":3},"geometry":{"type":"Point","coordinates":[83.020379,25.316822]}},{"type":"Feature","properties":{"f":"O","c":["Other"],"s":["w"],"n":1,"r":13,"h":3},"geometry":{"type":"Point","coordinates":[83.020351,25.316855]}},{"type":"Feature","properties":{"f":"S","c":["Shiva","Shiva-Parvati"],"s":["w"],"n":2,"r":11,"h":3},"geometry":{"type":"Point","coordinates":[83.020347,25.316809]}},{"type":"Feature","properties":{"f":"S","c":["Shiva","Shiva-Parvati"],"s":["w"],"n":2,"r":17,"h":3},"geometry":{"type":"Point","coordinates":[83.020338,25.316911]}},{"type":"Feature","properties":{"f":"H","c":["Hanuman"],"s":["w"],"n":1,"r":13,"h":3},"geometry":{"type":"Point","coordinates":[83.020351,25.316854]}},{"type":"Feature","properties":{"f":"S","c":["Shiva"],"s":["w"],"n":1,"r":19,"h":3},"geometry":{"type":"Point","coordinates":[83.020299,25.316878]}},{"type":"Feature","properties":{"f":"S","c":["Shiva"],"s":["w"],"n":1,"r":12,"h":3},"geometry":{"type":"Point","coordinates":[83.020343,25.316827]}},{"type":"Feature","properties":{"f":"S","c":["Shiva"],"s":["w"],"n":1,"r":18,"h":3},"geometry":{"type":"Point","coordinates":[83.020267,25.316811]}},{"type":"Feature","properties":{"f":"S","c":["Shiva"],"s":["w"],"n":1,"r":26,"h":3},"geometry":{"type":"Point","coordinates":[83.020191,25.316842]}},{"type":"Feature","properties":{"f":"S","c":["Shiva"],"s":["w"],"n":1,"r":21,"h":3},"geometry":{"type":"Point","coordinates":[83.020263,25.316849]}},{"type":"Feature","properties":{"f":"S","c":["Shiva"],"s":["w"],"n":1,"r":25,"h":3},"geometry":{"type":"Point","coordinates":[83.020245,25.316899]}},{"type":"Feature","properties":{"f":"S","c":["Shiva","Shiva-Parvati"],"s":["w"],"n":2,"r":27,"h":3},"geometry":{"type":"Point","coordinates":[83.020219,25.316898]}},{"type":"Feature","properties":{"f":"S","c":["Shiva"],"s":["w"],"n":1,"r":13,"h":3},"geometry":{"type":"Point","coordinates":[83.020328,25.316811]}},{"type":"Feature","properties":{"f":"S","c":["Shiva-Parvati"],"s":["fs"],"n":2,"r":14,"h":3},"geometry":{"type":"Point","coordinates":[83.020322,25.316814]}},{"type":"Feature","properties":{"f":"S","c":["Shiva","Shiva-Parvati"],"s":["fs"],"n":3,"r":12,"h":3},"geometry":{"type":"Point","coordinates":[83.020342,25.316824]}},{"type":"Feature","properties":{"f":"S","c":["Shiva","Shiva-Parvati"],"s":["w"],"n":4,"r":32,"h":3},"geometry":{"type":"Point","coordinates":[83.020192,25.316941]}},{"type":"Feature","properties":{"f":"S","c":["Shiva","Shiva family","Shiva-Parvati"],"s":["w"],"n":5,"r":26,"h":3},"geometry":{"type":"Point","coordinates":[83.020291,25.316984]}},{"type":"Feature","properties":{"f":"S","c":["Shiva","Shiva family","Shiva-Parvati"],"s":["w"],"n":3,"r":62,"h":3},"geometry":{"type":"Point","coordinates":[83.019911,25.317041]}},{"type":"Feature","properties":{"f":"S","c":["Shiva"],"s":["w"],"n":1,"r":75,"h":3},"geometry":{"type":"Point","coordinates":[83.019762,25.317041]}},{"type":"Feature","properties":{"f":"G","c":["Ganesh"],"s":["w"],"n":1,"r":66,"h":3},"geometry":{"type":"Point","coordinates":[83.019861,25.31704]}},{"type":"Feature","properties":{"f":"S","c":["Shiva","Shiva-Parvati"],"s":["w"],"n":2,"r":49,"h":3},"geometry":{"type":"Point","coordinates":[83.020005,25.316951]}},{"type":"Feature","properties":{"f":"H","c":["Hanuman"],"s":["fs"],"n":1,"r":32,"h":3},"geometry":{"type":"Point","coordinates":[83.020234,25.317002]}},{"type":"Feature","properties":{"f":"S","c":["Shiva"],"s":["w"],"n":1,"r":32,"h":3},"geometry":{"type":"Point","coordinates":[83.020264,25.317054]}},{"type":"Feature","properties":{"f":"S","c":["Shiva"],"s":["w"],"n":1,"r":53,"h":3},"geometry":{"type":"Point","coordinates":[83.020056,25.317113]}},{"type":"Feature","properties":{"f":"F","c":["Bir Baba"],"s":["c"],"n":1,"r":63,"h":3},"geometry":{"type":"Point","coordinates":[83.019952,25.317126]}},{"type":"Feature","properties":{"f":"HS","c":["Hanuman","Shiva","Shiva-Parvati"],"s":["fs"],"n":5,"r":58,"h":3},"geometry":{"type":"Point","coordinates":[83.019973,25.317063]}},{"type":"Feature","properties":{"f":"HS","c":["Hanuman","Shiva","Shiva-Parvati"],"s":["fs"],"n":4,"r":50,"h":3},"geometry":{"type":"Point","coordinates":[83.019866,25.316799]}},{"type":"Feature","properties":{"f":"HS","c":["Hanuman","Shiva-Parvati"],"s":["fs"],"n":3,"r":73,"h":3},"geometry":{"type":"Point","coordinates":[83.019589,25.316859]}},{"type":"Feature","properties":{"f":"HS","c":["Hanuman","Shiva"],"s":["w"],"n":1,"r":81,"h":3},"geometry":{"type":"Point","coordinates":[83.01936,25.316831]}},{"type":"Feature","properties":{"f":"H","c":["Hanuman"],"s":["w"],"n":2,"r":87,"h":3},"geometry":{"type":"Point","coordinates":[83.019423,25.31693]}},{"type":"Feature","properties":{"f":"S","c":["Shiva","Shiva-Parvati"],"s":["w"],"n":2,"r":49,"h":3},"geometry":{"type":"Point","coordinates":[83.0201,25.317107]}},{"type":"Feature","properties":{"f":"D","c":["Devi","Local Maa"],"s":["w"],"n":1,"r":84,"h":3},"geometry":{"type":"Point","coordinates":[83.019768,25.317212]}},{"type":"Feature","properties":{"f":"D","c":["Devi","Local Maa"],"s":["w"],"n":1,"r":111,"h":3},"geometry":{"type":"Point","coordinates":[83.019657,25.317633]}},{"type":"Feature","properties":{"f":"S","c":["Shiva","Shiva-Parvati"],"s":["fs"],"n":2,"r":0,"h":0,"nm":"Dhandhanyeshwar"},"geometry":{"type":"Point","coordinates":[83.022074,25.315231]}},{"type":"Feature","properties":{"f":"V","c":["Rama"],"s":["w"],"n":2,"r":198,"h":3},"geometry":{"type":"Point","coordinates":[83.018636,25.317686]}},{"type":"Feature","properties":{"f":"S","c":["Shiva","Shiva-Parvati"],"s":[],"n":1,"r":218,"h":3},"geometry":{"type":"Point","coordinates":[83.018398,25.317764]}},{"type":"Feature","properties":{"f":"GS","c":["Ganesh","Shiva"],"s":["w"],"n":2,"r":304,"h":3},"geometry":{"type":"Point","coordinates":[83.016528,25.317522]}},{"type":"Feature","properties":{"f":"S","c":["Shiva","Shiva-Parvati"],"s":["fs"],"n":2,"r":302,"h":3,"nm":"Kalmardaneshwar mahadev"},"geometry":{"type":"Point","coordinates":[83.016071,25.317075]}},{"type":"Feature","properties":{"f":"S","c":["Shiva","Shiva family"],"s":["fs"],"n":1,"r":311,"h":3},"geometry":{"type":"Point","coordinates":[83.016036,25.317156]}},{"type":"Feature","properties":{"f":"D","c":["Devi","Local Maa"],"s":["w"],"n":1,"r":302,"h":3},"geometry":{"type":"Point","coordinates":[83.015975,25.317219]}},{"type":"Feature","properties":{"f":"V","c":["Rama"],"s":["w"],"n":5,"r":287,"h":3,"nm":"Ram mandir"},"geometry":{"type":"Point","coordinates":[83.016282,25.317546]}},{"type":"Feature","properties":{"f":"H","c":["Hanuman"],"s":["w"],"n":1,"r":297,"h":3},"geometry":{"type":"Point","coordinates":[83.017208,25.318358]}},{"type":"Feature","properties":{"f":"S","c":["Shiva"],"s":["w"],"n":1,"r":269,"h":3},"geometry":{"type":"Point","coordinates":[83.016041,25.317599]}},{"type":"Feature","properties":{"f":"S","c":["Shiva"],"s":["w"],"n":3,"r":509,"h":0},"geometry":{"type":"Point","coordinates":[83.006663,25.320627]}},{"type":"Feature","properties":{"f":"GHS","c":["Ganesh","Hanuman","Shiva"],"s":["fs","t","tt","c"],"n":25,"r":497,"h":0},"geometry":{"type":"Point","coordinates":[83.005795,25.319993]}},{"type":"Feature","properties":{"f":"S","c":["Shiva"],"s":["fs"],"n":2,"r":474,"h":0},"geometry":{"type":"Point","coordinates":[83.005674,25.319789]}},{"type":"Feature","properties":{"f":"GS","c":["Ganesh","Shiva"],"s":["w"],"n":2,"r":520,"h":0},"geometry":{"type":"Point","coordinates":[83.004541,25.320087]}},{"type":"Feature","properties":{"f":"DS","c":["Devi","Shiva"],"s":["fs"],"n":7,"r":416,"h":0},"geometry":{"type":"Point","coordinates":[83.003407,25.318781]}},{"type":"Feature","properties":{"f":"S","c":["Shiva"],"s":["fs"],"n":1,"r":412,"h":0},"geometry":{"type":"Point","coordinates":[83.00354,25.318799]}},{"type":"Feature","properties":{"f":"O","c":["Other"],"s":["t"],"n":1,"r":358,"h":0},"geometry":{"type":"Point","coordinates":[83.002901,25.317855]}},{"type":"Feature","properties":{"f":"HS","c":["Hanuman","Shiva"],"s":["fs"],"n":3,"r":332,"h":0},"geometry":{"type":"Point","coordinates":[83.003056,25.31767]}},{"type":"Feature","properties":{"f":"O","c":["Other"],"s":["w"],"n":1,"r":361,"h":0},"geometry":{"type":"Point","coordinates":[83.002745,25.317766]}},{"type":"Feature","properties":{"f":"HS","c":["Hanuman","Shiva"],"s":["fs"],"n":5,"r":348,"h":0},"geometry":{"type":"Point","coordinates":[83.00263,25.317495]}},{"type":"Feature","properties":{"f":"S","c":["Shiva"],"s":["w"],"n":1,"r":326,"h":0},"geometry":{"type":"Point","coordinates":[83.001005,25.319521]}},{"type":"Feature","properties":{"f":"HS","c":["Hanuman","Shiva"],"s":["tt"],"n":3,"r":405,"h":0},"geometry":{"type":"Point","coordinates":[83.001407,25.320147]}},{"type":"Feature","properties":{"f":"HS","c":["Hanuman","Shiva-Parvati"],"s":["tt","c"],"n":10,"r":405,"h":0},"geometry":{"type":"Point","coordinates":[83.000566,25.320859]}},{"type":"Feature","properties":{"f":"HOS","c":["Hanuman","Other","Shiva"],"s":["fs"],"n":4,"r":484,"h":0},"geometry":{"type":"Point","coordinates":[83.002613,25.320056]}},{"type":"Feature","properties":{"f":"DOS","c":["Devi","Other","Shiva"],"s":["w"],"n":3,"r":562,"h":0},"geometry":{"type":"Point","coordinates":[83.002397,25.321238]}},{"type":"Feature","properties":{"f":"GHSV","c":["Ganesh","Hanuman","Krishna","Shiva"],"s":["fs"],"n":5,"r":613,"h":0},"geometry":{"type":"Point","coordinates":[83.002747,25.321572]}},{"type":"Feature","properties":{"f":"H","c":["Hanuman"],"s":["w"],"n":1,"r":588,"h":0},"geometry":{"type":"Point","coordinates":[83.003132,25.320938]}},{"type":"Feature","properties":{"f":"HS","c":["Hanuman","Shiva"],"s":["w"],"n":3,"r":565,"h":0},"geometry":{"type":"Point","coordinates":[83.002954,25.320806]}},{"type":"Feature","properties":{"f":"S","c":["Shiva"],"s":["tt"],"n":3,"r":461,"h":0},"geometry":{"type":"Point","coordinates":[83.001189,25.322475]}},{"type":"Feature","properties":{"f":"DOS","c":["Devi","Other","Shiva","Sitala Maa"],"s":["c"],"n":8,"r":459,"h":0},"geometry":{"type":"Point","coordinates":[83.00117,25.322469]}},{"type":"Feature","properties":{"f":"FDHS","c":["Bir Baba","Devi","Hanuman","Shiva"],"s":["fs"],"n":6,"r":569,"h":0,"nm":"Daityaraabir baabaa praciin"},"geometry":{"type":"Point","coordinates":[83.002387,25.302983]}},{"type":"Feature","properties":{"f":"FGDHSV","c":["Bir Baba","Devi","Ganesh","Hanuman","Krishna","Rama","Shiva","Shiva family","Shiva-Parvati"],"s":["fs","t"],"n":50,"r":492,"h":0,"nm":"Tillabandheshvar"},"geometry":{"type":"Point","coordinates":[83.003151,25.302892]}},{"type":"Feature","properties":{"f":"S","c":["Shiva"],"s":[],"n":0,"r":411,"h":0,"nm":"Laal ku.ti Mandir va vyaayaam shaalaa"},"geometry":{"type":"Point","coordinates":[82.998592,25.30572]}},{"type":"Feature","properties":{"f":"S","c":["Shiva","Shiva-Parvati"],"s":["c"],"n":1,"r":319,"h":3,"nm":"Nageshwar mahadev"},"geometry":{"type":"Point","coordinates":[83.013991,25.315116]}},{"type":"Feature","properties":{"f":"SV","c":["Krishna","Shiva"],"s":["c"],"n":2,"r":359,"h":3},"geometry":{"type":"Point","coordinates":[83.013972,25.316267]}},{"type":"Feature","properties":{"f":"S","c":["Shiva"],"s":["fs"],"n":2,"r":366,"h":3,"nm":"Rameshwar mahadev"},"geometry":{"type":"Point","coordinates":[83.013904,25.316207]}},{"type":"Feature","properties":{"f":"S","c":["Shiva"],"s":["c"],"n":1,"r":354,"h":3,"nm":"Dhushmeshwar mahadev"},"geometry":{"type":"Point","coordinates":[83.013921,25.316319]}},{"type":"Feature","properties":{"f":"S","c":["Shiva"],"s":["c"],"n":1,"r":358,"h":3,"nm":"Vaidyanath mahadev"},"geometry":{"type":"Point","coordinates":[83.014007,25.316277]}},{"type":"Feature","properties":{"f":"S","c":["Shiva"],"s":["c"],"n":2,"r":350,"h":3,"nm":"Somnath mahadev"},"geometry":{"type":"Point","coordinates":[83.013937,25.316356]}},{"type":"Feature","properties":{"f":"S","c":["Shiva"],"s":["c"],"n":1,"r":352,"h":3,"nm":"Bhimeshwar mahadev"},"geometry":{"type":"Point","coordinates":[83.013979,25.316332]}},{"type":"Feature","properties":{"f":"S","c":["Shiva"],"s":["c"],"n":2,"r":351,"h":3},"geometry":{"type":"Point","coordinates":[83.013922,25.316343]}},{"type":"Feature","properties":{"f":"S","c":["Shiva"],"s":["c"],"n":1,"r":353,"h":3},"geometry":{"type":"Point","coordinates":[83.01395,25.316328]}},{"type":"Feature","properties":{"f":"S","c":["Shiva"],"s":["c"],"n":2,"r":352,"h":3,"nm":"Nageshwar mahadev"},"geometry":{"type":"Point","coordinates":[83.013974,25.316337]}},{"type":"Feature","properties":{"f":"D","c":["Devi","Local Maa"],"s":["w"],"n":1,"r":354,"h":3},"geometry":{"type":"Point","coordinates":[83.014032,25.316314]}},{"type":"Feature","properties":{"f":"S","c":["Shiva"],"s":["c"],"n":1,"r":352,"h":3,"nm":"Kedarnath mahadev"},"geometry":{"type":"Point","coordinates":[83.014043,25.316338]}},{"type":"Feature","properties":{"f":"S","c":["Shiva"],"s":["c"],"n":1,"r":354,"h":3,"nm":"Omkateshwar mahadev"},"geometry":{"type":"Point","coordinates":[83.013943,25.316319]}},{"type":"Feature","properties":{"f":"H","c":["Hanuman"],"s":["c"],"n":1,"r":358,"h":3,"nm":"Shri bal hanuman"},"geometry":{"type":"Point","coordinates":[83.01392,25.316285]}},{"type":"Feature","properties":{"f":"S","c":["Shiva"],"s":["c"],"n":1,"r":361,"h":3,"nm":"Tryambkeshwar mahadev"},"geometry":{"type":"Point","coordinates":[83.014016,25.316257]}},{"type":"Feature","properties":{"f":"S","c":["Shiva"],"s":["c"],"n":1,"r":354,"h":3,"nm":"Malikarjun"},"geometry":{"type":"Point","coordinates":[83.013964,25.316319]}},{"type":"Feature","properties":{"f":"S","c":["Shiva"],"s":["c"],"n":1,"r":364,"h":3,"nm":"Vishweshwar mahadev"},"geometry":{"type":"Point","coordinates":[83.013863,25.31623]}},{"type":"Feature","properties":{"f":"S","c":["Shiva"],"s":["c"],"n":1,"r":362,"h":3},"geometry":{"type":"Point","coordinates":[83.013961,25.316249]}},{"type":"Feature","properties":{"f":"D","c":["Devi"],"s":["fs"],"n":1,"r":273,"h":3},"geometry":{"type":"Point","coordinates":[83.014442,25.315018]}},{"type":"Feature","properties":{"f":"G","c":["Ganesh"],"s":["c","tt"],"n":1,"r":307,"h":3},"geometry":{"type":"Point","coordinates":[83.014056,25.316741]}},{"type":"Feature","properties":{"f":"S","c":["Shiva","Shiva-Parvati"],"s":["c"],"n":3,"r":307,"h":3},"geometry":{"type":"Point","coordinates":[83.014056,25.316741]}},{"type":"Feature","properties":{"f":"S","c":["Shiva","Shiva-Parvati"],"s":["w"],"n":1,"r":272,"h":3},"geometry":{"type":"Point","coordinates":[83.013838,25.317062]}},{"type":"Feature","properties":{"f":"S","c":["Shiva"],"s":["fs"],"n":1,"r":219,"h":3},"geometry":{"type":"Point","coordinates":[83.014436,25.317584]}},{"type":"Feature","properties":{"f":"H","c":["Hanuman"],"s":["w"],"n":1,"r":335,"h":3},"geometry":{"type":"Point","coordinates":[83.014397,25.316514]}},{"type":"Feature","properties":{"f":"S","c":["Shiva"],"s":["fs"],"n":1,"r":220,"h":3},"geometry":{"type":"Point","coordinates":[83.015798,25.315989]}},{"type":"Feature","properties":{"f":"V","c":["Krishna"],"s":["fs"],"n":2,"r":379,"h":3},"geometry":{"type":"Point","coordinates":[83.011149,25.312879]}},{"type":"Feature","properties":{"f":"S","c":["Shiva","Shiva-Parvati"],"s":["w"],"n":3,"r":158,"h":3},"geometry":{"type":"Point","coordinates":[83.018246,25.317013]}},{"type":"Feature","properties":{"f":"S","c":["Shiva"],"s":["fs"],"n":2,"r":145,"h":3},"geometry":{"type":"Point","coordinates":[83.018406,25.316983]}},{"type":"Feature","properties":{"f":"S","c":["Shiva"],"s":["w"],"n":1,"r":168,"h":3},"geometry":{"type":"Point","coordinates":[83.018231,25.317123]}},{"type":"Feature","properties":{"f":"G","c":["Ganesh"],"s":["w"],"n":1,"r":169,"h":3},"geometry":{"type":"Point","coordinates":[83.01825,25.317144]}},{"type":"Feature","properties":{"f":"S","c":["Shiva"],"s":["fs"],"n":2,"r":234,"h":3},"geometry":{"type":"Point","coordinates":[83.018422,25.31795]}},{"type":"Feature","properties":{"f":"S","c":["Shiva"],"s":["w"],"n":1,"r":238,"h":3},"geometry":{"type":"Point","coordinates":[83.018392,25.317975]}},{"type":"Feature","properties":{"f":"S","c":["Shiva","Shiva-Parvati"],"s":["w"],"n":1,"r":262,"h":3},"geometry":{"type":"Point","coordinates":[83.018547,25.318565]}},{"type":"Feature","properties":{"f":"H","c":["Hanuman"],"s":["w"],"n":1,"r":278,"h":3},"geometry":{"type":"Point","coordinates":[83.018559,25.318801]}},{"type":"Feature","properties":{"f":"G","c":["Ganesh"],"s":["w"],"n":1,"r":258,"h":3},"geometry":{"type":"Point","coordinates":[83.018757,25.31874]}},{"type":"Feature","properties":{"f":"S","c":["Shiva","Shiva-Parvati"],"s":["fs"],"n":1,"r":208,"h":3,"nm":"Shanteshwar mahadev"},"geometry":{"type":"Point","coordinates":[83.019124,25.31958]}},{"type":"Feature","properties":{"f":"DHS","c":["Hanuman","Shiva","Sitala Maa"],"s":["fs"],"n":3,"r":168,"h":3,"nm":"Sankatnasi hanuman Ji"},"geometry":{"type":"Point","coordinates":[83.019393,25.319902]}},{"type":"Feature","properties":{"f":"D","c":["Sitala Maa"],"s":["w"],"n":1,"r":237,"h":3},"geometry":{"type":"Point","coordinates":[83.018809,25.319567]}},{"type":"Feature","properties":{"f":"H","c":["Hanuman"],"s":["w"],"n":1,"r":265,"h":3},"geometry":{"type":"Point","coordinates":[83.018739,25.319178]}},{"type":"Feature","properties":{"f":"GH","c":["Ganesh","Hanuman"],"s":["w"],"n":2,"r":268,"h":3},"geometry":{"type":"Point","coordinates":[83.018338,25.319934]}},{"type":"Feature","properties":{"f":"S","c":["Shiva"],"s":["w"],"n":1,"r":264,"h":3},"geometry":{"type":"Point","coordinates":[83.018386,25.319879]}},{"type":"Feature","properties":{"f":"HS","c":["Hanuman","Shiva"],"s":["fs"],"n":2,"r":308,"h":3},"geometry":{"type":"Point","coordinates":[83.017683,25.319605]}},{"type":"Feature","properties":{"f":"S","c":["Shiva"],"s":["fs"],"n":1,"r":303,"h":3},"geometry":{"type":"Point","coordinates":[83.017626,25.319551]}},{"type":"Feature","properties":{"f":"H","c":["Hanuman"],"s":["w"],"n":1,"r":241,"h":3},"geometry":{"type":"Point","coordinates":[83.016623,25.31846]}},{"type":"Feature","properties":{"f":"GH","c":["Ganesh","Hanuman"],"s":["w"],"n":2,"r":236,"h":3},"geometry":{"type":"Point","coordinates":[83.016548,25.318446]}},{"type":"Feature","properties":{"f":"S","c":["Shiva"],"s":["fs"],"n":1,"r":233,"h":3},"geometry":{"type":"Point","coordinates":[83.016538,25.318483]}},{"type":"Feature","properties":{"f":"S","c":["Shiva","Shiva-Parvati"],"s":["fs"],"n":1,"r":212,"h":3},"geometry":{"type":"Point","coordinates":[83.016101,25.318298]}},{"type":"Feature","properties":{"f":"S","c":["Shiva"],"s":["w"],"n":1,"r":302,"h":0},"geometry":{"type":"Point","coordinates":[83.010029,25.32802]}},{"type":"Feature","properties":{"f":"S","c":["Shiva"],"s":["t"],"n":1,"r":435,"h":0},"geometry":{"type":"Point","coordinates":[83.008683,25.329528]}},{"type":"Feature","properties":{"f":"GDHS","c":["Devi","Ganesh","Hanuman","Shiva"],"s":["fs"],"n":6,"r":446,"h":0},"geometry":{"type":"Point","coordinates":[83.009342,25.330829]}},{"type":"Feature","properties":{"f":"H","c":["Hanuman"],"s":["fs","t"],"n":0,"r":385,"h":0,"nm":"Baal sakhaa hanuman"},"geometry":{"type":"Point","coordinates":[82.996647,25.305643]}},{"type":"Feature","properties":{"f":"S","c":["Shiva"],"s":["ba"],"n":0,"r":667,"h":0},"geometry":{"type":"Point","coordinates":[83.001649,25.303886]}},{"type":"Feature","properties":{"f":"HS","c":["Hanuman","Shiva"],"s":["w","ba"],"n":2,"r":420,"h":0,"nm":"Praciin hanuman mandir."},"geometry":{"type":"Point","coordinates":[83.005178,25.305954]}},{"type":"Feature","properties":{"f":"GHS","c":["Ganesh","Hanuman","Shiva"],"s":["ba"],"n":5,"r":668,"h":0},"geometry":{"type":"Point","coordinates":[83.00237,25.305641]}},{"type":"Feature","properties":{"f":"H","c":["Hanuman"],"s":["fs"],"n":2,"r":597,"h":0,"nm":"Vijay viir hanuman"},"geometry":{"type":"Point","coordinates":[83.003068,25.306463]}},{"type":"Feature","properties":{"f":"GHSV","c":["Ganesh","Hanuman","Krishna","Shiva"],"s":["tt"],"n":7,"r":530,"h":0,"nm":"Neem mai"},"geometry":{"type":"Point","coordinates":[83.002181,25.307047]}},{"type":"Feature","properties":{"f":"DOSV","c":["Devi","Krishna","Other","Shiva","Shiva family","Shiva-Parvati"],"s":[],"n":8,"r":566,"h":0},"geometry":{"type":"Point","coordinates":[83.002116,25.306717]}},{"type":"Feature","properties":{"f":"F","c":["Bir Baba"],"s":["fs"],"n":1,"r":500,"h":0,"nm":"Sri Sri 1008 pracin daiyatrabiir baabaa kaa Mandir."},"geometry":{"type":"Point","coordinates":[83.003388,25.307366]}},{"type":"Feature","properties":{"f":"S","c":["Shiva"],"s":["fs","ba"],"n":2,"r":555,"h":0},"geometry":{"type":"Point","coordinates":[83.003568,25.306884]}},{"type":"Feature","properties":{"f":"G","c":["Ganesh"],"s":[],"n":1,"r":527,"h":0},"geometry":{"type":"Point","coordinates":[83.003874,25.307181]}},{"type":"Feature","properties":{"f":"D","c":["Local Maa","Sitala Maa"],"s":[],"n":2,"r":471,"h":0,"nm":"Sri niimaa maataa va ba.dii siitlaa maa Mandir"},"geometry":{"type":"Point","coordinates":[83.003523,25.307641]}},{"type":"Feature","properties":{"f":"GDSV","c":["Ganesh","Local Maa","Rama","Shiva"],"s":["fs","tt"],"n":10,"r":500,"h":0},"geometry":{"type":"Point","coordinates":[83.004315,25.307535]}},{"type":"Feature","properties":{"f":"S","c":["Shiva"],"s":["fs"],"n":2,"r":511,"h":0},"geometry":{"type":"Point","coordinates":[83.004408,25.307456]}},{"type":"Feature","properties":{"f":"H","c":["Hanuman"],"s":["w"],"n":1,"r":248,"h":3},"geometry":{"type":"Point","coordinates":[83.014574,25.317346]}},{"type":"Feature","properties":{"f":"H","c":["Hanuman"],"s":["w"],"n":1,"r":149,"h":3},"geometry":{"type":"Point","coordinates":[83.016014,25.319196]}},{"type":"Feature","properties":{"f":"S","c":["Shiva"],"s":["t","tt"],"n":1,"r":213,"h":3,"nm":"Bateshwar mahadev"},"geometry":{"type":"Point","coordinates":[83.016715,25.319378]}},{"type":"Feature","properties":{"f":"H","c":["Hanuman"],"s":["tt"],"n":1,"r":91,"h":3},"geometry":{"type":"Point","coordinates":[83.02014,25.32009]}},{"type":"Feature","properties":{"f":"D","c":["Sitala Maa"],"s":["w"],"n":1,"r":129,"h":3},"geometry":{"type":"Point","coordinates":[83.020186,25.319515]}},{"type":"Feature","properties":{"f":"S","c":["Shiva","Shiva-Parvati"],"s":["fs"],"n":2,"r":147,"h":3},"geometry":{"type":"Point","coordinates":[83.02075,25.319095]}},{"type":"Feature","properties":{"f":"F","c":["Bir Baba"],"s":["t"],"n":1,"r":44,"h":3},"geometry":{"type":"Point","coordinates":[83.020977,25.320004]}},{"type":"Feature","properties":{"f":"S","c":["Shiva","Shiva-Parvati"],"s":["c"],"n":2,"r":76,"h":3},"geometry":{"type":"Point","coordinates":[83.021326,25.319709]}},{"type":"Feature","properties":{"f":"V","c":["Krishna"],"s":["fs"],"n":2,"r":75,"h":3},"geometry":{"type":"Point","coordinates":[83.02124,25.319708]}},{"type":"Feature","properties":{"f":"V","c":["Krishna"],"s":["c"],"n":1,"r":90,"h":3},"geometry":{"type":"Point","coordinates":[83.020986,25.31958]}},{"type":"Feature","properties":{"f":"H","c":["Hanuman"],"s":["c"],"n":1,"r":84,"h":3},"geometry":{"type":"Point","coordinates":[83.021087,25.319631]}},{"type":"Feature","properties":{"f":"G","c":["Ganesh"],"s":["c"],"n":1,"r":70,"h":3},"geometry":{"type":"Point","coordinates":[83.02115,25.319753]}},{"type":"Feature","properties":{"f":"V","c":["Rama"],"s":["fs"],"n":4,"r":126,"h":3},"geometry":{"type":"Point","coordinates":[83.021382,25.318848]}},{"type":"Feature","properties":{"f":"S","c":["Shiva","Shiva-Parvati"],"s":["w"],"n":1,"r":50,"h":3},"geometry":{"type":"Point","coordinates":[83.021808,25.318281]}},{"type":"Feature","properties":{"f":"S","c":["Shiva","Shiva-Parvati"],"s":["fs"],"n":1,"r":55,"h":3,"nm":"Tankeshwar mahadev"},"geometry":{"type":"Point","coordinates":[83.021981,25.318451]}},{"type":"Feature","properties":{"f":"S","c":["Shiva","Shiva-Parvati"],"s":["c"],"n":2,"r":43,"h":3},"geometry":{"type":"Point","coordinates":[83.022078,25.318381]}},{"type":"Feature","properties":{"f":"D","c":["Local Maa"],"s":["c"],"n":1,"r":61,"h":3},"geometry":{"type":"Point","coordinates":[83.021883,25.318429]}},{"type":"Feature","properties":{"f":"S","c":["Shiva","Shiva family","Shiva-Parvati"],"s":["w"],"n":5,"r":36,"h":3},"geometry":{"type":"Point","coordinates":[83.022634,25.318667]}},{"type":"Feature","properties":{"f":"S","c":["Shiva-Parvati"],"s":["c"],"n":1,"r":9,"h":3},"geometry":{"type":"Point","coordinates":[83.021808,25.317851]}},{"type":"Feature","properties":{"f":"V","c":["Krishna"],"s":["c"],"n":2,"r":25,"h":3},"geometry":{"type":"Point","coordinates":[83.022369,25.318396]}},{"type":"Feature","properties":{"f":"S","c":["Shiva","Shiva-Parvati"],"s":["w"],"n":1,"r":53,"h":3},"geometry":{"type":"Point","coordinates":[83.022164,25.318566]}},{"type":"Feature","properties":{"f":"S","c":["Shiva"],"s":["w"],"n":1,"r":53,"h":3},"geometry":{"type":"Point","coordinates":[83.022164,25.318566]}},{"type":"Feature","properties":{"f":"S","c":["Shiva-Parvati"],"s":["c"],"n":1,"r":53,"h":3},"geometry":{"type":"Point","coordinates":[83.022164,25.318566]}},{"type":"Feature","properties":{"f":"S","c":["Shiva","Shiva-Parvati"],"s":["c"],"n":1,"r":0,"h":0},"geometry":{"type":"Point","coordinates":[83.02664,25.319192]}},{"type":"Feature","properties":{"f":"D","c":["Devi","Local Maa"],"s":["w"],"n":7,"r":0,"h":0},"geometry":{"type":"Point","coordinates":[83.02664,25.319192]}},{"type":"Feature","properties":{"f":"G","c":["Ganesh"],"s":["c"],"n":1,"r":40,"h":3},"geometry":{"type":"Point","coordinates":[83.021456,25.318003]}},{"type":"Feature","properties":{"f":"GS","c":["Ganesh","Shiva","Shiva-Parvati"],"s":["w"],"n":4,"r":0,"h":0},"geometry":{"type":"Point","coordinates":[83.012775,25.30226]}},{"type":"Feature","properties":{"f":"V","c":["Rama"],"s":["c"],"n":5,"r":0,"h":0},"geometry":{"type":"Point","coordinates":[83.012775,25.30226]}},{"type":"Feature","properties":{"f":"S","c":["Shiva","Shiva-Parvati"],"s":["fs"],"n":1,"r":18,"h":3},"geometry":{"type":"Point","coordinates":[83.021863,25.317978]}},{"type":"Feature","properties":{"f":"DOS","c":["Devi","Local Maa","Other","Shiva","Shiva-Parvati"],"s":["t","tt"],"n":5,"r":33,"h":3},"geometry":{"type":"Point","coordinates":[83.021889,25.318148]}},{"type":"Feature","properties":{"f":"S","c":["Shiva","Shiva-Parvati"],"s":["w"],"n":2,"r":33,"h":3},"geometry":{"type":"Point","coordinates":[83.022077,25.318254]}},{"type":"Feature","properties":{"f":"H","c":["Hanuman"],"s":["tt"],"n":1,"r":36,"h":3},"geometry":{"type":"Point","coordinates":[83.021984,25.318221]}},{"type":"Feature","properties":{"f":"S","c":["Shiva-Parvati"],"s":["fs"],"n":2,"r":34,"h":3},"geometry":{"type":"Point","coordinates":[83.021866,25.318143]}},{"type":"Feature","properties":{"f":"S","c":["Shiva","Shiva family","Shiva-Parvati"],"s":["fs"],"n":3,"r":36,"h":3},"geometry":{"type":"Point","coordinates":[83.021888,25.318171]}},{"type":"Feature","properties":{"f":"H","c":["Hanuman"],"s":["w","ba"],"n":2,"r":392,"h":0,"nm":"Sri hanuman mandir"},"geometry":{"type":"Point","coordinates":[83.005336,25.309126]}},{"type":"Feature","properties":{"f":"FV","c":["Bir Baba","Krishna"],"s":["w"],"n":2,"r":380,"h":0},"geometry":{"type":"Point","coordinates":[83.002044,25.308397]}},{"type":"Feature","properties":{"f":"G","c":["Ganesh"],"s":["w"],"n":1,"r":380,"h":0},"geometry":{"type":"Point","coordinates":[83.001104,25.308489]}},{"type":"Feature","properties":{"f":"G","c":["Ganesh"],"s":["c"],"n":1,"r":250,"h":0},"geometry":{"type":"Point","coordinates":[83.000768,25.30986]}},{"type":"Feature","properties":{"f":"DV","c":["Devi","Krishna"],"s":["fs"],"n":0,"r":208,"h":0},"geometry":{"type":"Point","coordinates":[83.000774,25.310306]}},{"type":"Feature","properties":{"f":"V","c":["Krishna"],"s":[],"n":0,"r":208,"h":0,"nm":"Sri Sri pracin Sri radhaa krsna Evam jagadhaatrii maataa mandir"},"geometry":{"type":"Point","coordinates":[83.000494,25.310524]}},{"type":"Feature","properties":{"f":"S","c":["Shiva"],"s":["t"],"n":2,"r":330,"h":0},"geometry":{"type":"Point","coordinates":[83.014021,25.332955]}},{"type":"Feature","properties":{"f":"HS","c":["Hanuman","Shiva"],"s":["fs"],"n":2,"r":303,"h":0},"geometry":{"type":"Point","coordinates":[83.013592,25.332838]}},{"type":"Feature","properties":{"f":"S","c":["Shiva"],"s":["fs"],"n":2,"r":319,"h":0},"geometry":{"type":"Point","coordinates":[83.012529,25.33188]}},{"type":"Feature","properties":{"f":"HS","c":["Hanuman","Shiva"],"s":["w"],"n":2,"r":389,"h":0},"geometry":{"type":"Point","coordinates":[83.012665,25.331251]}},{"type":"Feature","properties":{"f":"S","c":["Shiva"],"s":["fs"],"n":1,"r":460,"h":0},"geometry":{"type":"Point","coordinates":[83.012902,25.330647]}},{"type":"Feature","properties":{"f":"HS","c":["Hanuman","Shiva"],"s":["t"],"n":2,"r":483,"h":0},"geometry":{"type":"Point","coordinates":[83.01166,25.328989]}},{"type":"Feature","properties":{"f":"S","c":["Shiva","Shiva-Parvati"],"s":["fs"],"n":1,"r":210,"h":3},"geometry":{"type":"Point","coordinates":[83.019769,25.318883]}},{"type":"Feature","properties":{"f":"S","c":["Shiva","Shiva-Parvati"],"s":["fs"],"n":2,"r":87,"h":3,"nm":"Mansapuran mahadev"},"geometry":{"type":"Point","coordinates":[83.021425,25.318467]}},{"type":"Feature","properties":{"f":"S","c":["Shiva"],"s":["w"],"n":1,"r":90,"h":3},"geometry":{"type":"Point","coordinates":[83.021312,25.318447]}},{"type":"Feature","properties":{"f":"SV","c":["Rama","Shiva"],"s":["fs"],"n":2,"r":87,"h":3,"nm":"Shiva Rama mandir"},"geometry":{"type":"Point","coordinates":[83.021424,25.318472]}},{"type":"Feature","properties":{"f":"D","c":["Devi","Local Maa"],"s":["w"],"n":1,"r":91,"h":3},"geometry":{"type":"Point","coordinates":[83.021258,25.318428]}},{"type":"Feature","properties":{"f":"S","c":["Shiva","Shiva-Parvati"],"s":["fs"],"n":2,"r":65,"h":3},"geometry":{"type":"Point","coordinates":[83.020667,25.317848]}},{"type":"Feature","properties":{"f":"S","c":["Shiva","Shiva-Parvati"],"s":["fs"],"n":2,"r":127,"h":3},"geometry":{"type":"Point","coordinates":[83.020176,25.318233]}},{"type":"Feature","properties":{"f":"S","c":["Shiva"],"s":["fs"],"n":1,"r":0,"h":3},"geometry":{"type":"Point","coordinates":[83.021396,25.31631]}},{"type":"Feature","properties":{"f":"S","c":["Shiva"],"s":["w"],"n":1,"r":13,"h":3},"geometry":{"type":"Point","coordinates":[83.023473,25.318864]}},{"type":"Feature","properties":{"f":"S","c":["Shiva"],"s":["w"],"n":1,"r":25,"h":3},"geometry":{"type":"Point","coordinates":[83.023458,25.318974]}},{"type":"Feature","properties":{"f":"S","c":["Shiva","Shiva-Parvati"],"s":["w"],"n":4,"r":0,"h":3},"geometry":{"type":"Point","coordinates":[83.023358,25.318647]}},{"type":"Feature","properties":{"f":"H","c":["Hanuman"],"s":["w"],"n":1,"r":11,"h":3},"geometry":{"type":"Point","coordinates":[83.023613,25.318912]}},{"type":"Feature","properties":{"f":"G","c":["Ganesh"],"s":["w"],"n":1,"r":0,"h":3},"geometry":{"type":"Point","coordinates":[83.02361,25.318795]}},{"type":"Feature","properties":{"f":"D","c":["Devi"],"s":["w"],"n":1,"r":0,"h":3},"geometry":{"type":"Point","coordinates":[83.023802,25.318403]}},{"type":"Feature","properties":{"f":"H","c":["Hanuman"],"s":["w"],"n":1,"r":0,"h":3},"geometry":{"type":"Point","coordinates":[83.02389,25.318933]}},{"type":"Feature","properties":{"f":"F","c":["Bir Baba"],"s":["fs"],"n":1,"r":0,"h":3,"nm":"Nilba bir baba"},"geometry":{"type":"Point","coordinates":[83.023414,25.318624]}},{"type":"Feature","properties":{"f":"H","c":["Hanuman"],"s":["fs"],"n":1,"r":52,"h":3},"geometry":{"type":"Point","coordinates":[83.024737,25.320082]}},{"type":"Feature","properties":{"f":"DS","c":["Devi","Local Maa","Shiva"],"s":["fs"],"n":2,"r":36,"h":3},"geometry":{"type":"Point","coordinates":[83.024893,25.320009]}},{"type":"Feature","properties":{"f":"S","c":["Shiva-Parvati"],"s":["w"],"n":2,"r":41,"h":3},"geometry":{"type":"Point","coordinates":[83.024935,25.32009]}},{"type":"Feature","properties":{"f":"S","c":["Shiva","Shiva-Parvati"],"s":["fs"],"n":2,"r":37,"h":3},"geometry":{"type":"Point","coordinates":[83.024843,25.31999]}},{"type":"Feature","properties":{"f":"FS","c":["Bir Baba","Shiva"],"s":["fs"],"n":3,"r":57,"h":3},"geometry":{"type":"Point","coordinates":[83.024761,25.32015]}},{"type":"Feature","properties":{"f":"H","c":["Hanuman"],"s":["w"],"n":1,"r":39,"h":3},"geometry":{"type":"Point","coordinates":[83.02488,25.320027]}},{"type":"Feature","properties":{"f":"H","c":["Hanuman"],"s":["fs"],"n":1,"r":46,"h":3},"geometry":{"type":"Point","coordinates":[83.024812,25.320065]}},{"type":"Feature","properties":{"f":"S","c":["Shiva","Shiva-Parvati"],"s":["fs"],"n":3,"r":40,"h":3},"geometry":{"type":"Point","coordinates":[83.024877,25.320043]}},{"type":"Feature","properties":{"f":"S","c":["Shiva","Shiva-Parvati"],"s":["fs"],"n":1,"r":47,"h":3},"geometry":{"type":"Point","coordinates":[83.024821,25.32008]}},{"type":"Feature","properties":{"f":"S","c":["Shiva","Shiva-Parvati"],"s":["fs"],"n":1,"r":43,"h":3},"geometry":{"type":"Point","coordinates":[83.024824,25.320034]}},{"type":"Feature","properties":{"f":"D","c":["Sitala Maa"],"s":["tt"],"n":1,"r":43,"h":3},"geometry":{"type":"Point","coordinates":[83.024706,25.319974]}},{"type":"Feature","properties":{"f":"D","c":["Devi","Local Maa"],"s":["t","tt"],"n":1,"r":46,"h":3},"geometry":{"type":"Point","coordinates":[83.0246,25.319944]}},{"type":"Feature","properties":{"f":"S","c":["Shiva"],"s":["fs"],"n":1,"r":40,"h":3},"geometry":{"type":"Point","coordinates":[83.024743,25.319955]}},{"type":"Feature","properties":{"f":"H","c":["Hanuman"],"s":["w"],"n":1,"r":35,"h":3},"geometry":{"type":"Point","coordinates":[83.024836,25.319958]}},{"type":"Feature","properties":{"f":"S","c":["Shiva"],"s":["fs"],"n":2,"r":35,"h":3},"geometry":{"type":"Point","coordinates":[83.024748,25.319906]}},{"type":"Feature","properties":{"f":"S","c":["Shiva","Shiva-Parvati"],"s":["t","tt"],"n":2,"r":45,"h":3},"geometry":{"type":"Point","coordinates":[83.024656,25.319962]}},{"type":"Feature","properties":{"f":"H","c":["Hanuman"],"s":["w"],"n":1,"r":45,"h":3},"geometry":{"type":"Point","coordinates":[83.024614,25.319943]}},{"type":"Feature","properties":{"f":"S","c":["Shiva","Shiva-Parvati"],"s":["w"],"n":2,"r":49,"h":3},"geometry":{"type":"Point","coordinates":[83.024534,25.319937]}},{"type":"Feature","properties":{"f":"H","c":["Hanuman"],"s":["w"],"n":1,"r":69,"h":3},"geometry":{"type":"Point","coordinates":[83.024193,25.31996]}},{"type":"Feature","properties":{"f":"S","c":["Shiva"],"s":["t"],"n":1,"r":63,"h":3},"geometry":{"type":"Point","coordinates":[83.024433,25.320026]}},{"type":"Feature","properties":{"f":"S","c":["Shiva"],"s":["fs"],"n":1,"r":79,"h":3},"geometry":{"type":"Point","coordinates":[83.024649,25.320327]}},{"type":"Feature","properties":{"f":"S","c":["Shiva","Shiva-Parvati"],"s":["fs"],"n":6,"r":118,"h":3},"geometry":{"type":"Point","coordinates":[83.024268,25.320522]}},{"type":"Feature","properties":{"f":"D","c":["Sitala Maa"],"s":["fs"],"n":1,"r":120,"h":3},"geometry":{"type":"Point","coordinates":[83.02417,25.320482]}},{"type":"Feature","properties":{"f":"S","c":["Shiva","Shiva-Parvati"],"s":["fs"],"n":1,"r":90,"h":3},"geometry":{"type":"Point","coordinates":[83.02362,25.319836]}},{"type":"Feature","properties":{"f":"S","c":["Shiva","Shiva-Parvati"],"s":["fs"],"n":3,"r":82,"h":3,"nm":"Parwatiseshwar mahadev"},"geometry":{"type":"Point","coordinates":[83.023737,25.319829]}},{"type":"Feature","properties":{"f":"G","c":["Ganesh"],"s":["w"],"n":2,"r":76,"h":3},"geometry":{"type":"Point","coordinates":[83.023795,25.319801]}},{"type":"Feature","properties":{"f":"S","c":["Shiva"],"s":["fs"],"n":1,"r":80,"h":3},"geometry":{"type":"Point","coordinates":[83.023762,25.319818]}},{"type":"Feature","properties":{"f":"S","c":["Shiva"],"s":["fs"],"n":1,"r":84,"h":3},"geometry":{"type":"Point","coordinates":[83.023709,25.319824]}},{"type":"Feature","properties":{"f":"H","c":["Hanuman"],"s":["w"],"n":1,"r":86,"h":3},"geometry":{"type":"Point","coordinates":[83.023644,25.319805]}},{"type":"Feature","properties":{"f":"S","c":["Shiva","Shiva-Parvati"],"s":["fs"],"n":1,"r":87,"h":3},"geometry":{"type":"Point","coordinates":[83.02368,25.31984]}},{"type":"Feature","properties":{"f":"S","c":["Shiva"],"s":["fs"],"n":2,"r":87,"h":3},"geometry":{"type":"Point","coordinates":[83.023608,25.319785]}},{"type":"Feature","properties":{"f":"S","c":["Shiva","Shiva-Parvati"],"s":["fs"],"n":5,"r":93,"h":3},"geometry":{"type":"Point","coordinates":[83.023636,25.319882]}},{"type":"Feature","properties":{"f":"S","c":["Shiva"],"s":["fs"],"n":2,"r":92,"h":3},"geometry":{"type":"Point","coordinates":[83.023611,25.319846]}},{"type":"Feature","properties":{"f":"S","c":["Shiva","Shiva-Parvati"],"s":["w"],"n":3,"r":90,"h":3},"geometry":{"type":"Point","coordinates":[83.023497,25.31973]}},{"type":"Feature","properties":{"f":"S","c":["Shiva","Shiva-Parvati"],"s":["fs","t","tt"],"n":2,"r":0,"h":0},"geometry":{"type":"Point","coordinates":[83.022364,25.315395]}},{"type":"Feature","properties":{"f":"D","c":["Devi"],"s":["fs"],"n":2,"r":432,"h":0,"nm":"'"},"geometry":{"type":"Point","coordinates":[82.998333,25.325905]}},{"type":"Feature","properties":{"f":"GHSV","c":["Ganesh","Hanuman","Rama","Shiva"],"s":["fs"],"n":11,"r":584,"h":0},"geometry":{"type":"Point","coordinates":[82.999506,25.326997]}},{"type":"Feature","properties":{"f":"O","c":["Other"],"s":["t"],"n":2,"r":655,"h":0},"geometry":{"type":"Point","coordinates":[83.000865,25.32681]}},{"type":"Feature","properties":{"f":"GDHSV","c":["Devi","Ganesh","Hanuman","Rama","Shiva family"],"s":["c"],"n":21,"r":522,"h":0},"geometry":{"type":"Point","coordinates":[83.000772,25.325139]}},{"type":"Feature","properties":{"f":"HS","c":["Hanuman","Shiva family"],"s":["fs"],"n":12,"r":458,"h":0},"geometry":{"type":"Point","coordinates":[83.000136,25.32494]}},{"type":"Feature","properties":{"f":"GHSV","c":["Ganesh","Hanuman","Rama","Shiva"],"s":["fs"],"n":8,"r":478,"h":0},"geometry":{"type":"Point","coordinates":[83.00342,25.325884]}},{"type":"Feature","properties":{"f":"GHS","c":["Ganesh","Hanuman","Shiva"],"s":["w"],"n":5,"r":544,"h":0},"geometry":{"type":"Point","coordinates":[83.003105,25.323312]}},{"type":"Feature","properties":{"f":"OS","c":["Other","Shiva"],"s":["fs"],"n":5,"r":611,"h":0},"geometry":{"type":"Point","coordinates":[83.002801,25.322448]}},{"type":"Feature","properties":{"f":"HS","c":["Hanuman","Shiva"],"s":["fs"],"n":2,"r":543,"h":0},"geometry":{"type":"Point","coordinates":[83.001515,25.32438]}},{"type":"Feature","properties":{"f":"HOS","c":["Hanuman","Other","Shiva"],"s":["fs","t"],"n":7,"r":539,"h":0},"geometry":{"type":"Point","coordinates":[83.002846,25.324519]}},{"type":"Feature","properties":{"f":"S","c":["Shiva family"],"s":["c"],"n":7,"r":400,"h":0},"geometry":{"type":"Point","coordinates":[83.00488,25.322992]}},{"type":"Feature","properties":{"f":"H","c":["Hanuman"],"s":["fs"],"n":3,"r":448,"h":0},"geometry":{"type":"Point","coordinates":[83.0061,25.321435]}},{"type":"Feature","properties":{"f":"O","c":["Other"],"s":["fs"],"n":1,"r":560,"h":0},"geometry":{"type":"Point","coordinates":[83.002807,25.323694]}},{"type":"Feature","properties":{"f":"GHS","c":["Ganesh","Hanuman","Shiva","Shiva family"],"s":["fs"],"n":12,"r":192,"h":0},"geometry":{"type":"Point","coordinates":[83.006304,25.325977]}},{"type":"Feature","properties":{"f":"S","c":["Shiva"],"s":["fs"],"n":1,"r":97,"h":0},"geometry":{"type":"Point","coordinates":[83.009374,25.326171]}},{"type":"Feature","properties":{"f":"O","c":["Other"],"s":["fs"],"n":1,"r":61,"h":3},"geometry":{"type":"Point","coordinates":[83.009245,25.325192]}},{"type":"Feature","properties":{"f":"GHOS","c":["Ganesh","Hanuman","Other","Shiva"],"s":[],"n":12,"r":19,"h":0},"geometry":{"type":"Point","coordinates":[83.008824,25.325149]}},{"type":"Feature","properties":{"f":"S","c":["Shiva"],"s":["fs"],"n":1,"r":108,"h":3},"geometry":{"type":"Point","coordinates":[83.009714,25.325568]}},{"type":"Feature","properties":{"f":"S","c":["Shiva"],"s":["fs"],"n":2,"r":213,"h":0},"geometry":{"type":"Point","coordinates":[83.006209,25.3243]}},{"type":"Feature","properties":{"f":"OS","c":["Other","Shiva"],"s":["w"],"n":2,"r":141,"h":0},"geometry":{"type":"Point","coordinates":[83.006817,25.324703]}},{"type":"Feature","properties":{"f":"S","c":["Shiva"],"s":["t"],"n":3,"r":287,"h":0},"geometry":{"type":"Point","coordinates":[83.010223,25.322848]}},{"type":"Feature","properties":{"f":"O","c":["Other"],"s":["fs","tt"],"n":1,"r":268,"h":3},"geometry":{"type":"Point","coordinates":[83.010264,25.323087]}},{"type":"Feature","properties":{"f":"O","c":["Other"],"s":["fs","tt"],"n":1,"r":256,"h":3},"geometry":{"type":"Point","coordinates":[83.009314,25.322778]}},{"type":"Feature","properties":{"f":"HS","c":["Hanuman","Shiva"],"s":["fs","tt"],"n":3,"r":861,"h":0},"geometry":{"type":"Point","coordinates":[82.966749,25.328527]}},{"type":"Feature","properties":{"f":"GDHS","c":["Ganesh","Hanuman","Shiva","Sitala Maa"],"s":["tt","c"],"n":15,"r":396,"h":0,"nm":"Pashpani vinayak temple"},"geometry":{"type":"Point","coordinates":[82.975426,25.33163]}},{"type":"Feature","properties":{"f":"F","c":["Bir Baba"],"s":["w","ba"],"n":1,"r":358,"h":3},"geometry":{"type":"Point","coordinates":[83.000498,25.308639]}},{"type":"Feature","properties":{"f":"S","c":["Shiva"],"s":["fs"],"n":0,"r":321,"h":0},"geometry":{"type":"Point","coordinates":[83.003643,25.309048]}},{"type":"Feature","properties":{"f":"HV","c":["Hanuman","Rama"],"s":["ba"],"n":4,"r":336,"h":0},"geometry":{"type":"Point","coordinates":[83.003579,25.30889]}},{"type":"Feature","properties":{"f":"HS","c":["Hanuman","Shiva"],"s":["fs"],"n":5,"r":272,"h":0},"geometry":{"type":"Point","coordinates":[83.003372,25.298995]}},{"type":"Feature","properties":{"f":"HS","c":["Hanuman","Shiva"],"s":["fs"],"n":3,"r":378,"h":0},"geometry":{"type":"Point","coordinates":[82.978544,25.304546]}},{"type":"Feature","properties":{"f":"G","c":["Ganesh"],"s":["fs"],"n":1,"r":356,"h":0},"geometry":{"type":"Point","coordinates":[82.977415,25.304227]}},{"type":"Feature","properties":{"f":"H","c":["Hanuman"],"s":["fs","t"],"n":2,"r":164,"h":0},"geometry":{"type":"Point","coordinates":[82.973369,25.302796]}},{"type":"Feature","properties":{"f":"H","c":["Hanuman"],"s":["w"],"n":1,"r":332,"h":0},"geometry":{"type":"Point","coordinates":[82.973171,25.304304]}},{"type":"Feature","properties":{"f":"G","c":["Ganesh"],"s":["fs"],"n":1,"r":470,"h":0},"geometry":{"type":"Point","coordinates":[82.975083,25.305442]}},{"type":"Feature","properties":{"f":"HS","c":["Hanuman","Shiva family"],"s":["fs"],"n":2,"r":438,"h":0},"geometry":{"type":"Point","coordinates":[82.974613,25.307938]}},{"type":"Feature","properties":{"f":"D","c":["Local Maa"],"s":["ba"],"n":3,"r":433,"h":0},"geometry":{"type":"Point","coordinates":[82.975647,25.307947]}},{"type":"Feature","properties":{"f":"DHS","c":["Hanuman","Local Maa","Shiva"],"s":["fs","t"],"n":3,"r":455,"h":0},"geometry":{"type":"Point","coordinates":[82.975821,25.307757]}},{"type":"Feature","properties":{"f":"S","c":["Shiva","Shiva family"],"s":["fs","tt"],"n":10,"r":546,"h":0},"geometry":{"type":"Point","coordinates":[82.977425,25.307238]}},{"type":"Feature","properties":{"f":"HS","c":["Hanuman","Shiva family"],"s":["fs","tt"],"n":9,"r":432,"h":0},"geometry":{"type":"Point","coordinates":[82.97965,25.307002]}},{"type":"Feature","properties":{"f":"FHOS","c":["Bir Baba","Hanuman","Other","Shiva"],"s":["fs","t","tt"],"n":6,"r":379,"h":0},"geometry":{"type":"Point","coordinates":[83.010473,25.321675]}},{"type":"Feature","properties":{"f":"H","c":["Hanuman"],"s":["t"],"n":1,"r":320,"h":0},"geometry":{"type":"Point","coordinates":[83.010624,25.322744]}},{"type":"Feature","properties":{"f":"O","c":["Other"],"s":["w"],"n":3,"r":249,"h":3},"geometry":{"type":"Point","coordinates":[83.010225,25.323278]}},{"type":"Feature","properties":{"f":"FHS","c":["Bir Baba","Hanuman","Shiva"],"s":["fs"],"n":3,"r":304,"h":3},"geometry":{"type":"Point","coordinates":[83.012284,25.322461]}},{"type":"Feature","properties":{"f":"FS","c":["Bir Baba","Shiva"],"s":["t"],"n":10,"r":333,"h":3},"geometry":{"type":"Point","coordinates":[83.012697,25.322917]}},{"type":"Feature","properties":{"f":"HS","c":["Hanuman","Shiva"],"s":["fs"],"n":3,"r":257,"h":3},"geometry":{"type":"Point","coordinates":[83.013212,25.322344]}},{"type":"Feature","properties":{"f":"S","c":["Shiva"],"s":["fs"],"n":1,"r":358,"h":2},"geometry":{"type":"Point","coordinates":[83.013844,25.323404]}},{"type":"Feature","properties":{"f":"S","c":["Shiva"],"s":["fs"],"n":1,"r":222,"h":3},"geometry":{"type":"Point","coordinates":[83.014517,25.322227]}},{"type":"Feature","properties":{"f":"S","c":["Shiva"],"s":["w"],"n":5,"r":233,"h":3},"geometry":{"type":"Point","coordinates":[83.015244,25.322212]}},{"type":"Feature","properties":{"f":"O","c":["Other"],"s":["fs"],"n":1,"r":283,"h":3},"geometry":{"type":"Point","coordinates":[83.015434,25.32263]}},{"type":"Feature","properties":{"f":"S","c":["Shiva"],"s":["fs","tt","t"],"n":2,"r":347,"h":0},"geometry":{"type":"Point","coordinates":[83.016105,25.322988]}},{"type":"Feature","properties":{"f":"H","c":["Hanuman"],"s":["fs"],"n":1,"r":338,"h":3},"geometry":{"type":"Point","coordinates":[83.016622,25.322568]}},{"type":"Feature","properties":{"f":"O","c":["Other"],"s":["w"],"n":3,"r":175,"h":3},"geometry":{"type":"Point","coordinates":[83.015914,25.321108]}},{"type":"Feature","properties":{"f":"H","c":["Hanuman"],"s":["w"],"n":1,"r":170,"h":3},"geometry":{"type":"Point","coordinates":[83.015852,25.321113]}},{"type":"Feature","properties":{"f":"HS","c":["Hanuman","Shiva"],"s":["w"],"n":2,"r":168,"h":3},"geometry":{"type":"Point","coordinates":[83.015864,25.321069]}},{"type":"Feature","properties":{"f":"S","c":["Shiva"],"s":["w"],"n":1,"r":170,"h":3},"geometry":{"type":"Point","coordinates":[83.01588,25.321073]}},{"type":"Feature","properties":{"f":"O","c":["Other"],"s":["w"],"n":1,"r":153,"h":3},"geometry":{"type":"Point","coordinates":[83.015907,25.320672]}},{"type":"Feature","properties":{"f":"HS","c":["Hanuman","Shiva"],"s":["fs"],"n":2,"r":117,"h":3},"geometry":{"type":"Point","coordinates":[83.015606,25.320473]}},{"type":"Feature","properties":{"f":"O","c":["Other"],"s":["fs","tt"],"n":1,"r":143,"h":3},"geometry":{"type":"Point","coordinates":[83.015956,25.320121]}},{"type":"Feature","properties":{"f":"S","c":["Shiva"],"s":["fs"],"n":1,"r":99,"h":3},"geometry":{"type":"Point","coordinates":[83.015397,25.320537]}},{"type":"Feature","properties":{"f":"GS","c":["Ganesh","Shiva"],"s":["fs"],"n":2,"r":80,"h":3},"geometry":{"type":"Point","coordinates":[83.01474,25.320905]}},{"type":"Feature","properties":{"f":"O","c":["Other"],"s":["fs"],"n":9,"r":76,"h":3},"geometry":{"type":"Point","coordinates":[83.014657,25.320892]}},{"type":"Feature","properties":{"f":"HS","c":["Hanuman","Shiva"],"s":["fs"],"n":2,"r":86,"h":3},"geometry":{"type":"Point","coordinates":[83.014704,25.320979]}},{"type":"Feature","properties":{"f":"S","c":["Shiva"],"s":["fs"],"n":2,"r":112,"h":3},"geometry":{"type":"Point","coordinates":[83.015336,25.320858]}},{"type":"Feature","properties":{"f":"S","c":["Shiva"],"s":["fs"],"n":1,"r":129,"h":3},"geometry":{"type":"Point","coordinates":[83.015205,25.32118]}},{"type":"Feature","properties":{"f":"HS","c":["Hanuman","Shiva"],"s":["fs","c"],"n":2,"r":137,"h":3},"geometry":{"type":"Point","coordinates":[83.015124,25.32131]}},{"type":"Feature","properties":{"f":"H","c":["Hanuman"],"s":["w"],"n":1,"r":159,"h":3},"geometry":{"type":"Point","coordinates":[83.015122,25.321535]}},{"type":"Feature","properties":{"f":"O","c":["Other"],"s":["w"],"n":1,"r":213,"h":3},"geometry":{"type":"Point","coordinates":[83.014904,25.322107]}},{"type":"Feature","properties":{"f":"HV","c":["Hanuman","Rama"],"s":["ba"],"n":4,"r":336,"h":0},"geometry":{"type":"Point","coordinates":[83.003579,25.30889]}},{"type":"Feature","properties":{"f":"GDHS","c":["Devi","Ganesh","Hanuman","Local Maa","Shiva","Shiva-Parvati"],"s":["fs"],"n":6,"r":337,"h":0},"geometry":{"type":"Point","coordinates":[83.003317,25.299591]}},{"type":"Feature","properties":{"f":"D","c":["Devi","Local Maa"],"s":["fs"],"n":2,"r":362,"h":0},"geometry":{"type":"Point","coordinates":[83.002094,25.299674]}},{"type":"Feature","properties":{"f":"S","c":["Shiva","Shiva-Parvati"],"s":["c"],"n":1,"r":373,"h":0},"geometry":{"type":"Point","coordinates":[83.002137,25.299785]}},{"type":"Feature","properties":{"f":"S","c":["Shiva"],"s":["c"],"n":1,"r":370,"h":0},"geometry":{"type":"Point","coordinates":[83.002134,25.299759]}},{"type":"Feature","properties":{"f":"S","c":["Shiva"],"s":["c"],"n":1,"r":372,"h":0},"geometry":{"type":"Point","coordinates":[83.002133,25.299778]}},{"type":"Feature","properties":{"f":"S","c":["Shiva"],"s":["fs"],"n":6,"r":385,"h":0},"geometry":{"type":"Point","coordinates":[82.977992,25.304552]}},{"type":"Feature","properties":{"f":"HS","c":["Hanuman","Shiva"],"s":["fs"],"n":2,"r":163,"h":0},"geometry":{"type":"Point","coordinates":[82.97312,25.302736]}},{"type":"Feature","properties":{"f":"D","c":["Devi","Local Maa"],"s":["t"],"n":1,"r":508,"h":0},"geometry":{"type":"Point","coordinates":[82.977155,25.305577]}},{"type":"Feature","properties":{"f":"S","c":["Shiva","Shiva-Parvati"],"s":["fs"],"n":1,"r":561,"h":0},"geometry":{"type":"Point","coordinates":[82.975102,25.306782]}},{"type":"Feature","properties":{"f":"D","c":["Devi","Local Maa"],"s":["fs"],"n":1,"r":556,"h":0},"geometry":{"type":"Point","coordinates":[82.975202,25.306822]}},{"type":"Feature","properties":{"f":"HS","c":["Hanuman","Shiva"],"s":["fs"],"n":2,"r":556,"h":0},"geometry":{"type":"Point","coordinates":[82.975202,25.306822]}},{"type":"Feature","properties":{"f":"S","c":["Shiva"],"s":["tt"],"n":1,"r":556,"h":0},"geometry":{"type":"Point","coordinates":[82.975179,25.306825]}},{"type":"Feature","properties":{"f":"S","c":["Shiva"],"s":["t","tt"],"n":1,"r":558,"h":0},"geometry":{"type":"Point","coordinates":[82.975386,25.306801]}},{"type":"Feature","properties":{"f":"GS","c":["Ganesh","Shiva","Shiva family","Shiva-Parvati"],"s":["fs"],"n":3,"r":410,"h":0},"geometry":{"type":"Point","coordinates":[82.97485,25.308166]}},{"type":"Feature","properties":{"f":"H","c":["Hanuman"],"s":["fs"],"n":1,"r":423,"h":0},"geometry":{"type":"Point","coordinates":[82.974852,25.308047]}},{"type":"Feature","properties":{"f":"S","c":["Shiva","Shiva-Parvati"],"s":["fs"],"n":2,"r":385,"h":0},"geometry":{"type":"Point","coordinates":[82.974857,25.308391]}},{"type":"Feature","properties":{"f":"S","c":["Shiva","Shiva-Parvati"],"s":["t","tt"],"n":2,"r":385,"h":0},"geometry":{"type":"Point","coordinates":[82.974957,25.308378]}},{"type":"Feature","properties":{"f":"H","c":["Hanuman"],"s":["fs"],"n":1,"r":502,"h":0},"geometry":{"type":"Point","coordinates":[82.976903,25.307505]}},{"type":"Feature","properties":{"f":"GD","c":["Devi","Ganesh","Local Maa"],"s":["t"],"n":1,"r":517,"h":0},"geometry":{"type":"Point","coordinates":[82.976956,25.307381]}},{"type":"Feature","properties":{"f":"H","c":["Hanuman"],"s":["t","tt"],"n":2,"r":394,"h":0},"geometry":{"type":"Point","coordinates":[82.978072,25.308598]}},{"type":"Feature","properties":{"f":"V","c":["Rama"],"s":["fs"],"n":4,"r":389,"h":0},"geometry":{"type":"Point","coordinates":[82.978069,25.308659]}},{"type":"Feature","properties":{"f":"H","c":["Hanuman"],"s":["fs"],"n":2,"r":158,"h":0},"geometry":{"type":"Point","coordinates":[82.977816,25.311635]}},{"type":"Feature","properties":{"f":"S","c":["Shiva"],"s":["w"],"n":1,"r":115,"h":3},"geometry":{"type":"Point","coordinates":[83.015595,25.320435]}},{"type":"Feature","properties":{"f":"D","c":["Sitala Maa"],"s":["fs"],"n":2,"r":202,"h":3,"nm":"Shri viaheshwari man shitla Ji"},"geometry":{"type":"Point","coordinates":[83.015993,25.32142]}},{"type":"Feature","properties":{"f":"H","c":["Hanuman"],"s":["w"],"n":1,"r":170,"h":3},"geometry":{"type":"Point","coordinates":[83.015867,25.321093]}},{"type":"Feature","properties":{"f":"S","c":["Shiva","Shiva family","Shiva-Parvati"],"s":["fs"],"n":3,"r":173,"h":3},"geometry":{"type":"Point","coordinates":[83.015896,25.321106]}},{"type":"Feature","properties":{"f":"S","c":["Shiva","Shiva-Parvati"],"s":["fs"],"n":2,"r":258,"h":3},"geometry":{"type":"Point","coordinates":[83.017008,25.320585]}},{"type":"Feature","properties":{"f":"D","c":["Sitala Maa"],"s":["fs"],"n":1,"r":258,"h":3,"nm":"Sanakt harni shitla mata"},"geometry":{"type":"Point","coordinates":[83.016993,25.32064]}},{"type":"Feature","properties":{"f":"HS","c":["Hanuman","Shiva"],"s":["fs"],"n":2,"r":226,"h":3,"nm":"Gureshwar mahadev"},"geometry":{"type":"Point","coordinates":[83.01681,25.320099]}},{"type":"Feature","properties":{"f":"H","c":["Hanuman"],"s":["w"],"n":1,"r":239,"h":3},"geometry":{"type":"Point","coordinates":[83.016725,25.320905]}},{"type":"Feature","properties":{"f":"G","c":["Ganesh"],"s":["t","tt"],"n":1,"r":306,"h":3},"geometry":{"type":"Point","coordinates":[83.017396,25.320985]}},{"type":"Feature","properties":{"f":"H","c":["Hanuman"],"s":["fs"],"n":2,"r":291,"h":3},"geometry":{"type":"Point","coordinates":[83.017276,25.320875]}},{"type":"Feature","properties":{"f":"D","c":["Sitala Maa"],"s":["fs"],"n":1,"r":299,"h":3},"geometry":{"type":"Point","coordinates":[83.017334,25.32094]}},{"type":"Feature","properties":{"f":"S","c":["Shiva"],"s":["fs","w"],"n":1,"r":298,"h":3},"geometry":{"type":"Point","coordinates":[83.017359,25.320813]}},{"type":"Feature","properties":{"f":"GHS","c":["Ganesh","Hanuman","Shiva","Shiva-Parvati"],"s":["fs"],"n":4,"r":318,"h":3},"geometry":{"type":"Point","coordinates":[83.017494,25.321046]}},{"type":"Feature","properties":{"f":"H","c":["Hanuman"],"s":["fs"],"n":1,"r":303,"h":3,"nm":"Phutahe hanuman"},"geometry":{"type":"Point","coordinates":[83.017973,25.321177]}},{"type":"Feature","properties":{"f":"HS","c":["Hanuman","Shiva"],"s":["fs"],"n":2,"r":296,"h":3},"geometry":{"type":"Point","coordinates":[83.018038,25.321163]}},{"type":"Feature","properties":{"f":"D","c":["Sitala Maa"],"s":["fs"],"n":2,"r":284,"h":3,"nm":"Shri shitla dham"},"geometry":{"type":"Point","coordinates":[83.018253,25.321474]}},{"type":"Feature","properties":{"f":"DS","c":["Shiva","Shiva-Parvati","Sitala Maa"],"s":["fs"],"n":3,"r":218,"h":3},"geometry":{"type":"Point","coordinates":[83.019112,25.321752]}},{"type":"Feature","properties":{"f":"V","c":["Rama"],"s":["fs"],"n":4,"r":315,"h":3},"geometry":{"type":"Point","coordinates":[83.01779,25.320612]}},{"type":"Feature","properties":{"f":"H","c":["Hanuman"],"s":["w"],"n":1,"r":300,"h":3},"geometry":{"type":"Point","coordinates":[83.017946,25.320362]}},{"type":"Feature","properties":{"f":"D","c":["Sitala Maa"],"s":["fs"],"n":1,"r":268,"h":3},"geometry":{"type":"Point","coordinates":[83.018257,25.320686]}},{"type":"Feature","properties":{"f":"S","c":["Shiva","Shiva-Parvati"],"s":["fs"],"n":2,"r":293,"h":3},"geometry":{"type":"Point","coordinates":[83.01802,25.32089]}},{"type":"Feature","properties":{"f":"S","c":["Shiva"],"s":["fs"],"n":1,"r":293,"h":3},"geometry":{"type":"Point","coordinates":[83.01802,25.32089]}},{"type":"Feature","properties":{"f":"S","c":["Shiva"],"s":["t"],"n":0,"r":301,"h":3},"geometry":{"type":"Point","coordinates":[83.017943,25.320892]}},{"type":"Feature","properties":{"f":"S","c":["Shiva"],"s":["fs"],"n":1,"r":306,"h":3},"geometry":{"type":"Point","coordinates":[83.017893,25.320894]}},{"type":"Feature","properties":{"f":"D","c":["Sitala Maa"],"s":["fs"],"n":1,"r":367,"h":0},"geometry":{"type":"Point","coordinates":[83.018329,25.323021]}},{"type":"Feature","properties":{"f":"S","c":["Shiva","Shiva-Parvati"],"s":["fs"],"n":1,"r":379,"h":0},"geometry":{"type":"Point","coordinates":[83.018493,25.323312]}},{"type":"Feature","properties":{"f":"S","c":["Shiva","Shiva-Parvati"],"s":["fs"],"n":1,"r":377,"h":0},"geometry":{"type":"Point","coordinates":[83.018324,25.323147]}},{"type":"Feature","properties":{"f":"V","c":["Rama"],"s":["c"],"n":6,"r":361,"h":0},"geometry":{"type":"Point","coordinates":[83.018452,25.323053]}},{"type":"Feature","properties":{"f":"V","c":["Krishna"],"s":["fs"],"n":5,"r":396,"h":0},"geometry":{"type":"Point","coordinates":[83.018166,25.323246]}},{"type":"Feature","properties":{"f":"S","c":["Shiva","Shiva-Parvati"],"s":["fs"],"n":2,"r":388,"h":2},"geometry":{"type":"Point","coordinates":[83.017898,25.322856]}},{"type":"Feature","properties":{"f":"S","c":["Shiva","Shiva-Parvati"],"s":["c"],"n":1,"r":400,"h":0},"geometry":{"type":"Point","coordinates":[83.018411,25.323496]}},{"type":"Feature","properties":{"f":"HS","c":["Hanuman","Shiva"],"s":["fs"],"n":2,"r":445,"h":0},"geometry":{"type":"Point","coordinates":[83.017304,25.323682]}},{"type":"Feature","properties":{"f":"H","c":["Hanuman"],"s":["tt"],"n":1,"r":437,"h":0},"geometry":{"type":"Point","coordinates":[83.0174,25.323755]}},{"type":"Feature","properties":{"f":"H","c":["Hanuman"],"s":["t","tt"],"n":1,"r":423,"h":0},"geometry":{"type":"Point","coordinates":[83.017573,25.3239]}},{"type":"Feature","properties":{"f":"V","c":["Rama"],"s":["c"],"n":2,"r":423,"h":0},"geometry":{"type":"Point","coordinates":[83.017613,25.323907]}},{"type":"Feature","properties":{"f":"H","c":["Hanuman"],"s":["fs"],"n":1,"r":337,"h":3},"geometry":{"type":"Point","coordinates":[83.016445,25.322681]}},{"type":"Feature","properties":{"f":"S","c":["Shiva"],"s":["w"],"n":1,"r":335,"h":3},"geometry":{"type":"Point","coordinates":[83.016584,25.322565]}},{"type":"Feature","properties":{"f":"H","c":["Hanuman"],"s":["fs"],"n":1,"r":282,"h":3},"geometry":{"type":"Point","coordinates":[83.016084,25.322313]}},{"type":"Feature","properties":{"f":"S","c":["Shiva"],"s":["w"],"n":1,"r":227,"h":3},"geometry":{"type":"Point","coordinates":[83.015161,25.32218]}},{"type":"Feature","properties":{"f":"V","c":["Krishna"],"s":["w"],"n":2,"r":211,"h":3},"geometry":{"type":"Point","coordinates":[83.015061,25.322059]}},{"type":"Feature","properties":{"f":"S","c":["Shiva","Shiva family","Shiva-Parvati"],"s":["fs"],"n":20,"r":213,"h":3,"nm":"Mahamrtyunjay mahadev"},"geometry":{"type":"Point","coordinates":[83.014823,25.32212]}},{"type":"Feature","properties":{"f":"S","c":["Shiva"],"s":["fs"],"n":1,"r":228,"h":3},"geometry":{"type":"Point","coordinates":[83.014665,25.322275]}},{"type":"Feature","properties":{"f":"H","c":["Hanuman"],"s":["fs"],"n":1,"r":231,"h":3},"geometry":{"type":"Point","coordinates":[83.014369,25.322308]}},{"type":"Feature","properties":{"f":"S","c":["Shiva","Shiva-Parvati"],"s":["fs"],"n":2,"r":230,"h":3},"geometry":{"type":"Point","coordinates":[83.014229,25.322296]}},{"type":"Feature","properties":{"f":"D","c":["Devi","Local Maa"],"s":["fs"],"n":2,"r":237,"h":3},"geometry":{"type":"Point","coordinates":[83.013964,25.322315]}},{"type":"Feature","properties":{"f":"S","c":["Shiva"],"s":["w"],"n":1,"r":237,"h":3},"geometry":{"type":"Point","coordinates":[83.014118,25.322344]}},{"type":"Feature","properties":{"f":"D","c":["Sitala Maa"],"s":["w"],"n":1,"r":223,"h":3},"geometry":{"type":"Point","coordinates":[83.014298,25.322234]}},{"type":"Feature","properties":{"f":"G","c":["Ganesh"],"s":["w"],"n":1,"r":216,"h":3},"geometry":{"type":"Point","coordinates":[83.015019,25.322109]}},{"type":"Feature","properties":{"f":"FHOS","c":["Bir Baba","Hanuman","Other","Shiva-Parvati"],"s":["c","t","fs"],"n":7,"r":534,"h":0},"geometry":{"type":"Point","coordinates":[82.98793,25.319872]}},{"type":"Feature","properties":{"f":"O","c":["Other"],"s":["fs","tt"],"n":1,"r":631,"h":0},"geometry":{"type":"Point","coordinates":[82.987682,25.320747]}},{"type":"Feature","properties":{"f":"HS","c":["Hanuman","Shiva"],"s":["fs"],"n":3,"r":641,"h":0},"geometry":{"type":"Point","coordinates":[82.987088,25.323826]}},{"type":"Feature","properties":{"f":"S","c":["Shiva"],"s":["fs"],"n":1,"r":630,"h":0},"geometry":{"type":"Point","coordinates":[82.986896,25.323978]}},{"type":"Feature","properties":{"f":"HS","c":["Hanuman","Shiva"],"s":["fs","tt","t"],"n":2,"r":705,"h":0},"geometry":{"type":"Point","coordinates":[82.986494,25.323375]}},{"type":"Feature","properties":{"f":"HS","c":["Hanuman","Shiva","Shiva family"],"s":["fs","c","t"],"n":7,"r":612,"h":0},"geometry":{"type":"Point","coordinates":[82.987517,25.324016]}},{"type":"Feature","properties":{"f":"O","c":["Other"],"s":["fs"],"n":1,"r":477,"h":0},"geometry":{"type":"Point","coordinates":[82.990147,25.324241]}},{"type":"Feature","properties":{"f":"OS","c":["Other","Shiva"],"s":["w"],"n":4,"r":502,"h":0},"geometry":{"type":"Point","coordinates":[82.989832,25.324166]}},{"type":"Feature","properties":{"f":"FD","c":["Bir Baba","Devi"],"s":["tt"],"n":4,"r":568,"h":0},"geometry":{"type":"Point","coordinates":[82.989123,25.324143]}},{"type":"Feature","properties":{"f":"S","c":["Shiva"],"s":["fs"],"n":3,"r":585,"h":0},"geometry":{"type":"Point","coordinates":[82.98869,25.324165]}},{"type":"Feature","properties":{"f":"HOS","c":["Hanuman","Other","Shiva"],"s":["fs"],"n":5,"r":574,"h":0},"geometry":{"type":"Point","coordinates":[82.989047,25.324113]}},{"type":"Feature","properties":{"f":"GHS","c":["Ganesh","Hanuman","Shiva"],"s":["fs","t","c"],"n":8,"r":518,"h":0},"geometry":{"type":"Point","coordinates":[82.98937,25.323294]}},{"type":"Feature","properties":{"f":"S","c":["Shiva"],"s":["t"],"n":2,"r":379,"h":0},"geometry":{"type":"Point","coordinates":[82.991679,25.324735]}},{"type":"Feature","properties":{"f":"S","c":["Shiva"],"s":["tt","fs"],"n":1,"r":414,"h":0},"geometry":{"type":"Point","coordinates":[82.991271,25.324795]}},{"type":"Feature","properties":{"f":"HOSV","c":["Hanuman","Krishna","Other","Shiva"],"s":["fs","c"],"n":8,"r":459,"h":0},"geometry":{"type":"Point","coordinates":[82.99159,25.326155]}},{"type":"Feature","properties":{"f":"S","c":["Shiva"],"s":["fs"],"n":1,"r":349,"h":0},"geometry":{"type":"Point","coordinates":[82.989043,25.326318]}},{"type":"Feature","properties":{"f":"S","c":["Shiva-Parvati"],"s":["w"],"n":2,"r":370,"h":0},"geometry":{"type":"Point","coordinates":[82.989064,25.326127]}},{"type":"Feature","properties":{"f":"OS","c":["Other","Shiva"],"s":["fs","t"],"n":2,"r":564,"h":0},"geometry":{"type":"Point","coordinates":[82.988202,25.324374]}},{"type":"Feature","properties":{"f":"S","c":["Shiva"],"s":["fs"],"n":1,"r":478,"h":0},"geometry":{"type":"Point","coordinates":[82.988561,25.325139]}},{"type":"Feature","properties":{"f":"S","c":["Shiva"],"s":["fs","tt"],"n":1,"r":72,"h":0},"geometry":{"type":"Point","coordinates":[82.970128,25.29963]}},{"type":"Feature","properties":{"f":"H","c":["Hanuman"],"s":["fs","tt"],"n":1,"r":235,"h":0},"geometry":{"type":"Point","coordinates":[82.971955,25.303205]}},{"type":"Feature","properties":{"f":"DHS","c":["Hanuman","Local Maa","Shiva-Parvati"],"s":["fs","t"],"n":4,"r":50,"h":0},"geometry":{"type":"Point","coordinates":[82.970187,25.299417]}},{"type":"Feature","properties":{"f":"HS","c":["Hanuman","Shiva","Shiva-Parvati"],"s":["fs","tt"],"n":6,"r":342,"h":0},"geometry":{"type":"Point","coordinates":[82.972375,25.304208]}},{"type":"Feature","properties":{"f":"H","c":["Hanuman"],"s":["tt"],"n":1,"r":9,"h":0},"geometry":{"type":"Point","coordinates":[82.970902,25.301248]}},{"type":"Feature","properties":{"f":"V","c":["Krishna"],"s":["t"],"n":2,"r":16,"h":0},"geometry":{"type":"Point","coordinates":[82.970712,25.300932]}},{"type":"Feature","properties":{"f":"S","c":["Shiva","Shiva-Parvati"],"s":["t"],"n":2,"r":18,"h":0},"geometry":{"type":"Point","coordinates":[82.970708,25.300954]}},{"type":"Feature","properties":{"f":"S","c":["Shiva"],"s":["t"],"n":0,"r":0,"h":0},"geometry":{"type":"Point","coordinates":[82.970826,25.300677]}},{"type":"Feature","properties":{"f":"S","c":["Shiva"],"s":["t"],"n":1,"r":52,"h":0},"geometry":{"type":"Point","coordinates":[82.970413,25.299692]}},{"type":"Feature","properties":{"f":"H","c":["Hanuman"],"s":["t"],"n":1,"r":39,"h":0},"geometry":{"type":"Point","coordinates":[82.969883,25.298671]}},{"type":"Feature","properties":{"f":"FS","c":["Bir Baba","Shiva"],"s":["fs"],"n":3,"r":59,"h":0},"geometry":{"type":"Point","coordinates":[82.967929,25.303228]}},{"type":"Feature","properties":{"f":"F","c":["Bir Baba"],"s":["fs"],"n":1,"r":24,"h":0},"geometry":{"type":"Point","coordinates":[82.966737,25.30528]}},{"type":"Feature","properties":{"f":"HS","c":["Hanuman","Shiva"],"s":["fs"],"n":2,"r":234,"h":0},"geometry":{"type":"Point","coordinates":[82.96754,25.30731]}},{"type":"Feature","properties":{"f":"D","c":["Sitala Maa"],"s":["fs","t"],"n":1,"r":368,"h":0},"geometry":{"type":"Point","coordinates":[82.961968,25.308302]}},{"type":"Feature","properties":{"f":"DS","c":["Local Maa","Shiva"],"s":["fs","t"],"n":2,"r":109,"h":0},"geometry":{"type":"Point","coordinates":[82.963449,25.305751]}},{"type":"Feature","properties":{"f":"HS","c":["Hanuman","Shiva"],"s":["fs","t"],"n":2,"r":115,"h":0},"geometry":{"type":"Point","coordinates":[82.963533,25.305089]}},{"type":"Feature","properties":{"f":"HS","c":["Hanuman","Shiva"],"s":["fs"],"n":2,"r":38,"h":0},"geometry":{"type":"Point","coordinates":[82.964332,25.305251]}},{"type":"Feature","properties":{"f":"S","c":["Shiva"],"s":["tt"],"n":1,"r":36,"h":0},"geometry":{"type":"Point","coordinates":[82.964355,25.305254]}},{"type":"Feature","properties":{"f":"F","c":["Bir Baba"],"s":["fs"],"n":1,"r":54,"h":0},"geometry":{"type":"Point","coordinates":[82.967721,25.314348]}},{"type":"Feature","properties":{"f":"FGDHSV","c":["Bir Baba","Ganesh","Hanuman","Krishna","Local Maa","Rama","Shiva","Shiva-Parvati"],"s":["fs","t"],"n":34,"r":37,"h":0},"geometry":{"type":"Point","coordinates":[82.967911,25.313895]}},{"type":"Feature","properties":{"f":"FD","c":["Bir Baba","Local Maa"],"s":["fs","t"],"n":2,"r":161,"h":0},"geometry":{"type":"Point","coordinates":[82.967595,25.306437]}},{"type":"Feature","properties":{"f":"S","c":["Shiva"],"s":["fs","t"],"n":1,"r":144,"h":0},"geometry":{"type":"Point","coordinates":[82.967576,25.306217]}},{"type":"Feature","properties":{"f":"S","c":["Shiva","Shiva family"],"s":["fs","t"],"n":5,"r":92,"h":0},"geometry":{"type":"Point","coordinates":[82.968421,25.302104]}},{"type":"Feature","properties":{"f":"S","c":["Shiva"],"s":["tt"],"n":1,"r":96,"h":0},"geometry":{"type":"Point","coordinates":[82.969983,25.297546]}},{"type":"Feature","properties":{"f":"DV","c":["Krishna","Local Maa"],"s":["fs"],"n":2,"r":271,"h":0},"geometry":{"type":"Point","coordinates":[82.972108,25.303496]}},{"type":"Feature","properties":{"f":"H","c":["Hanuman"],"s":["t"],"n":1,"r":15,"h":0},"geometry":{"type":"Point","coordinates":[82.970754,25.301005]}},{"type":"Feature","properties":{"f":"S","c":["Shiva"],"s":["fs"],"n":2,"r":397,"h":0},"geometry":{"type":"Point","coordinates":[82.965072,25.309735]}},{"type":"Feature","properties":{"f":"D","c":["Sitala Maa"],"s":["fs"],"n":1,"r":68,"h":0},"geometry":{"type":"Point","coordinates":[82.967588,25.314453]}},{"type":"Feature","properties":{"f":"GHS","c":["Ganesh","Hanuman","Shiva","Shiva-Parvati"],"s":["fs","tt"],"n":6,"r":162,"h":0},"geometry":{"type":"Point","coordinates":[82.96762,25.306425]}},{"type":"Feature","properties":{"f":"S","c":["Shiva","Shiva-Parvati"],"s":["fs"],"n":3,"r":95,"h":3},"geometry":{"type":"Point","coordinates":[83.015337,25.320563]}},{"type":"Feature","properties":{"f":"F","c":["Bir Baba"],"s":["w"],"n":1,"r":58,"h":3,"nm":"Daitavir baba"},"geometry":{"type":"Point","coordinates":[83.01502,25.320378]}},{"type":"Feature","properties":{"f":"G","c":["Ganesh"],"s":["w"],"n":1,"r":75,"h":3},"geometry":{"type":"Point","coordinates":[83.015128,25.320542]}},{"type":"Feature","properties":{"f":"S","c":["Shiva-Parvati"],"s":["w"],"n":1,"r":2,"h":3},"geometry":{"type":"Point","coordinates":[83.014213,25.320189]}},{"type":"Feature","properties":{"f":"S","c":["Shiva"],"s":["w"],"n":1,"r":1,"h":3},"geometry":{"type":"Point","coordinates":[83.014181,25.320172]}},{"type":"Feature","properties":{"f":"S","c":["Shiva"],"s":["t","tt","fs"],"n":1,"r":70,"h":3},"geometry":{"type":"Point","coordinates":[83.015239,25.320035]}},{"type":"Feature","properties":{"f":"D","c":["Sitala Maa"],"s":["w"],"n":1,"r":18,"h":3},"geometry":{"type":"Point","coordinates":[83.014334,25.320361]}},{"type":"Feature","properties":{"f":"G","c":["Ganesh"],"s":["w","c"],"n":1,"r":18,"h":3},"geometry":{"type":"Point","coordinates":[83.014323,25.320366]}},{"type":"Feature","properties":{"f":"D","c":["Devi","Local Maa"],"s":["t"],"n":1,"r":22,"h":3},"geometry":{"type":"Point","coordinates":[83.014447,25.320424]}},{"type":"Feature","properties":{"f":"H","c":["Hanuman"],"s":[],"n":1,"r":12,"h":3},"geometry":{"type":"Point","coordinates":[83.014323,25.320311]}},{"type":"Feature","properties":{"f":"H","c":["Hanuman"],"s":["tt"],"n":1,"r":13,"h":3},"geometry":{"type":"Point","coordinates":[83.014322,25.320318]}},{"type":"Feature","properties":{"f":"S","c":["Shiva","Shiva-Parvati"],"s":["fs"],"n":2,"r":32,"h":3},"geometry":{"type":"Point","coordinates":[83.013591,25.320299]}},{"type":"Feature","properties":{"f":"S","c":["Shiva"],"s":["t"],"n":1,"r":77,"h":3},"geometry":{"type":"Point","coordinates":[83.013212,25.319338]}},{"type":"Feature","properties":{"f":"O","c":["Other"],"s":["t"],"n":1,"r":22,"h":3},"geometry":{"type":"Point","coordinates":[83.013749,25.319433]}},{"type":"Feature","properties":{"f":"D","c":["Sitala Maa"],"s":["fs"],"n":1,"r":28,"h":0},"geometry":{"type":"Point","coordinates":[83.013874,25.319273]}},{"type":"Feature","properties":{"f":"S","c":["Shiva","Shiva-Parvati"],"s":["fs"],"n":4,"r":21,"h":0},"geometry":{"type":"Point","coordinates":[83.013925,25.319325]}},{"type":"Feature","properties":{"f":"S","c":["Shiva"],"s":["fs"],"n":1,"r":24,"h":0},"geometry":{"type":"Point","coordinates":[83.013843,25.319318]}},{"type":"Feature","properties":{"f":"GS","c":["Ganesh","Shiva","Shiva-Parvati"],"s":["fs"],"n":3,"r":96,"h":3},"geometry":{"type":"Point","coordinates":[83.012855,25.320103]}},{"type":"Feature","properties":{"f":"HS","c":["Hanuman","Shiva","Shiva-Parvati"],"s":["fs"],"n":2,"r":94,"h":3},"geometry":{"type":"Point","coordinates":[83.012957,25.319654]}},{"type":"Feature","properties":{"f":"S","c":["Shiva"],"s":["fs"],"n":2,"r":110,"h":3},"geometry":{"type":"Point","coordinates":[83.013101,25.320843]}},{"type":"Feature","properties":{"f":"D","c":["Devi","Local Maa"],"s":["fs","t"],"n":1,"r":130,"h":3},"geometry":{"type":"Point","coordinates":[83.013007,25.321015]}},{"type":"Feature","properties":{"f":"S","c":["Shiva"],"s":["fs"],"n":1,"r":316,"h":3},"geometry":{"type":"Point","coordinates":[83.013786,25.323014]}},{"type":"Feature","properties":{"f":"S","c":["Shiva","Shiva-Parvati"],"s":["c"],"n":2,"r":265,"h":3},"geometry":{"type":"Point","coordinates":[83.013358,25.322446]}},{"type":"Feature","properties":{"f":"H","c":["Hanuman"],"s":["c"],"n":1,"r":257,"h":3},"geometry":{"type":"Point","coordinates":[83.013345,25.322374]}},{"type":"Feature","properties":{"f":"S","c":["Shiva","Shiva-Parvati"],"s":["fs"],"n":1,"r":183,"h":3},"geometry":{"type":"Point","coordinates":[83.015096,25.321775]}},{"type":"Feature","properties":{"f":"H","c":["Hanuman"],"s":[],"n":1,"r":150,"h":3},"geometry":{"type":"Point","coordinates":[83.015038,25.321475]}},{"type":"Feature","properties":{"f":"S","c":["Shiva"],"s":["w"],"n":1,"r":116,"h":3},"geometry":{"type":"Point","coordinates":[83.015054,25.321134]}},{"type":"Feature","properties":{"f":"S","c":["Shiva","Shiva-Parvati"],"s":["fs"],"n":1,"r":130,"h":3},"geometry":{"type":"Point","coordinates":[83.015119,25.32124]}},{"type":"Feature","properties":{"f":"S","c":["Shiva","Shiva-Parvati"],"s":["fs"],"n":1,"r":138,"h":3},"geometry":{"type":"Point","coordinates":[83.015196,25.321287]}},{"type":"Feature","properties":{"f":"S","c":["Shiva","Shiva-Parvati"],"s":["c"],"n":2,"r":134,"h":3},"geometry":{"type":"Point","coordinates":[83.015132,25.321279]}},{"type":"Feature","properties":{"f":"S","c":["Shiva"],"s":["fs"],"n":1,"r":137,"h":3},"geometry":{"type":"Point","coordinates":[83.015175,25.321283]}},{"type":"Feature","properties":{"f":"S","c":["Shiva"],"s":["fs"],"n":1,"r":111,"h":3},"geometry":{"type":"Point","coordinates":[83.014968,25.321126]}},{"type":"Feature","properties":{"f":"H","c":["Hanuman"],"s":["fs"],"n":1,"r":203,"h":0},"geometry":{"type":"Point","coordinates":[82.972279,25.317102]}},{"type":"Feature","properties":{"f":"HS","c":["Hanuman","Shiva"],"s":["fs"],"n":2,"r":218,"h":0},"geometry":{"type":"Point","coordinates":[82.973439,25.317452]}},{"type":"Feature","properties":{"f":"GHS","c":["Ganesh","Hanuman","Shiva-Parvati"],"s":["fs"],"n":5,"r":892,"h":0},"geometry":{"type":"Point","coordinates":[82.98433,25.322388]}},{"type":"Feature","properties":{"f":"D","c":["Devi"],"s":["tt"],"n":1,"r":742,"h":0},"geometry":{"type":"Point","coordinates":[82.98573,25.323278]}},{"type":"Feature","properties":{"f":"HS","c":["Hanuman","Shiva"],"s":["t"],"n":3,"r":261,"h":0},"geometry":{"type":"Point","coordinates":[82.988288,25.327114]}},{"type":"Feature","properties":{"f":"S","c":["Shiva"],"s":["fs"],"n":1,"r":197,"h":0},"geometry":{"type":"Point","coordinates":[82.988915,25.327682]}},{"type":"Feature","properties":{"f":"HS","c":["Hanuman","Shiva"],"s":["fs"],"n":3,"r":82,"h":0},"geometry":{"type":"Point","coordinates":[82.996062,25.332287]}},{"type":"Feature","properties":{"f":"HV","c":["Hanuman","Krishna","Rama"],"s":["fs"],"n":6,"r":297,"h":0},"geometry":{"type":"Point","coordinates":[82.992106,25.330313]}},{"type":"Feature","properties":{"f":"S","c":["Shiva"],"s":["fs","tt"],"n":1,"r":95,"h":0},"geometry":{"type":"Point","coordinates":[82.996541,25.333329]}},{"type":"Feature","properties":{"f":"S","c":["Shiva","Shiva-Parvati"],"s":["tt"],"n":3,"r":467,"h":0},"geometry":{"type":"Point","coordinates":[82.993701,25.32905]}},{"type":"Feature","properties":{"f":"DHV","c":["Hanuman","Local Maa","Rama"],"s":["fs","t"],"n":5,"r":454,"h":0},"geometry":{"type":"Point","coordinates":[82.993454,25.329065]}},{"type":"Feature","properties":{"f":"D","c":["Sitala Maa"],"s":["t","tt"],"n":1,"r":193,"h":3},"geometry":{"type":"Point","coordinates":[83.014545,25.321972]}},{"type":"Feature","properties":{"f":"H","c":["Hanuman"],"s":["fs"],"n":1,"r":135,"h":3,"nm":"Shri sankat haran hanuman Ji"},"geometry":{"type":"Point","coordinates":[83.014511,25.321442]}},{"type":"Feature","properties":{"f":"D","c":["Devi","Local Maa"],"s":["t"],"n":1,"r":151,"h":3},"geometry":{"type":"Point","coordinates":[83.014546,25.321589]}},{"type":"Feature","properties":{"f":"S","c":["Shiva","Shiva-Parvati"],"s":["fs"],"n":1,"r":148,"h":3},"geometry":{"type":"Point","coordinates":[83.014585,25.321557]}},{"type":"Feature","properties":{"f":"HV","c":["Hanuman","Rama"],"s":["fs"],"n":5,"r":125,"h":3},"geometry":{"type":"Point","coordinates":[83.013797,25.321244]}},{"type":"Feature","properties":{"f":"S","c":["Shiva","Shiva-Parvati"],"s":["t"],"n":1,"r":80,"h":3,"nm":"Madhyameshwar mahadev"},"geometry":{"type":"Point","coordinates":[83.014008,25.320867]}},{"type":"Feature","properties":{"f":"G","c":["Ganesh"],"s":["c"],"n":1,"r":65,"h":3},"geometry":{"type":"Point","coordinates":[83.014045,25.320743]}},{"type":"Feature","properties":{"f":"S","c":["Shiva"],"s":["t"],"n":1,"r":79,"h":3},"geometry":{"type":"Point","coordinates":[83.013899,25.320834]}},{"type":"Feature","properties":{"f":"D","c":["Devi","Local Maa"],"s":["c"],"n":1,"r":71,"h":3},"geometry":{"type":"Point","coordinates":[83.013886,25.320766]}},{"type":"Feature","properties":{"f":"H","c":["Hanuman"],"s":["c"],"n":1,"r":62,"h":3},"geometry":{"type":"Point","coordinates":[83.014056,25.320712]}},{"type":"Feature","properties":{"f":"DHOS","c":["Devi","Hanuman","Other","Shiva"],"s":["c"],"n":4,"r":61,"h":3},"geometry":{"type":"Point","coordinates":[83.013854,25.320666]}},{"type":"Feature","properties":{"f":"S","c":["Shiva","Shiva family","Shiva-Parvati"],"s":["c"],"n":12,"r":71,"h":3},"geometry":{"type":"Point","coordinates":[83.014024,25.320787]}},{"type":"Feature","properties":{"f":"S","c":["Shiva","Shiva family","Shiva-Parvati"],"s":["c"],"n":5,"r":49,"h":3},"geometry":{"type":"Point","coordinates":[83.014174,25.320616]}},{"type":"Feature","properties":{"f":"S","c":["Shiva"],"s":["c"],"n":1,"r":30,"h":3},"geometry":{"type":"Point","coordinates":[83.014339,25.320482]}},{"type":"Feature","properties":{"f":"S","c":["Shiva"],"s":["c"],"n":1,"r":60,"h":3},"geometry":{"type":"Point","coordinates":[83.013838,25.320647]}},{"type":"Feature","properties":{"f":"D","c":["Devi","Local Maa"],"s":["t"],"n":1,"r":203,"h":3},"geometry":{"type":"Point","coordinates":[83.012623,25.321565]}},{"type":"Feature","properties":{"f":"HS","c":["Hanuman","Shiva","Shiva-Parvati"],"s":["fs"],"n":2,"r":329,"h":3},"geometry":{"type":"Point","coordinates":[83.012534,25.322821]}},{"type":"Feature","properties":{"f":"D","c":["Sitala Maa"],"s":["c"],"n":1,"r":238,"h":3},"geometry":{"type":"Point","coordinates":[83.012097,25.321577]}},{"type":"Feature","properties":{"f":"O","c":["Other"],"s":["c"],"n":1,"r":229,"h":3},"geometry":{"type":"Point","coordinates":[83.012223,25.321567]}},{"type":"Feature","properties":{"f":"D","c":["Sitala Maa"],"s":["t","tt"],"n":1,"r":263,"h":3},"geometry":{"type":"Point","coordinates":[83.011437,25.321092]}},{"type":"Feature","properties":{"f":"H","c":["Hanuman"],"s":["fs"],"n":1,"r":254,"h":3},"geometry":{"type":"Point","coordinates":[83.011555,25.321124]}},{"type":"Feature","properties":{"f":"S","c":["Shiva","Shiva-Parvati"],"s":["tt","t"],"n":2,"r":247,"h":3},"geometry":{"type":"Point","coordinates":[83.011651,25.321147]}},{"type":"Feature","properties":{"f":"H","c":["Hanuman"],"s":["fs"],"n":1,"r":254,"h":3},"geometry":{"type":"Point","coordinates":[83.011613,25.321222]}},{"type":"Feature","properties":{"f":"S","c":["Shiva"],"s":["fs","t","tt"],"n":2,"r":242,"h":3},"geometry":{"type":"Point","coordinates":[83.011684,25.321122]}},{"type":"Feature","properties":{"f":"HV","c":["Hanuman","Rama"],"s":["w"],"n":4,"r":274,"h":3},"geometry":{"type":"Point","coordinates":[83.011373,25.321196]}},{"type":"Feature","properties":{"f":"D","c":["Sitala Maa"],"s":["fs"],"n":1,"r":314,"h":3},"geometry":{"type":"Point","coordinates":[83.010734,25.320572]}},{"type":"Feature","properties":{"f":"S","c":["Shiva","Shiva-Parvati"],"s":["fs"],"n":2,"r":291,"h":3},"geometry":{"type":"Point","coordinates":[83.010982,25.320641]}},{"type":"Feature","properties":{"f":"D","c":["Devi","Local Maa"],"s":["t"],"n":1,"r":270,"h":3},"geometry":{"type":"Point","coordinates":[83.011199,25.320676]}},{"type":"Feature","properties":{"f":"H","c":["Hanuman"],"s":["fs"],"n":2,"r":231,"h":3},"geometry":{"type":"Point","coordinates":[83.011574,25.320554]}},{"type":"Feature","properties":{"f":"H","c":["Hanuman"],"s":["t","tt"],"n":1,"r":219,"h":3},"geometry":{"type":"Point","coordinates":[83.01167,25.320447]}},{"type":"Feature","properties":{"f":"H","c":["Hanuman"],"s":["fs"],"n":3,"r":258,"h":3},"geometry":{"type":"Point","coordinates":[83.011258,25.319883]}},{"type":"Feature","properties":{"f":"H","c":["Hanuman"],"s":["fs"],"n":1,"r":270,"h":3},"geometry":{"type":"Point","coordinates":[83.01119,25.319568]}},{"type":"Feature","properties":{"f":"S","c":["Shiva","Shiva-Parvati"],"s":["fs"],"n":1,"r":241,"h":3},"geometry":{"type":"Point","coordinates":[83.011426,25.319874]}},{"type":"Feature","properties":{"f":"S","c":["Shiva","Shiva-Parvati"],"s":["fs"],"n":1,"r":231,"h":3,"nm":"Jambukeshwar mahadev"},"geometry":{"type":"Point","coordinates":[83.011522,25.319866]}},{"type":"Feature","properties":{"f":"G","c":["Ganesh"],"s":["fs"],"n":1,"r":249,"h":3,"nm":"Baraganesh mandir"},"geometry":{"type":"Point","coordinates":[83.011348,25.319848]}},{"type":"Feature","properties":{"f":"V","c":["Krishna"],"s":["fs"],"n":2,"r":258,"h":3},"geometry":{"type":"Point","coordinates":[83.011343,25.319443]}},{"type":"Feature","properties":{"f":"HV","c":["Hanuman","Rama"],"s":["fs"],"n":6,"r":258,"h":3},"geometry":{"type":"Point","coordinates":[83.011302,25.319607]}},{"type":"Feature","properties":{"f":"S","c":["Shiva","Shiva-Parvati"],"s":[],"n":1,"r":249,"h":3,"nm":"Chitrakuteshwar mahadev"},"geometry":{"type":"Point","coordinates":[83.011398,25.319585]}},{"type":"Feature","properties":{"f":"S","c":["Shiva"],"s":["fs"],"n":2,"r":276,"h":3,"nm":"Adishakti mahakali"},"geometry":{"type":"Point","coordinates":[83.011119,25.319589]}},{"type":"Feature","properties":{"f":"D","c":["Devi","Local Maa"],"s":["w"],"n":1,"r":260,"h":2},"geometry":{"type":"Point","coordinates":[83.011468,25.318886]}},{"type":"Feature","properties":{"f":"HS","c":["Hanuman","Shiva"],"s":["fs"],"n":2,"r":224,"h":2},"geometry":{"type":"Point","coordinates":[83.011888,25.318757]}},{"type":"Feature","properties":{"f":"GH","c":["Ganesh","Hanuman"],"s":["t","tt"],"n":2,"r":81,"h":3},"geometry":{"type":"Point","coordinates":[83.015424,25.319653]}},{"type":"Feature","properties":{"f":"S","c":["Shiva"],"s":["fs"],"n":1,"r":127,"h":3,"nm":"Shri sharishwar mahadev"},"geometry":{"type":"Point","coordinates":[83.015144,25.321194]}},{"type":"Feature","properties":{"f":"GHSV","c":["Ganesh","Hanuman","Rama","Shiva","Shiva family"],"s":[],"n":11,"r":148,"h":3},"geometry":{"type":"Point","coordinates":[83.013958,25.321491]}},{"type":"Feature","properties":{"f":"S","c":["Shiva"],"s":["c"],"n":1,"r":70,"h":3},"geometry":{"type":"Point","coordinates":[83.014007,25.320779]}},{"type":"Feature","properties":{"f":"O","c":["Other"],"s":["w","c"],"n":3,"r":72,"h":3},"geometry":{"type":"Point","coordinates":[83.014005,25.3208]}},{"type":"Feature","properties":{"f":"S","c":["Shiva"],"s":["fs"],"n":1,"r":125,"h":3},"geometry":{"type":"Point","coordinates":[83.013661,25.321214]}},{"type":"Feature","properties":{"f":"V","c":["Krishna"],"s":["w"],"n":2,"r":167,"h":3},"geometry":{"type":"Point","coordinates":[83.01311,25.321454]}},{"type":"Feature","properties":{"f":"V","c":["Krishna"],"s":["w"],"n":8,"r":334,"h":3},"geometry":{"type":"Point","coordinates":[83.017551,25.321356]}},{"type":"Feature","properties":{"f":"S","c":["Shiva"],"s":["fs"],"n":1,"r":327,"h":3},"geometry":{"type":"Point","coordinates":[83.017566,25.321136]}},{"type":"Feature","properties":{"f":"S","c":["Shiva","Shiva-Parvati"],"s":["fs"],"n":5,"r":301,"h":3},"geometry":{"type":"Point","coordinates":[83.017355,25.320939]}},{"type":"Feature","properties":{"f":"H","c":["Hanuman"],"s":[],"n":1,"r":237,"h":3},"geometry":{"type":"Point","coordinates":[83.018603,25.32103]}},{"type":"Feature","properties":{"f":"S","c":["Shiva","Shiva-Parvati"],"s":["fs"],"n":2,"r":223,"h":3},"geometry":{"type":"Point","coordinates":[83.01874,25.320985]}},{"type":"Feature","properties":{"f":"D","c":["Devi","Local Maa"],"s":["c"],"n":3,"r":220,"h":3},"geometry":{"type":"Point","coordinates":[83.018771,25.320985]}},{"type":"Feature","properties":{"f":"D","c":["Devi","Local Maa"],"s":["c"],"n":3,"r":220,"h":3},"geometry":{"type":"Point","coordinates":[83.018772,25.320984]}},{"type":"Feature","properties":{"f":"H","c":["Hanuman"],"s":["fs"],"n":1,"r":195,"h":3},"geometry":{"type":"Point","coordinates":[83.01899,25.320779]}},{"type":"Feature","properties":{"f":"S","c":["Shiva"],"s":["t"],"n":1,"r":187,"h":3},"geometry":{"type":"Point","coordinates":[83.01907,25.320329]}},{"type":"Feature","properties":{"f":"D","c":["Sitala Maa"],"s":["fs"],"n":1,"r":125,"h":3},"geometry":{"type":"Point","coordinates":[83.019751,25.32012]}},{"type":"Feature","properties":{"f":"G","c":["Ganesh"],"s":["fs"],"n":1,"r":124,"h":3},"geometry":{"type":"Point","coordinates":[83.019693,25.32037]}},{"type":"Feature","properties":{"f":"S","c":["Shiva","Shiva-Parvati"],"s":["fs"],"n":3,"r":141,"h":3},"geometry":{"type":"Point","coordinates":[83.019517,25.320639]}},{"type":"Feature","properties":{"f":"HS","c":["Hanuman","Shiva"],"s":["fs"],"n":2,"r":136,"h":3},"geometry":{"type":"Point","coordinates":[83.019564,25.320643]}},{"type":"Feature","properties":{"f":"D","c":["Devi","Local Maa"],"s":["fs"],"n":1,"r":178,"h":3},"geometry":{"type":"Point","coordinates":[83.019355,25.321395]}},{"type":"Feature","properties":{"f":"D","c":["Sitala Maa"],"s":["fs"],"n":1,"r":121,"h":0},"geometry":{"type":"Point","coordinates":[83.019907,25.321253]}},{"type":"Feature","properties":{"f":"D","c":["Devi","Local Maa"],"s":["w"],"n":1,"r":291,"h":0},"geometry":{"type":"Point","coordinates":[83.022231,25.323322]}},{"type":"Feature","properties":{"f":"S","c":["Shiva","Shiva-Parvati"],"s":["fs"],"n":1,"r":302,"h":3},"geometry":{"type":"Point","coordinates":[83.016804,25.321937]}},{"type":"Feature","properties":{"f":"OS","c":["Other","Shiva"],"s":["fs"],"n":2,"r":182,"h":3},"geometry":{"type":"Point","coordinates":[83.015477,25.32159]}},{"type":"Feature","properties":{"f":"S","c":["Shiva"],"s":["fs"],"n":1,"r":341,"h":3},"geometry":{"type":"Point","coordinates":[83.01736,25.321833]}},{"type":"Feature","properties":{"f":"GHV","c":["Ganesh","Hanuman","Rama"],"s":["w"],"n":8,"r":314,"h":3},"geometry":{"type":"Point","coordinates":[83.017324,25.321365]}},{"type":"Feature","properties":{"f":"OS","c":["Other","Shiva"],"s":["fs"],"n":2,"r":220,"h":3},"geometry":{"type":"Point","coordinates":[83.018779,25.321018]}},{"type":"Feature","properties":{"f":"HO","c":["Hanuman","Other"],"s":["fs"],"n":2,"r":216,"h":3},"geometry":{"type":"Point","coordinates":[83.018795,25.320921]}},{"type":"Feature","properties":{"f":"GS","c":["Ganesh","Shiva","Shiva-Parvati"],"s":["fs"],"n":3,"r":166,"h":3},"geometry":{"type":"Point","coordinates":[83.019272,25.320402]}},{"type":"Feature","properties":{"f":"F","c":["Bir Baba"],"s":["fs"],"n":1,"r":85,"h":3},"geometry":{"type":"Point","coordinates":[83.020095,25.320358]}},{"type":"Feature","properties":{"f":"GS","c":["Ganesh","Shiva"],"s":["tt"],"n":2,"r":104,"h":0},"geometry":{"type":"Point","coordinates":[83.01995,25.320957]}},{"type":"Feature","properties":{"f":"HV","c":["Hanuman","Krishna"],"s":["fs","t"],"n":2,"r":108,"h":3},"geometry":{"type":"Point","coordinates":[83.02207,25.321578]}},{"type":"Feature","properties":{"f":"HS","c":["Hanuman","Shiva"],"s":["fs","t"],"n":2,"r":82,"h":3},"geometry":{"type":"Point","coordinates":[83.022322,25.320853]}},{"type":"Feature","properties":{"f":"HS","c":["Hanuman","Shiva"],"s":["fs"],"n":3,"r":92,"h":0},"geometry":{"type":"Point","coordinates":[82.998811,25.333213]}},{"type":"Feature","properties":{"f":"S","c":["Shiva"],"s":["tt"],"n":2,"r":303,"h":0},"geometry":{"type":"Point","coordinates":[83.000737,25.333986]}},{"type":"Feature","properties":{"f":"GHS","c":["Ganesh","Hanuman","Shiva"],"s":["tt"],"n":3,"r":506,"h":0},"geometry":{"type":"Point","coordinates":[83.002646,25.334566]}},{"type":"Feature","properties":{"f":"GH","c":["Ganesh","Hanuman"],"s":["fs"],"n":2,"r":576,"h":0},"geometry":{"type":"Point","coordinates":[83.005106,25.335782]}},{"type":"Feature","properties":{"f":"DO","c":["Devi","Other"],"s":["fs"],"n":2,"r":603,"h":0},"geometry":{"type":"Point","coordinates":[83.00483,25.335742]}},{"type":"Feature","properties":{"f":"GS","c":["Ganesh","Shiva"],"s":["tt"],"n":2,"r":297,"h":0},"geometry":{"type":"Point","coordinates":[83.014149,25.333903]}},{"type":"Feature","properties":{"f":"DHSV","c":["Devi","Hanuman","Krishna","Shiva"],"s":["fs"],"n":8,"r":449,"h":0},"geometry":{"type":"Point","coordinates":[83.015385,25.332984]}},{"type":"Feature","properties":{"f":"HS","c":["Hanuman","Shiva family"],"s":["fs","t"],"n":4,"r":351,"h":0},"geometry":{"type":"Point","coordinates":[83.019281,25.33045]}},{"type":"Feature","properties":{"f":"GHS","c":["Ganesh","Hanuman","Shiva"],"s":["fs"],"n":5,"r":375,"h":0},"geometry":{"type":"Point","coordinates":[83.027706,25.327904]}},{"type":"Feature","properties":{"f":"D","c":["Devi"],"s":["fs"],"n":1,"r":448,"h":0},"geometry":{"type":"Point","coordinates":[83.028815,25.327043]}},{"type":"Feature","properties":{"f":"GHS","c":["Ganesh","Hanuman","Shiva"],"s":["fs"],"n":3,"r":517,"h":0},"geometry":{"type":"Point","coordinates":[83.004209,25.322046]}},{"type":"Feature","properties":{"f":"GH","c":["Ganesh","Hanuman"],"s":["t"],"n":2,"r":246,"h":3},"geometry":{"type":"Point","coordinates":[83.011667,25.321162]}},{"type":"Feature","properties":{"f":"GDH","c":["Devi","Ganesh","Hanuman"],"s":["fs","tt"],"n":3,"r":330,"h":3},"geometry":{"type":"Point","coordinates":[83.011522,25.322222]}},{"type":"Feature","properties":{"f":"GH","c":["Ganesh","Hanuman"],"s":["fs"],"n":3,"r":246,"h":3},"geometry":{"type":"Point","coordinates":[83.01208,25.321659]}},{"type":"Feature","properties":{"f":"H","c":["Hanuman"],"s":["fs"],"n":1,"r":189,"h":3},"geometry":{"type":"Point","coordinates":[83.012274,25.321066]}},{"type":"Feature","properties":{"f":"H","c":["Hanuman"],"s":["fs"],"n":1,"r":265,"h":2},"geometry":{"type":"Point","coordinates":[83.011328,25.319213]}},{"type":"Feature","properties":{"f":"HS","c":["Hanuman","Shiva"],"s":["w"],"n":3,"r":246,"h":3},"geometry":{"type":"Point","coordinates":[83.016916,25.320487]}},{"type":"Feature","properties":{"f":"D","c":["Sitala Maa"],"s":["fs","w"],"n":3,"r":96,"h":0},"geometry":{"type":"Point","coordinates":[82.970075,25.310287]}},{"type":"Feature","properties":{"f":"D","c":["Sitala Maa"],"s":["fs","w"],"n":3,"r":96,"h":0},"geometry":{"type":"Point","coordinates":[82.970075,25.310287]}},{"type":"Feature","properties":{"f":"H","c":["Hanuman"],"s":["tt"],"n":2,"r":57,"h":0},"geometry":{"type":"Point","coordinates":[82.969791,25.310642]}},{"type":"Feature","properties":{"f":"F","c":["Bir Baba"],"s":[],"n":0,"r":84,"h":0},"geometry":{"type":"Point","coordinates":[82.969825,25.316061]}},{"type":"Feature","properties":{"f":"S","c":["Shiva"],"s":["fs"],"n":0,"r":183,"h":0},"geometry":{"type":"Point","coordinates":[82.96942,25.302119]}},{"type":"Feature","properties":{"f":"GS","c":["Ganesh","Shiva","Shiva-Parvati"],"s":["t","tt"],"n":5,"r":162,"h":0},"geometry":{"type":"Point","coordinates":[82.969847,25.30227]}},{"type":"Feature","properties":{"f":"GHO","c":["Ganesh","Hanuman","Other"],"s":["tt"],"n":3,"r":130,"h":0},"geometry":{"type":"Point","coordinates":[82.971017,25.316558]}},{"type":"Feature","properties":{"f":"S","c":["Shiva"],"s":["tt"],"n":2,"r":202,"h":0},"geometry":{"type":"Point","coordinates":[82.97241,25.317056]}},{"type":"Feature","properties":{"f":"O","c":["Other"],"s":["fs"],"n":1,"r":223,"h":0},"geometry":{"type":"Point","coordinates":[82.973179,25.317377]}},{"type":"Feature","properties":{"f":"HS","c":["Hanuman","Shiva"],"s":["fs","t"],"n":2,"r":739,"h":0},"geometry":{"type":"Point","coordinates":[82.980527,25.320961]}},{"type":"Feature","properties":{"f":"HS","c":["Hanuman","Shiva"],"s":["fs","c"],"n":5,"r":876,"h":0},"geometry":{"type":"Point","coordinates":[82.981812,25.321532]}},{"type":"Feature","properties":{"f":"S","c":["Shiva"],"s":["tt"],"n":1,"r":754,"h":0},"geometry":{"type":"Point","coordinates":[82.985459,25.323266]}},{"type":"Feature","properties":{"f":"GDHS","c":["Devi","Ganesh","Hanuman","Shiva"],"s":["fs","t","c"],"n":13,"r":457,"h":0},"geometry":{"type":"Point","coordinates":[82.987258,25.325505]}},{"type":"Feature","properties":{"f":"S","c":["Shiva"],"s":["fs"],"n":1,"r":209,"h":0},"geometry":{"type":"Point","coordinates":[82.988611,25.327568]}},{"type":"Feature","properties":{"f":"HOSV","c":["Hanuman","Other","Rama","Shiva"],"s":["fs"],"n":6,"r":66,"h":0},"geometry":{"type":"Point","coordinates":[82.989414,25.329107]}},{"type":"Feature","properties":{"f":"S","c":["Shiva"],"s":["fs"],"n":1,"r":330,"h":0},"geometry":{"type":"Point","coordinates":[82.992485,25.33027]}},{"type":"Feature","properties":{"f":"S","c":["Shiva","Shiva-Parvati"],"s":["fs"],"n":3,"r":65,"h":0},"geometry":{"type":"Point","coordinates":[82.997131,25.333345]}},{"type":"Feature","properties":{"f":"S","c":["Shiva"],"s":["fs"],"n":1,"r":65,"h":0},"geometry":{"type":"Point","coordinates":[82.997278,25.333382]}},{"type":"Feature","properties":{"f":"H","c":["Hanuman"],"s":["tt"],"n":1,"r":78,"h":0},"geometry":{"type":"Point","coordinates":[82.996577,25.333158]}},{"type":"Feature","properties":{"f":"H","c":["Hanuman"],"s":["fs"],"n":1,"r":51,"h":0},"geometry":{"type":"Point","coordinates":[82.996936,25.333115]}},{"type":"Feature","properties":{"f":"OS","c":["Other","Shiva"],"s":["fs"],"n":3,"r":408,"h":0},"geometry":{"type":"Point","coordinates":[83.001732,25.334254]}},{"type":"Feature","properties":{"f":"S","c":["Shiva"],"s":["fs"],"n":1,"r":595,"h":0},"geometry":{"type":"Point","coordinates":[83.00487,25.335315]}},{"type":"Feature","properties":{"f":"V","c":["Krishna"],"s":["fs"],"n":2,"r":276,"h":0},"geometry":{"type":"Point","coordinates":[83.013849,25.33369]}},{"type":"Feature","properties":{"f":"S","c":["Shiva"],"s":["fs"],"n":2,"r":242,"h":0},"geometry":{"type":"Point","coordinates":[83.013631,25.33407]}},{"type":"Feature","properties":{"f":"HS","c":["Hanuman","Shiva"],"s":["tt"],"n":2,"r":225,"h":0},"geometry":{"type":"Point","coordinates":[83.013489,25.334171]}},{"type":"Feature","properties":{"f":"S","c":["Shiva"],"s":["tt"],"n":1,"r":416,"h":0},"geometry":{"type":"Point","coordinates":[83.020624,25.330327]}},{"type":"Feature","properties":{"f":"HS","c":["Hanuman","Shiva"],"s":["tt"],"n":4,"r":380,"h":0},"geometry":{"type":"Point","coordinates":[83.020898,25.33055]}},{"type":"Feature","properties":{"f":"OS","c":["Other","Shiva"],"s":["fs","t"],"n":2,"r":342,"h":0},"geometry":{"type":"Point","coordinates":[83.021457,25.33042]}},{"type":"Feature","properties":{"f":"S","c":["Shiva"],"s":["t"],"n":1,"r":310,"h":0},"geometry":{"type":"Point","coordinates":[83.021913,25.33038]}},{"type":"Feature","properties":{"f":"GS","c":["Ganesh","Shiva"],"s":["t"],"n":2,"r":283,"h":0},"geometry":{"type":"Point","coordinates":[83.022382,25.330324]}},{"type":"Feature","properties":{"f":"O","c":["Other"],"s":["tt"],"n":1,"r":291,"h":0},"geometry":{"type":"Point","coordinates":[83.023489,25.329777]}},{"type":"Feature","properties":{"f":"S","c":["Shiva"],"s":["tt"],"n":1,"r":250,"h":0},"geometry":{"type":"Point","coordinates":[83.023573,25.330139]}},{"type":"Feature","properties":{"f":"H","c":["Hanuman"],"s":["fs"],"n":1,"r":171,"h":0},"geometry":{"type":"Point","coordinates":[83.024565,25.330843]}},{"type":"Feature","properties":{"f":"O","c":["Other"],"s":["fs"],"n":1,"r":378,"h":0},"geometry":{"type":"Point","coordinates":[83.027885,25.327828]}},{"type":"Feature","properties":{"f":"H","c":["Hanuman"],"s":["tt"],"n":1,"r":451,"h":0},"geometry":{"type":"Point","coordinates":[83.02948,25.326982]}},{"type":"Feature","properties":{"f":"H","c":["Hanuman"],"s":["fs"],"n":1,"r":288,"h":0},"geometry":{"type":"Point","coordinates":[83.034169,25.327356]}},{"type":"Feature","properties":{"f":"H","c":["Hanuman"],"s":["fs"],"n":1,"r":455,"h":0},"geometry":{"type":"Point","coordinates":[83.005953,25.321439]}},{"type":"Feature","properties":{"f":"O","c":["Other"],"s":["tt"],"n":1,"r":256,"h":3},"geometry":{"type":"Point","coordinates":[83.011546,25.321138]}},{"type":"Feature","properties":{"f":"H","c":["Hanuman"],"s":["fs"],"n":1,"r":252,"h":3},"geometry":{"type":"Point","coordinates":[83.011598,25.321155]}},{"type":"Feature","properties":{"f":"H","c":["Hanuman"],"s":["tt"],"n":1,"r":255,"h":3},"geometry":{"type":"Point","coordinates":[83.011562,25.321154]}},{"type":"Feature","properties":{"f":"OS","c":["Other","Shiva"],"s":["fs"],"n":11,"r":309,"h":3},"geometry":{"type":"Point","coordinates":[83.011777,25.32218]}},{"type":"Feature","properties":{"f":"FHOS","c":["Bir Baba","Hanuman","Other","Shiva"],"s":["fs","t","c"],"n":8,"r":81,"h":3},"geometry":{"type":"Point","coordinates":[83.013966,25.320873]}},{"type":"Feature","properties":{"f":"DOS","c":["Devi","Other","Shiva"],"s":["fs"],"n":3,"r":106,"h":3},"geometry":{"type":"Point","coordinates":[83.012757,25.320095]}},{"type":"Feature","properties":{"f":"H","c":["Hanuman"],"s":["fs"],"n":1,"r":96,"h":3},"geometry":{"type":"Point","coordinates":[83.012939,25.319659]}},{"type":"Feature","properties":{"f":"H","c":["Hanuman"],"s":["fs"],"n":1,"r":97,"h":0},"geometry":{"type":"Point","coordinates":[83.026733,25.247047]}},{"type":"Feature","properties":{"f":"DH","c":["Hanuman","Local Maa"],"s":["tt"],"n":0,"r":485,"h":0},"geometry":{"type":"Point","coordinates":[82.98154,25.346113]}},{"type":"Feature","properties":{"f":"GS","c":["Ganesh","Shiva"],"s":["fs"],"n":4,"r":469,"h":0},"geometry":{"type":"Point","coordinates":[82.981778,25.346171]}},{"type":"Feature","properties":{"f":"S","c":["Shiva","Shiva-Parvati"],"s":["fs"],"n":2,"r":124,"h":3},"geometry":{"type":"Point","coordinates":[83.022693,25.320359]}},{"type":"Feature","properties":{"f":"S","c":["Shiva","Shiva-Parvati"],"s":["fs"],"n":2,"r":123,"h":3},"geometry":{"type":"Point","coordinates":[83.022702,25.320424]}},{"type":"Feature","properties":{"f":"S","c":["Shiva","Shiva-Parvati"],"s":["fs"],"n":2,"r":114,"h":3},"geometry":{"type":"Point","coordinates":[83.022588,25.32038]}},{"type":"Feature","properties":{"f":"S","c":["Shiva","Shiva-Parvati"],"s":["fs"],"n":2,"r":122,"h":3},"geometry":{"type":"Point","coordinates":[83.02265,25.320313]}},{"type":"Feature","properties":{"f":"HS","c":["Hanuman","Shiva","Shiva-Parvati"],"s":["c"],"n":2,"r":128,"h":3,"nm":"Kameshwar mahadev"},"geometry":{"type":"Point","coordinates":[83.022698,25.320265]}},{"type":"Feature","properties":{"f":"S","c":["Shiva","Shiva-Parvati"],"s":["c"],"n":5,"r":114,"h":3},"geometry":{"type":"Point","coordinates":[83.022603,25.320409]}},{"type":"Feature","properties":{"f":"S","c":["Shiva","Shiva-Parvati"],"s":["c"],"n":2,"r":109,"h":3},"geometry":{"type":"Point","coordinates":[83.022548,25.320407]}},{"type":"Feature","properties":{"f":"HV","c":["Hanuman","Rama"],"s":["c"],"n":4,"r":104,"h":3},"geometry":{"type":"Point","coordinates":[83.022507,25.32043]}},{"type":"Feature","properties":{"f":"S","c":["Shiva","Shiva-Parvati"],"s":["c"],"n":2,"r":112,"h":3},"geometry":{"type":"Point","coordinates":[83.022544,25.320317]}},{"type":"Feature","properties":{"f":"S","c":["Shiva","Shiva-Parvati"],"s":["c"],"n":5,"r":105,"h":3},"geometry":{"type":"Point","coordinates":[83.022543,25.320517]}},{"type":"Feature","properties":{"f":"S","c":["Shiva"],"s":["fs"],"n":2,"r":99,"h":3},"geometry":{"type":"Point","coordinates":[83.022486,25.320535]}},{"type":"Feature","properties":{"f":"S","c":["Shiva","Shiva-Parvati"],"s":["fs"],"n":1,"r":114,"h":3},"geometry":{"type":"Point","coordinates":[83.02257,25.320331]}},{"type":"Feature","properties":{"f":"S","c":["Shiva"],"s":["t"],"n":1,"r":111,"h":3},"geometry":{"type":"Point","coordinates":[83.022562,25.320391]}},{"type":"Feature","properties":{"f":"S","c":["Shiva","Shiva-Parvati"],"s":["c"],"n":3,"r":113,"h":3},"geometry":{"type":"Point","coordinates":[83.022614,25.320492]}},{"type":"Feature","properties":{"f":"O","c":["Other"],"s":["c"],"n":1,"r":115,"h":3},"geometry":{"type":"Point","coordinates":[83.022623,25.320452]}},{"type":"Feature","properties":{"f":"S","c":["Shiva","Shiva-Parvati"],"s":["c"],"n":2,"r":111,"h":3},"geometry":{"type":"Point","coordinates":[83.02261,25.320837]}},{"type":"Feature","properties":{"f":"HS","c":["Hanuman","Shiva"],"s":["fs"],"n":2,"r":283,"h":0},"geometry":{"type":"Point","coordinates":[83.022362,25.323207]}},{"type":"Feature","properties":{"f":"H","c":["Hanuman"],"s":["fs"],"n":1,"r":0,"h":0},"geometry":{"type":"Point","coordinates":[83.022306,25.316729]}},{"type":"Feature","properties":{"f":"S","c":["Shiva"],"s":["w"],"n":1,"r":112,"h":3},"geometry":{"type":"Point","coordinates":[83.022191,25.319225]}},{"type":"Feature","properties":{"f":"S","c":["Shiva","Shiva-Parvati"],"s":["fs"],"n":1,"r":119,"h":3},"geometry":{"type":"Point","coordinates":[83.022434,25.319426]}},{"type":"Feature","properties":{"f":"O","c":["Other"],"s":["fs"],"n":0,"r":117,"h":3},"geometry":{"type":"Point","coordinates":[83.022548,25.31947]}},{"type":"Feature","properties":{"f":"H","c":["Hanuman"],"s":["w"],"n":1,"r":0,"h":0},"geometry":{"type":"Point","coordinates":[83.02234,25.316643]}},{"type":"Feature","properties":{"f":"S","c":["Shiva","Shiva-Parvati"],"s":["w"],"n":1,"r":103,"h":3},"geometry":{"type":"Point","coordinates":[83.022328,25.319199]}},{"type":"Feature","properties":{"f":"HO","c":["Hanuman","Other"],"s":["fs"],"n":3,"r":93,"h":3},"geometry":{"type":"Point","coordinates":[83.022629,25.319257]}},{"type":"Feature","properties":{"f":"V","c":["Rama"],"s":["w"],"n":1,"r":79,"h":3},"geometry":{"type":"Point","coordinates":[83.022919,25.319269]}},{"type":"Feature","properties":{"f":"D","c":["Devi","Local Maa"],"s":["fs"],"n":1,"r":47,"h":3,"nm":"Kamakhya shaktipeeth"},"geometry":{"type":"Point","coordinates":[83.022702,25.318813]}},{"type":"Feature","properties":{"f":"H","c":["Hanuman"],"s":["w"],"n":1,"r":28,"h":3},"geometry":{"type":"Point","coordinates":[83.022927,25.318741]}},{"type":"Feature","properties":{"f":"S","c":["Shiva","Shiva-Parvati"],"s":["fs"],"n":1,"r":32,"h":3},"geometry":{"type":"Point","coordinates":[83.022873,25.318749]}},{"type":"Feature","properties":{"f":"S","c":["Shiva","Shiva-Parvati"],"s":["w"],"n":2,"r":26,"h":3},"geometry":{"type":"Point","coordinates":[83.022913,25.318713]}},{"type":"Feature","properties":{"f":"G","c":["Ganesh"],"s":["w"],"n":1,"r":27,"h":3},"geometry":{"type":"Point","coordinates":[83.022884,25.318704]}},{"type":"Feature","properties":{"f":"S","c":["Shiva","Shiva-Parvati"],"s":["fs"],"n":1,"r":28,"h":3,"nm":"Badrinarayan mandir"},"geometry":{"type":"Point","coordinates":[83.022852,25.318701]}},{"type":"Feature","properties":{"f":"S","c":["Shiva"],"s":["fs"],"n":1,"r":28,"h":3},"geometry":{"type":"Point","coordinates":[83.022828,25.318678]}},{"type":"Feature","properties":{"f":"H","c":["Hanuman"],"s":["w"],"n":1,"r":33,"h":3},"geometry":{"type":"Point","coordinates":[83.023078,25.31887]}},{"type":"Feature","properties":{"f":"H","c":["Hanuman"],"s":["w"],"n":1,"r":34,"h":3},"geometry":{"type":"Point","coordinates":[83.023247,25.318963]}},{"type":"Feature","properties":{"f":"S","c":["Shiva"],"s":["fs"],"n":1,"r":45,"h":3},"geometry":{"type":"Point","coordinates":[83.023244,25.319081]}},{"type":"Feature","properties":{"f":"S","c":["Shiva","Shiva-Parvati"],"s":["fs"],"n":3,"r":47,"h":3},"geometry":{"type":"Point","coordinates":[83.023231,25.319092]}},{"type":"Feature","properties":{"f":"S","c":["Shiva","Shiva-Parvati"],"s":["fs"],"n":6,"r":23,"h":3},"geometry":{"type":"Point","coordinates":[83.023251,25.318856]}},{"type":"Feature","properties":{"f":"H","c":["Hanuman"],"s":["w"],"n":1,"r":40,"h":3},"geometry":{"type":"Point","coordinates":[83.02365,25.319284]}},{"type":"Feature","properties":{"f":"S","c":["Shiva","Shiva-Parvati"],"s":["w"],"n":1,"r":39,"h":3},"geometry":{"type":"Point","coordinates":[83.023249,25.319023]}},{"type":"Feature","properties":{"f":"S","c":["Shiva","Shiva family","Shiva-Parvati"],"s":["w"],"n":7,"r":28,"h":3},"geometry":{"type":"Point","coordinates":[83.023323,25.318943]}},{"type":"Feature","properties":{"f":"S","c":["Shiva","Shiva-Parvati"],"s":["fs"],"n":2,"r":52,"h":3},"geometry":{"type":"Point","coordinates":[83.023486,25.319296]}},{"type":"Feature","properties":{"f":"S","c":["Shiva","Shiva-Parvati"],"s":["c"],"n":7,"r":76,"h":3},"geometry":{"type":"Point","coordinates":[83.02343,25.319537]}},{"type":"Feature","properties":{"f":"S","c":["Shiva","Shiva-Parvati"],"s":["fs"],"n":1,"r":92,"h":3,"nm":"Chandaneshwar mahadev"},"geometry":{"type":"Point","coordinates":[83.023322,25.31964]}},{"type":"Feature","properties":{"f":"S","c":["Shiva","Shiva-Parvati"],"s":["fs"],"n":1,"r":90,"h":3},"geometry":{"type":"Point","coordinates":[83.023161,25.319498]}},{"type":"Feature","properties":{"f":"H","c":["Hanuman"],"s":["w"],"n":1,"r":82,"h":3},"geometry":{"type":"Point","coordinates":[83.023165,25.319421]}},{"type":"Feature","properties":{"f":"V","c":["Krishna"],"s":["fs"],"n":1,"r":126,"h":3},"geometry":{"type":"Point","coordinates":[83.022709,25.319649]}},{"type":"Feature","properties":{"f":"S","c":["Shiva","Shiva-Parvati"],"s":["fs"],"n":1,"r":102,"h":3},"geometry":{"type":"Point","coordinates":[83.023157,25.319639]}},{"type":"Feature","properties":{"f":"V","c":["Krishna"],"s":["c"],"n":2,"r":123,"h":3},"geometry":{"type":"Point","coordinates":[83.023241,25.319933]}},{"type":"Feature","properties":{"f":"S","c":["Shiva","Shiva-Parvati"],"s":["c"],"n":2,"r":114,"h":3},"geometry":{"type":"Point","coordinates":[83.023277,25.319861]}},{"type":"Feature","properties":{"f":"D","c":["Devi","Local Maa"],"s":["w"],"n":1,"r":96,"h":3,"nm":"Vindhyavashini Devi"},"geometry":{"type":"Point","coordinates":[83.023331,25.319691]}},{"type":"Feature","properties":{"f":"S","c":["Shiva","Shiva-Parvati"],"s":["fs"],"n":1,"r":95,"h":3,"nm":"Trilwchwanseshwar mahadev"},"geometry":{"type":"Point","coordinates":[83.02331,25.319668]}},{"type":"Feature","properties":{"f":"GS","c":["Ganesh","Shiva","Shiva-Parvati"],"s":["c"],"n":7,"r":107,"h":3},"geometry":{"type":"Point","coordinates":[83.023339,25.319823]}},{"type":"Feature","properties":{"f":"S","c":["Shiva","Shiva family","Shiva-Parvati"],"s":["c"],"n":8,"r":88,"h":3},"geometry":{"type":"Point","coordinates":[83.023434,25.319666]}},{"type":"Feature","properties":{"f":"H","c":["Hanuman"],"s":["w"],"n":1,"r":84,"h":3},"geometry":{"type":"Point","coordinates":[83.023378,25.319584]}},{"type":"Feature","properties":{"f":"G","c":["Ganesh"],"s":["w"],"n":1,"r":66,"h":3},"geometry":{"type":"Point","coordinates":[83.024141,25.319901]}},{"type":"Feature","properties":{"f":"HV","c":["Hanuman","Rama"],"s":["c"],"n":6,"r":0,"h":0},"geometry":{"type":"Point","coordinates":[83.025101,25.318437]}},{"type":"Feature","properties":{"f":"S","c":["Shiva","Shiva-Parvati"],"s":["w"],"n":2,"r":0,"h":0},"geometry":{"type":"Point","coordinates":[83.025101,25.318437]}},{"type":"Feature","properties":{"f":"S","c":["Shiva","Shiva-Parvati"],"s":["c"],"n":8,"r":0,"h":0},"geometry":{"type":"Point","coordinates":[83.022324,25.315309]}},{"type":"Feature","properties":{"f":"S","c":["Shiva","Shiva-Parvati"],"s":["t","tt"],"n":4,"r":0,"h":0},"geometry":{"type":"Point","coordinates":[83.022324,25.315309]}},{"type":"Feature","properties":{"f":"G","c":["Ganesh"],"s":["w"],"n":1,"r":0,"h":0},"geometry":{"type":"Point","coordinates":[83.022324,25.315309]}},{"type":"Feature","properties":{"f":"D","c":["Sitala Maa"],"s":["w"],"n":1,"r":99,"h":3},"geometry":{"type":"Point","coordinates":[83.02337,25.319755]}},{"type":"Feature","properties":{"f":"S","c":["Shiva","Shiva-Parvati"],"s":["c"],"n":1,"r":95,"h":3},"geometry":{"type":"Point","coordinates":[83.023519,25.319806]}},{"type":"Feature","properties":{"f":"G","c":["Ganesh"],"s":["w"],"n":1,"r":11,"h":3},"geometry":{"type":"Point","coordinates":[83.023392,25.318803]}},{"type":"Feature","properties":{"f":"S","c":["Shiva","Shiva family","Shiva-Parvati"],"s":["c"],"n":5,"r":0,"h":3},"geometry":{"type":"Point","coordinates":[83.023821,25.318945]}},{"type":"Feature","properties":{"f":"S","c":["Shiva","Shiva-Parvati"],"s":["c"],"n":1,"r":0,"h":3},"geometry":{"type":"Point","coordinates":[83.024001,25.318646]}},{"type":"Feature","properties":{"f":"S","c":["Shiva","Shiva family","Shiva-Parvati"],"s":["c"],"n":4,"r":0,"h":3},"geometry":{"type":"Point","coordinates":[83.024001,25.318646]}},{"type":"Feature","properties":{"f":"D","c":["Devi","Local Maa"],"s":["c"],"n":1,"r":71,"h":3,"nm":"Varanasidevi"},"geometry":{"type":"Point","coordinates":[83.02351,25.319528]}},{"type":"Feature","properties":{"f":"S","c":["Shiva","Shiva family","Shiva-Parvati"],"s":["c"],"n":6,"r":103,"h":3},"geometry":{"type":"Point","coordinates":[83.023241,25.319715]}},{"type":"Feature","properties":{"f":"S","c":["Shiva-Parvati"],"s":["w"],"n":2,"r":0,"h":0},"geometry":{"type":"Point","coordinates":[83.02273,25.317271]}},{"type":"Feature","properties":{"f":"G","c":["Ganesh"],"s":["w"],"n":1,"r":0,"h":0},"geometry":{"type":"Point","coordinates":[83.02273,25.317271]}},{"type":"Feature","properties":{"f":"S","c":["Shiva","Shiva-Parvati"],"s":["fs"],"n":1,"r":0,"h":0,"nm":"Viaheshwar mahadev"},"geometry":{"type":"Point","coordinates":[83.02233,25.315323]}},{"type":"Feature","properties":{"f":"S","c":["Shiva","Shiva family","Shiva-Parvati"],"s":[],"n":5,"r":0,"h":0,"nm":"Panchmeshwar mahadev"},"geometry":{"type":"Point","coordinates":[83.02233,25.315323]}},{"type":"Feature","properties":{"f":"S","c":["Shiva","Shiva-Parvati"],"s":["fs"],"n":2,"r":150,"h":3},"geometry":{"type":"Point","coordinates":[83.022904,25.320195]}},{"type":"Feature","properties":{"f":"S","c":["Shiva","Shiva-Parvati"],"s":["tt"],"n":1,"r":139,"h":3},"geometry":{"type":"Point","coordinates":[83.022791,25.320216]}},{"type":"Feature","properties":{"f":"H","c":["Hanuman"],"s":["tt"],"n":1,"r":42,"h":3,"nm":"Sri sarv shaktiishvar Mandir Kashi"},"geometry":{"type":"Point","coordinates":[83.03125,25.323651]}},{"type":"Feature","properties":{"f":"GS","c":["Ganesh","Shiva-Parvati"],"s":["tt"],"n":4,"r":60,"h":3},"geometry":{"type":"Point","coordinates":[83.030345,25.323364]}},{"type":"Feature","properties":{"f":"H","c":["Hanuman"],"s":["w"],"n":1,"r":65,"h":3},"geometry":{"type":"Point","coordinates":[83.030331,25.323403]}},{"type":"Feature","properties":{"f":"GS","c":["Ganesh","Shiva"],"s":["w"],"n":2,"r":19,"h":3},"geometry":{"type":"Point","coordinates":[83.028513,25.321882]}},{"type":"Feature","properties":{"f":"S","c":["Shiva"],"s":["c"],"n":2,"r":18,"h":3},"geometry":{"type":"Point","coordinates":[83.028517,25.321876]}},{"type":"Feature","properties":{"f":"S","c":["Shiva"],"s":["w"],"n":3,"r":23,"h":3},"geometry":{"type":"Point","coordinates":[83.028342,25.321815]}},{"type":"Feature","properties":{"f":"G","c":["Ganesh"],"s":["tt","w"],"n":5,"r":32,"h":3},"geometry":{"type":"Point","coordinates":[83.028336,25.321912]}},{"type":"Feature","properties":{"f":"GS","c":["Ganesh","Shiva"],"s":["t","w"],"n":4,"r":43,"h":3},"geometry":{"type":"Point","coordinates":[83.028255,25.321986]}},{"type":"Feature","properties":{"f":"GSV","c":["Ganesh","Rama","Shiva"],"s":["w"],"n":9,"r":38,"h":3},"geometry":{"type":"Point","coordinates":[83.028328,25.321975]}},{"type":"Feature","properties":{"f":"HSV","c":["Hanuman","Krishna","Shiva"],"s":["w"],"n":4,"r":41,"h":3},"geometry":{"type":"Point","coordinates":[83.028294,25.321987]}},{"type":"Feature","properties":{"f":"GS","c":["Ganesh","Shiva"],"s":["w"],"n":2,"r":41,"h":3},"geometry":{"type":"Point","coordinates":[83.028294,25.321991]}},{"type":"Feature","properties":{"f":"H","c":["Hanuman"],"s":["fs"],"n":0,"r":57,"h":3},"geometry":{"type":"Point","coordinates":[83.028248,25.322131]}},{"type":"Feature","properties":{"f":"H","c":["Hanuman"],"s":["w"],"n":2,"r":83,"h":3},"geometry":{"type":"Point","coordinates":[83.028036,25.322289]}},{"type":"Feature","properties":{"f":"H","c":["Hanuman"],"s":[],"n":1,"r":68,"h":3},"geometry":{"type":"Point","coordinates":[83.028262,25.322261]}},{"type":"Feature","properties":{"f":"S","c":["Shiva"],"s":["ba"],"n":1,"r":35,"h":3},"geometry":{"type":"Point","coordinates":[83.028465,25.322029]}},{"type":"Feature","properties":{"f":"GHS","c":["Ganesh","Hanuman","Shiva"],"s":["w"],"n":3,"r":39,"h":3},"geometry":{"type":"Point","coordinates":[83.028446,25.322057]}},{"type":"Feature","properties":{"f":"S","c":["Shiva"],"s":["fs"],"n":1,"r":29,"h":3,"nm":"Sri jaageshvar"},"geometry":{"type":"Point","coordinates":[83.028417,25.321933]}},{"type":"Feature","properties":{"f":"S","c":["Shiva"],"s":["fs"],"n":1,"r":29,"h":3},"geometry":{"type":"Point","coordinates":[83.028422,25.321933]}},{"type":"Feature","properties":{"f":"GHS","c":["Ganesh","Hanuman","Shiva","Shiva-Parvati"],"s":["fs","t"],"n":4,"r":55,"h":3},"geometry":{"type":"Point","coordinates":[83.031023,25.32367]}},{"type":"Feature","properties":{"f":"HS","c":["Hanuman","Shiva","Shiva-Parvati"],"s":["t"],"n":4,"r":56,"h":3},"geometry":{"type":"Point","coordinates":[83.031003,25.323666]}},{"type":"Feature","properties":{"f":"HS","c":["Hanuman","Shiva"],"s":["fs","tt"],"n":6,"r":50,"h":0},"geometry":{"type":"Point","coordinates":[83.032187,25.324227]}},{"type":"Feature","properties":{"f":"H","c":["Hanuman"],"s":["t","fs","tt"],"n":1,"r":72,"h":0},"geometry":{"type":"Point","coordinates":[83.032859,25.324788]}},{"type":"Feature","properties":{"f":"GHS","c":["Ganesh","Hanuman","Shiva"],"s":["t"],"n":8,"r":63,"h":0},"geometry":{"type":"Point","coordinates":[83.032713,25.324626]}},{"type":"Feature","properties":{"f":"HOS","c":["Hanuman","Other","Shiva","Shiva-Parvati"],"s":["fs"],"n":6,"r":58,"h":0},"geometry":{"type":"Point","coordinates":[83.032859,25.324648]}},{"type":"Feature","properties":{"f":"S","c":["Shiva"],"s":["fs"],"n":2,"r":54,"h":3},"geometry":{"type":"Point","coordinates":[83.030281,25.323258]}},{"type":"Feature","properties":{"f":"O","c":["Other"],"s":["fs"],"n":2,"r":41,"h":3},"geometry":{"type":"Point","coordinates":[83.029459,25.322675]}},{"type":"Feature","properties":{"f":"OS","c":["Other","Shiva-Parvati"],"s":["fs"],"n":2,"r":1,"h":3},"geometry":{"type":"Point","coordinates":[83.028439,25.321635]}},{"type":"Feature","properties":{"f":"GDS","c":["Devi","Ganesh","Shiva"],"s":["fs","tt"],"n":13,"r":48,"h":3},"geometry":{"type":"Point","coordinates":[83.026699,25.321286]}},{"type":"Feature","properties":{"f":"DS","c":["Local Maa","Shiva"],"s":["fs"],"n":1,"r":59,"h":3},"geometry":{"type":"Point","coordinates":[83.02541,25.32065]}},{"type":"Feature","properties":{"f":"HS","c":["Hanuman","Shiva"],"s":["fs"],"n":5,"r":7,"h":3},"geometry":{"type":"Point","coordinates":[83.011505,25.308125]}},{"type":"Feature","properties":{"f":"S","c":["Shiva"],"s":["t","tt"],"n":1,"r":599,"h":0},"geometry":{"type":"Point","coordinates":[82.986157,25.304292]}},{"type":"Feature","properties":{"f":"F","c":["Bir Baba"],"s":["tt"],"n":0,"r":252,"h":0},"geometry":{"type":"Point","coordinates":[82.985801,25.300135]}},{"type":"Feature","properties":{"f":"GS","c":["Ganesh","Shiva-Parvati"],"s":["fs"],"n":5,"r":578,"h":0,"nm":"Side hi vinayak Mandir"},"geometry":{"type":"Point","coordinates":[82.987278,25.303352]}},{"type":"Feature","properties":{"f":"S","c":["Shiva","Shiva-Parvati"],"s":["fs"],"n":1,"r":52,"h":0},"geometry":{"type":"Point","coordinates":[83.031954,25.324126]}},{"type":"Feature","properties":{"f":"S","c":["Shiva","Shiva-Parvati"],"s":["fs"],"n":1,"r":58,"h":0},"geometry":{"type":"Point","coordinates":[83.03177,25.324086]}},{"type":"Feature","properties":{"f":"S","c":["Shiva"],"s":["fs"],"n":1,"r":53,"h":0},"geometry":{"type":"Point","coordinates":[83.031856,25.324079]}},{"type":"Feature","properties":{"f":"D","c":["Devi","Local Maa"],"s":["t"],"n":1,"r":52,"h":3},"geometry":{"type":"Point","coordinates":[83.030362,25.323286]}},{"type":"Feature","properties":{"f":"GHS","c":["Ganesh","Hanuman","Shiva","Shiva-Parvati"],"s":["tt","t"],"n":6,"r":42,"h":3},"geometry":{"type":"Point","coordinates":[83.030159,25.323071]}},{"type":"Feature","properties":{"f":"S","c":["Shiva","Shiva-Parvati"],"s":["fs"],"n":1,"r":51,"h":3},"geometry":{"type":"Point","coordinates":[83.03,25.323073]}},{"type":"Feature","properties":{"f":"O","c":["Other"],"s":["t"],"n":0,"r":38,"h":3},"geometry":{"type":"Point","coordinates":[83.027984,25.32179]}},{"type":"Feature","properties":{"f":"G","c":["Ganesh"],"s":["fs","w"],"n":1,"r":38,"h":3},"geometry":{"type":"Point","coordinates":[83.027944,25.321768]}},{"type":"Feature","properties":{"f":"D","c":["Devi","Local Maa"],"s":["fs"],"n":2,"r":37,"h":3},"geometry":{"type":"Point","coordinates":[83.027922,25.321748]}},{"type":"Feature","properties":{"f":"S","c":["Shiva","Shiva-Parvati"],"s":["t","tt"],"n":1,"r":42,"h":3},"geometry":{"type":"Point","coordinates":[83.027775,25.321739]}},{"type":"Feature","properties":{"f":"S","c":["Shiva","Shiva-Parvati"],"s":["t"],"n":1,"r":71,"h":3},"geometry":{"type":"Point","coordinates":[83.026561,25.321459]}},{"type":"Feature","properties":{"f":"H","c":["Hanuman"],"s":["fs"],"n":1,"r":76,"h":3},"geometry":{"type":"Point","coordinates":[83.026518,25.321491]}},{"type":"Feature","properties":{"f":"S","c":["Shiva","Shiva-Parvati"],"s":["fs"],"n":1,"r":75,"h":3},"geometry":{"type":"Point","coordinates":[83.026529,25.321477]}},{"type":"Feature","properties":{"f":"S","c":["Shiva"],"s":["fs"],"n":1,"r":57,"h":3},"geometry":{"type":"Point","coordinates":[83.025397,25.320618]}},{"type":"Feature","properties":{"f":"S","c":["Shiva-Parvati"],"s":["fs"],"n":2,"r":61,"h":3},"geometry":{"type":"Point","coordinates":[83.025491,25.320733]}},{"type":"Feature","properties":{"f":"H","c":["Hanuman"],"s":["fs"],"n":1,"r":65,"h":3},"geometry":{"type":"Point","coordinates":[83.025659,25.3209]}},{"type":"Feature","properties":{"f":"S","c":["Shiva-Parvati"],"s":["fs"],"n":1,"r":65,"h":3},"geometry":{"type":"Point","coordinates":[83.02565,25.320898]}},{"type":"Feature","properties":{"f":"HV","c":["Hanuman","Rama"],"s":["fs"],"n":4,"r":50,"h":3},"geometry":{"type":"Point","coordinates":[83.025557,25.320659]}},{"type":"Feature","properties":{"f":"S","c":["Shiva","Shiva-Parvati"],"s":["fs"],"n":1,"r":75,"h":3},"geometry":{"type":"Point","coordinates":[83.024712,25.320319]}},{"type":"Feature","properties":{"f":"S","c":["Shiva","Shiva-Parvati"],"s":["fs"],"n":1,"r":77,"h":3},"geometry":{"type":"Point","coordinates":[83.026483,25.321485]}},{"type":"Feature","properties":{"f":"HS","c":["Hanuman","Shiva","Shiva-Parvati"],"s":["fs","t","tt"],"n":2,"r":91,"h":3},"geometry":{"type":"Point","coordinates":[83.027027,25.321916]}},{"type":"Feature","properties":{"f":"S","c":["Shiva"],"s":["t","tt"],"n":1,"r":78,"h":3},"geometry":{"type":"Point","coordinates":[83.027138,25.321839]}},{"type":"Feature","properties":{"f":"GS","c":["Ganesh","Shiva","Shiva-Parvati"],"s":["w"],"n":2,"r":137,"h":3},"geometry":{"type":"Point","coordinates":[83.027813,25.322743]}},{"type":"Feature","properties":{"f":"V","c":["Krishna"],"s":["fs"],"n":2,"r":184,"h":3},"geometry":{"type":"Point","coordinates":[83.027769,25.323222]}},{"type":"Feature","properties":{"f":"S","c":["Shiva"],"s":["w"],"n":1,"r":175,"h":3},"geometry":{"type":"Point","coordinates":[83.027656,25.323057]}},{"type":"Feature","properties":{"f":"S","c":["Shiva"],"s":["w"],"n":1,"r":182,"h":3},"geometry":{"type":"Point","coordinates":[83.027714,25.32317]}},{"type":"Feature","properties":{"f":"S","c":["Shiva"],"s":["w"],"n":1,"r":191,"h":3},"geometry":{"type":"Point","coordinates":[83.027644,25.323224]}},{"type":"Feature","properties":{"f":"D","c":["Devi","Local Maa"],"s":["fs"],"n":1,"r":183,"h":3},"geometry":{"type":"Point","coordinates":[83.02774,25.323193]}},{"type":"Feature","properties":{"f":"HS","c":["Hanuman","Shiva"],"s":["fs"],"n":2,"r":182,"h":3},"geometry":{"type":"Point","coordinates":[83.027779,25.323209]}},{"type":"Feature","properties":{"f":"S","c":["Shiva"],"s":["t","tt"],"n":1,"r":181,"h":3},"geometry":{"type":"Point","coordinates":[83.027753,25.323183]}},{"type":"Feature","properties":{"f":"HS","c":["Hanuman","Shiva"],"s":["fs"],"n":2,"r":215,"h":3},"geometry":{"type":"Point","coordinates":[83.027544,25.323415]}},{"type":"Feature","properties":{"f":"S","c":["Shiva","Shiva family","Shiva-Parvati"],"s":["fs"],"n":5,"r":215,"h":3},"geometry":{"type":"Point","coordinates":[83.027813,25.323576]}},{"type":"Feature","properties":{"f":"S","c":["Shiva","Shiva-Parvati"],"s":["fs"],"n":1,"r":181,"h":3},"geometry":{"type":"Point","coordinates":[83.028078,25.323368]}},{"type":"Feature","properties":{"f":"S","c":["Shiva","Shiva-Parvati"],"s":["fs"],"n":4,"r":104,"h":3},"geometry":{"type":"Point","coordinates":[83.029036,25.32311]}},{"type":"Feature","properties":{"f":"D","c":["Devi","Local Maa"],"s":["fs"],"n":1,"r":0,"h":0,"nm":"Kali ma"},"geometry":{"type":"Point","coordinates":[83.022473,25.314627]}},{"type":"Feature","properties":{"f":"O","c":["Other"],"s":["w"],"n":1,"r":0,"h":0},"geometry":{"type":"Point","coordinates":[83.033464,25.321277]}},{"type":"Feature","properties":{"f":"S","c":["Shiva"],"s":["w"],"n":1,"r":72,"h":3},"geometry":{"type":"Point","coordinates":[83.029906,25.323246]}},{"type":"Feature","properties":{"f":"S","c":["Shiva"],"s":["w"],"n":1,"r":70,"h":3},"geometry":{"type":"Point","coordinates":[83.029852,25.323192]}},{"type":"Feature","properties":{"f":"O","c":["Other"],"s":["w"],"n":1,"r":70,"h":3},"geometry":{"type":"Point","coordinates":[83.029854,25.323199]}},{"type":"Feature","properties":{"f":"S","c":["Shiva family","Shiva-Parvati"],"s":["c"],"n":4,"r":65,"h":3},"geometry":{"type":"Point","coordinates":[83.029873,25.323159]}},{"type":"Feature","properties":{"f":"S","c":["Shiva"],"s":["fs"],"n":1,"r":169,"h":3},"geometry":{"type":"Point","coordinates":[83.029625,25.324111]}},{"type":"Feature","properties":{"f":"H","c":["Hanuman"],"s":["w"],"n":1,"r":213,"h":0},"geometry":{"type":"Point","coordinates":[83.028524,25.323979]}},{"type":"Feature","properties":{"f":"S","c":["Shiva","Shiva-Parvati"],"s":["w"],"n":2,"r":155,"h":3},"geometry":{"type":"Point","coordinates":[83.027191,25.322624]}},{"type":"Feature","properties":{"f":"D","c":["Devi","Local Maa"],"s":["fs"],"n":1,"r":130,"h":3,"nm":"Shri shameta Mai"},"geometry":{"type":"Point","coordinates":[83.02602,25.321781]}},{"type":"Feature","properties":{"f":"S","c":["Shiva"],"s":["w"],"n":1,"r":182,"h":3},"geometry":{"type":"Point","coordinates":[83.024534,25.321435]}},{"type":"Feature","properties":{"f":"S","c":["Shiva"],"s":["fs"],"n":1,"r":198,"h":3},"geometry":{"type":"Point","coordinates":[83.023451,25.32104]}},{"type":"Feature","properties":{"f":"HS","c":["Hanuman","Shiva"],"s":["fs"],"n":2,"r":255,"h":0},"geometry":{"type":"Point","coordinates":[83.03022,25.32533]}},{"type":"Feature","properties":{"f":"S","c":["Shiva"],"s":["fs"],"n":1,"r":263,"h":0},"geometry":{"type":"Point","coordinates":[83.030396,25.325503]}},{"type":"Feature","properties":{"f":"DS","c":["Devi","Shiva","Shiva-Parvati"],"s":["w"],"n":4,"r":709,"h":0},"geometry":{"type":"Point","coordinates":[82.987768,25.304524]}},{"type":"Feature","properties":{"f":"G","c":["Ganesh"],"s":["w"],"n":0,"r":702,"h":0},"geometry":{"type":"Point","coordinates":[82.990018,25.304481]}},{"type":"Feature","properties":{"f":"S","c":["Shiva"],"s":["fs"],"n":1,"r":105,"h":3},"geometry":{"type":"Point","coordinates":[83.024721,25.320686]}},{"type":"Feature","properties":{"f":"F","c":["Bir Baba"],"s":["fs"],"n":0,"r":99,"h":3},"geometry":{"type":"Point","coordinates":[83.025092,25.320889]}},{"type":"Feature","properties":{"f":"H","c":["Hanuman"],"s":["fs","t"],"n":1,"r":61,"h":3},"geometry":{"type":"Point","coordinates":[83.025627,25.320836]}},{"type":"Feature","properties":{"f":"O","c":["Other"],"s":["t"],"n":1,"r":86,"h":3},"geometry":{"type":"Point","coordinates":[83.026306,25.321479]}},{"type":"Feature","properties":{"f":"H","c":["Hanuman"],"s":["fs"],"n":1,"r":153,"h":3},"geometry":{"type":"Point","coordinates":[83.02778,25.32289]}},{"type":"Feature","properties":{"f":"HS","c":["Hanuman","Shiva"],"s":["fs"],"n":2,"r":151,"h":3},"geometry":{"type":"Point","coordinates":[83.027365,25.32265]}},{"type":"Feature","properties":{"f":"S","c":["Shiva"],"s":["fs","tt"],"n":1,"r":189,"h":3},"geometry":{"type":"Point","coordinates":[83.027623,25.32319]}},{"type":"Feature","properties":{"f":"S","c":["Shiva"],"s":["fs"],"n":1,"r":188,"h":3},"geometry":{"type":"Point","coordinates":[83.027739,25.323245]}},{"type":"Feature","properties":{"f":"HV","c":["Hanuman","Rama"],"s":["fs","tt"],"n":4,"r":216,"h":3},"geometry":{"type":"Point","coordinates":[83.027466,25.323382]}},{"type":"Feature","properties":{"f":"GS","c":["Ganesh","Shiva"],"s":["t","tt"],"n":3,"r":208,"h":3},"geometry":{"type":"Point","coordinates":[83.027472,25.323306]}},{"type":"Feature","properties":{"f":"S","c":["Shiva"],"s":["ba"],"n":1,"r":222,"h":3},"geometry":{"type":"Point","coordinates":[83.027667,25.323568]}},{"type":"Feature","properties":{"f":"HS","c":["Hanuman","Shiva"],"s":["fs"],"n":3,"r":163,"h":3},"geometry":{"type":"Point","coordinates":[83.028245,25.323272]}},{"type":"Feature","properties":{"f":"G","c":["Ganesh"],"s":["w"],"n":1,"r":111,"h":3},"geometry":{"type":"Point","coordinates":[83.028206,25.322689]}},{"type":"Feature","properties":{"f":"G","c":["Ganesh"],"s":["fs"],"n":1,"r":138,"h":3},"geometry":{"type":"Point","coordinates":[83.028993,25.323441]}},{"type":"Feature","properties":{"f":"H","c":["Hanuman"],"s":["fs"],"n":1,"r":130,"h":3},"geometry":{"type":"Point","coordinates":[83.029062,25.323398]}},{"type":"Feature","properties":{"f":"GHS","c":["Ganesh","Hanuman","Shiva"],"s":["fs"],"n":7,"r":69,"h":3},"geometry":{"type":"Point","coordinates":[83.029263,25.322869]}},{"type":"Feature","properties":{"f":"S","c":["Shiva"],"s":[],"n":1,"r":111,"h":3},"geometry":{"type":"Point","coordinates":[83.029604,25.323497]}},{"type":"Feature","properties":{"f":"SV","c":["Rama","Shiva"],"s":["fs"],"n":5,"r":69,"h":3},"geometry":{"type":"Point","coordinates":[83.029818,25.323164]}},{"type":"Feature","properties":{"f":"S","c":["Shiva"],"s":["fs"],"n":9,"r":71,"h":3},"geometry":{"type":"Point","coordinates":[83.02986,25.323211]}},{"type":"Feature","properties":{"f":"S","c":["Shiva"],"s":["fs"],"n":2,"r":102,"h":3},"geometry":{"type":"Point","coordinates":[83.029702,25.323454]}},{"type":"Feature","properties":{"f":"H","c":["Hanuman"],"s":["w"],"n":1,"r":162,"h":3},"geometry":{"type":"Point","coordinates":[83.028672,25.323519]}},{"type":"Feature","properties":{"f":"H","c":["Hanuman"],"s":["fs"],"n":1,"r":202,"h":3},"geometry":{"type":"Point","coordinates":[83.027282,25.323126]}},{"type":"Feature","properties":{"f":"HS","c":["Hanuman","Shiva"],"s":["fs"],"n":3,"r":191,"h":3},"geometry":{"type":"Point","coordinates":[83.027321,25.323026]}},{"type":"Feature","properties":{"f":"FGHS","c":["Bir Baba","Ganesh","Hanuman","Shiva"],"s":["fs"],"n":5,"r":144,"h":3},"geometry":{"type":"Point","coordinates":[83.024734,25.321146]}},{"type":"Feature","properties":{"f":"HS","c":["Hanuman","Shiva"],"s":["fs","t"],"n":2,"r":207,"h":3},"geometry":{"type":"Point","coordinates":[83.023993,25.321325]}},{"type":"Feature","properties":{"f":"D","c":["Local Maa"],"s":["fs"],"n":3,"r":164,"h":3},"geometry":{"type":"Point","coordinates":[83.030555,25.324562]}},{"type":"Feature","properties":{"f":"S","c":["Shiva"],"s":["fs"],"n":1,"r":542,"h":3},"geometry":{"type":"Point","coordinates":[83.0228,25.325525]}},{"type":"Feature","properties":{"f":"S","c":["Shiva","Shiva-Parvati"],"s":["fs"],"n":1,"r":514,"h":3,"nm":"Markeshwar mahadev"},"geometry":{"type":"Point","coordinates":[83.022773,25.325278]}},{"type":"Feature","properties":{"f":"S","c":["Shiva","Shiva-Parvati"],"s":["c"],"n":3,"r":513,"h":3},"geometry":{"type":"Point","coordinates":[83.022886,25.325232]}},{"type":"Feature","properties":{"f":"D","c":["Devi","Local Maa"],"s":["c"],"n":3,"r":510,"h":3},"geometry":{"type":"Point","coordinates":[83.022882,25.325207]}},{"type":"Feature","properties":{"f":"S","c":["Shiva","Shiva-Parvati"],"s":["c"],"n":4,"r":510,"h":3},"geometry":{"type":"Point","coordinates":[83.022768,25.325234]}},{"type":"Feature","properties":{"f":"S","c":["Shiva","Shiva-Parvati"],"s":["c"],"n":4,"r":510,"h":3},"geometry":{"type":"Point","coordinates":[83.022877,25.325206]}},{"type":"Feature","properties":{"f":"S","c":["Shiva","Shiva-Parvati"],"s":["c"],"n":5,"r":528,"h":3},"geometry":{"type":"Point","coordinates":[83.022829,25.325394]}},{"type":"Feature","properties":{"f":"HS","c":["Hanuman","Shiva","Shiva-Parvati"],"s":["c"],"n":3,"r":529,"h":3},"geometry":{"type":"Point","coordinates":[83.022867,25.32539]}},{"type":"Feature","properties":{"f":"S","c":["Shiva"],"s":["c"],"n":2,"r":525,"h":3},"geometry":{"type":"Point","coordinates":[83.022843,25.325354]}},{"type":"Feature","properties":{"f":"S","c":["Shiva","Shiva-Parvati"],"s":["c"],"n":3,"r":526,"h":3},"geometry":{"type":"Point","coordinates":[83.022851,25.325365]}},{"type":"Feature","properties":{"f":"S","c":["Shiva","Shiva-Parvati"],"s":["c"],"n":1,"r":527,"h":3},"geometry":{"type":"Point","coordinates":[83.022884,25.325362]}},{"type":"Feature","properties":{"f":"S","c":["Shiva"],"s":["c"],"n":1,"r":529,"h":3},"geometry":{"type":"Point","coordinates":[83.022902,25.325381]}},{"type":"Feature","properties":{"f":"S","c":["Shiva"],"s":["c"],"n":1,"r":529,"h":3},"geometry":{"type":"Point","coordinates":[83.022902,25.325381]}},{"type":"Feature","properties":{"f":"S","c":["Shiva"],"s":["c"],"n":1,"r":529,"h":3},"geometry":{"type":"Point","coordinates":[83.022902,25.325381]}},{"type":"Feature","properties":{"f":"DS","c":["Devi","Local Maa","Shiva","Shiva-Parvati"],"s":["c"],"n":9,"r":531,"h":3},"geometry":{"type":"Point","coordinates":[83.022934,25.32539]}},{"type":"Feature","properties":{"f":"S","c":["Shiva","Shiva-Parvati"],"s":["c"],"n":1,"r":527,"h":3},"geometry":{"type":"Point","coordinates":[83.022931,25.325358]}},{"type":"Feature","properties":{"f":"S","c":["Shiva"],"s":["c"],"n":1,"r":514,"h":3},"geometry":{"type":"Point","coordinates":[83.022867,25.325246]}},{"type":"Feature","properties":{"f":"H","c":["Hanuman"],"s":["fs"],"n":1,"r":517,"h":2},"geometry":{"type":"Point","coordinates":[83.022979,25.325247]}},{"type":"Feature","properties":{"f":"HS","c":["Hanuman","Shiva","Shiva-Parvati"],"s":["fs"],"n":2,"r":485,"h":2},"geometry":{"type":"Point","coordinates":[83.0232,25.32487]}},{"type":"Feature","properties":{"f":"S","c":["Shiva","Shiva-Parvati"],"s":["t","tt"],"n":2,"r":489,"h":2},"geometry":{"type":"Point","coordinates":[83.023165,25.324912]}},{"type":"Feature","properties":{"f":"S","c":["Shiva"],"s":["c"],"n":1,"r":477,"h":2},"geometry":{"type":"Point","coordinates":[83.023102,25.324819]}},{"type":"Feature","properties":{"f":"D","c":["Local Maa"],"s":["fs"],"n":1,"r":218,"h":0},"geometry":{"type":"Point","coordinates":[83.02547,25.322406]}},{"type":"Feature","properties":{"f":"S","c":["Shiva","Shiva-Parvati"],"s":["fs"],"n":1,"r":223,"h":0},"geometry":{"type":"Point","coordinates":[83.025513,25.322488]}},{"type":"Feature","properties":{"f":"H","c":["Hanuman"],"s":["w"],"n":1,"r":127,"h":0},"geometry":{"type":"Point","coordinates":[83.031075,25.324446]}},{"type":"Feature","properties":{"f":"D","c":["Devi","Local Maa"],"s":["fs"],"n":1,"r":297,"h":0},"geometry":{"type":"Point","coordinates":[83.029125,25.325186]}},{"type":"Feature","properties":{"f":"D","c":["Sitala Maa"],"s":["fs"],"n":1,"r":446,"h":0},"geometry":{"type":"Point","coordinates":[83.028942,25.327057]}},{"type":"Feature","properties":{"f":"H","c":["Hanuman"],"s":["tt"],"n":1,"r":436,"h":0},"geometry":{"type":"Point","coordinates":[83.029547,25.326863]}},{"type":"Feature","properties":{"f":"F","c":["Bir Baba"],"s":["fs"],"n":0,"r":257,"h":3},"geometry":{"type":"Point","coordinates":[83.004922,25.298652]}},{"type":"Feature","properties":{"f":"HV","c":["Hanuman","Rama"],"s":["fs","t"],"n":4,"r":133,"h":0},"geometry":{"type":"Point","coordinates":[83.00089,25.313257]}},{"type":"Feature","properties":{"f":"GHOS","c":["Ganesh","Hanuman","Other","Shiva"],"s":["fs"],"n":4,"r":96,"h":0},"geometry":{"type":"Point","coordinates":[83.001439,25.31329]}},{"type":"Feature","properties":{"f":"GS","c":["Ganesh","Shiva"],"s":["fs","ba"],"n":8,"r":68,"h":0},"geometry":{"type":"Point","coordinates":[82.999017,25.316006]}},{"type":"Feature","properties":{"f":"H","c":["Hanuman"],"s":["fs","ba"],"n":0,"r":67,"h":0,"nm":"Sri praciin hanuman mandir"},"geometry":{"type":"Point","coordinates":[82.999104,25.316033]}},{"type":"Feature","properties":{"f":"S","c":["Shiva"],"s":["fs"],"n":1,"r":334,"h":3},"geometry":{"type":"Point","coordinates":[83.016161,25.322817]}},{"type":"Feature","properties":{"f":"D","c":["Devi","Local Maa"],"s":["t"],"n":1,"r":336,"h":3},"geometry":{"type":"Point","coordinates":[83.016061,25.322894]}},{"type":"Feature","properties":{"f":"S","c":["Shiva"],"s":["fs"],"n":1,"r":250,"h":3},"geometry":{"type":"Point","coordinates":[83.01543,25.322312]}},{"type":"Feature","properties":{"f":"S","c":["Shiva"],"s":["fs"],"n":1,"r":318,"h":3},"geometry":{"type":"Point","coordinates":[83.013545,25.322977]}},{"type":"Feature","properties":{"f":"V","c":["Krishna"],"s":["w"],"n":2,"r":308,"h":3},"geometry":{"type":"Point","coordinates":[83.012914,25.322746]}},{"type":"Feature","properties":{"f":"HS","c":["Hanuman","Shiva","Shiva-Parvati"],"s":["fs"],"n":2,"r":382,"h":0,"nm":"Parakash Ji ka mandir"},"geometry":{"type":"Point","coordinates":[83.012163,25.323727]}},{"type":"Feature","properties":{"f":"D","c":["Sitala Maa"],"s":["c"],"n":1,"r":383,"h":0},"geometry":{"type":"Point","coordinates":[83.012136,25.323647]}},{"type":"Feature","properties":{"f":"D","c":["Sitala Maa"],"s":["fs"],"n":1,"r":365,"h":3,"nm":"Shitla ma"},"geometry":{"type":"Point","coordinates":[83.011538,25.322657]}},{"type":"Feature","properties":{"f":"D","c":["Sitala Maa"],"s":["c"],"n":2,"r":360,"h":3,"nm":"Shitla mata ka mandir"},"geometry":{"type":"Point","coordinates":[83.011485,25.322558]}},{"type":"Feature","properties":{"f":"D","c":["Sitala Maa"],"s":["t","tt"],"n":1,"r":362,"h":3},"geometry":{"type":"Point","coordinates":[83.011449,25.322552]}},{"type":"Feature","properties":{"f":"D","c":["Sitala Maa"],"s":["w"],"n":1,"r":329,"h":0},"geometry":{"type":"Point","coordinates":[83.011769,25.324156]}},{"type":"Feature","properties":{"f":"D","c":["Sitala Maa"],"s":["fs"],"n":1,"r":176,"h":3},"geometry":{"type":"Point","coordinates":[83.010266,25.324421]}},{"type":"Feature","properties":{"f":"D","c":["Sitala Maa"],"s":["fs"],"n":1,"r":180,"h":3},"geometry":{"type":"Point","coordinates":[83.010365,25.324562]}},{"type":"Feature","properties":{"f":"S","c":["Shiva","Shiva-Parvati"],"s":["c"],"n":1,"r":186,"h":3},"geometry":{"type":"Point","coordinates":[83.01041,25.324506]}},{"type":"Feature","properties":{"f":"S","c":["Shiva"],"s":["t"],"n":1,"r":184,"h":3},"geometry":{"type":"Point","coordinates":[83.010385,25.324492]}},{"type":"Feature","properties":{"f":"O","c":["Other"],"s":["fs"],"n":1,"r":136,"h":3},"geometry":{"type":"Point","coordinates":[83.009843,25.324438]}},{"type":"Feature","properties":{"f":"H","c":["Hanuman"],"s":["fs","tt"],"n":1,"r":135,"h":3},"geometry":{"type":"Point","coordinates":[83.009766,25.324334]}},{"type":"Feature","properties":{"f":"S","c":["Shiva","Shiva-Parvati"],"s":["fs"],"n":3,"r":131,"h":3},"geometry":{"type":"Point","coordinates":[83.009701,25.32431]}},{"type":"Feature","properties":{"f":"S","c":["Shiva","Shiva-Parvati"],"s":["fs"],"n":5,"r":130,"h":3},"geometry":{"type":"Point","coordinates":[83.009567,25.324187]}},{"type":"Feature","properties":{"f":"S","c":["Shiva","Shiva-Parvati"],"s":["c"],"n":1,"r":134,"h":3},"geometry":{"type":"Point","coordinates":[83.009743,25.324322]}},{"type":"Feature","properties":{"f":"S","c":["Shiva","Shiva family"],"s":["c"],"n":2,"r":141,"h":3},"geometry":{"type":"Point","coordinates":[83.009765,25.324243]}},{"type":"Feature","properties":{"f":"S","c":["Shiva","Shiva-Parvati"],"s":["c"],"n":1,"r":133,"h":3},"geometry":{"type":"Point","coordinates":[83.009705,25.324289]}},{"type":"Feature","properties":{"f":"S","c":["Shiva","Shiva-Parvati"],"s":["c"],"n":1,"r":136,"h":3},"geometry":{"type":"Point","coordinates":[83.009737,25.324287]}},{"type":"Feature","properties":{"f":"S","c":["Shiva","Shiva-Parvati"],"s":["c"],"n":3,"r":134,"h":3},"geometry":{"type":"Point","coordinates":[83.009728,25.324296]}},{"type":"Feature","properties":{"f":"H","c":["Hanuman"],"s":["c"],"n":1,"r":139,"h":3},"geometry":{"type":"Point","coordinates":[83.009775,25.324288]}},{"type":"Feature","properties":{"f":"S","c":["Shiva","Shiva-Parvati"],"s":["fs"],"n":1,"r":168,"h":3},"geometry":{"type":"Point","coordinates":[83.009914,25.32402]}},{"type":"Feature","properties":{"f":"H","c":["Hanuman"],"s":["c"],"n":1,"r":172,"h":3},"geometry":{"type":"Point","coordinates":[83.009993,25.324054]}},{"type":"Feature","properties":{"f":"S","c":["Shiva","Shiva-Parvati"],"s":["fs"],"n":2,"r":355,"h":2},"geometry":{"type":"Point","coordinates":[83.014014,25.3234]}},{"type":"Feature","properties":{"f":"V","c":["Krishna"],"s":["fs"],"n":2,"r":62,"h":3},"geometry":{"type":"Point","coordinates":[83.006254,25.28929]}},{"type":"Feature","properties":{"f":"GS","c":["Ganesh","Shiva"],"s":["fs"],"n":7,"r":24,"h":3},"geometry":{"type":"Point","coordinates":[83.006282,25.290458]}},{"type":"Feature","properties":{"f":"GS","c":["Ganesh","Shiva"],"s":["fs"],"n":5,"r":24,"h":3},"geometry":{"type":"Point","coordinates":[83.006291,25.290477]}},{"type":"Feature","properties":{"f":"S","c":["Shiva"],"s":["fs"],"n":1,"r":24,"h":3},"geometry":{"type":"Point","coordinates":[83.006283,25.290417]}},{"type":"Feature","properties":{"f":"HS","c":["Hanuman","Shiva","Shiva family"],"s":["fs"],"n":4,"r":21,"h":3},"geometry":{"type":"Point","coordinates":[83.006307,25.290435]}},{"type":"Feature","properties":{"f":"S","c":["Shiva"],"s":["fs"],"n":2,"r":21,"h":3},"geometry":{"type":"Point","coordinates":[83.006315,25.290404]}},{"type":"Feature","properties":{"f":"OS","c":["Other","Shiva"],"s":["fs"],"n":2,"r":30,"h":3},"geometry":{"type":"Point","coordinates":[83.006232,25.290524]}},{"type":"Feature","properties":{"f":"S","c":["Shiva family"],"s":["t"],"n":4,"r":21,"h":3},"geometry":{"type":"Point","coordinates":[83.006329,25.290516]}},{"type":"Feature","properties":{"f":"S","c":["Shiva"],"s":["fs"],"n":1,"r":21,"h":3},"geometry":{"type":"Point","coordinates":[83.006323,25.290491]}},{"type":"Feature","properties":{"f":"H","c":["Hanuman"],"s":["fs"],"n":1,"r":29,"h":3},"geometry":{"type":"Point","coordinates":[83.006259,25.290577]}},{"type":"Feature","properties":{"f":"FHS","c":["Bir Baba","Hanuman","Shiva"],"s":["fs"],"n":7,"r":29,"h":3},"geometry":{"type":"Point","coordinates":[83.006232,25.290436]}},{"type":"Feature","properties":{"f":"S","c":["Shiva","Shiva family"],"s":["fs"],"n":11,"r":24,"h":3},"geometry":{"type":"Point","coordinates":[83.006287,25.290455]}},{"type":"Feature","properties":{"f":"S","c":["Shiva"],"s":["fs"],"n":1,"r":28,"h":3},"geometry":{"type":"Point","coordinates":[83.006249,25.290475]}},{"type":"Feature","properties":{"f":"GS","c":["Ganesh","Shiva"],"s":["fs"],"n":4,"r":30,"h":3},"geometry":{"type":"Point","coordinates":[83.006291,25.290897]}},{"type":"Feature","properties":{"f":"DO","c":["Local Maa","Other"],"s":["fs"],"n":2,"r":23,"h":3},"geometry":{"type":"Point","coordinates":[83.006382,25.291027]}},{"type":"Feature","properties":{"f":"S","c":["Shiva"],"s":["fs"],"n":1,"r":26,"h":3},"geometry":{"type":"Point","coordinates":[83.006359,25.291089]}},{"type":"Feature","properties":{"f":"GS","c":["Ganesh","Shiva"],"s":["fs"],"n":2,"r":14,"h":0},"geometry":{"type":"Point","coordinates":[83.006879,25.292722]}},{"type":"Feature","properties":{"f":"H","c":["Hanuman"],"s":["w"],"n":2,"r":14,"h":0},"geometry":{"type":"Point","coordinates":[83.007018,25.293394]}},{"type":"Feature","properties":{"f":"S","c":["Shiva"],"s":["fs"],"n":0,"r":53,"h":0},"geometry":{"type":"Point","coordinates":[83.006793,25.296415]}},{"type":"Feature","properties":{"f":"HV","c":["Hanuman","Krishna"],"s":["fs"],"n":3,"r":26,"h":3},"geometry":{"type":"Point","coordinates":[83.007053,25.296433]}},{"type":"Feature","properties":{"f":"S","c":["Shiva"],"s":["fs"],"n":1,"r":40,"h":0},"geometry":{"type":"Point","coordinates":[83.006927,25.295979]}},{"type":"Feature","properties":{"f":"S","c":["Shiva","Shiva family"],"s":["fs"],"n":11,"r":46,"h":0},"geometry":{"type":"Point","coordinates":[83.006874,25.295851]}},{"type":"Feature","properties":{"f":"S","c":["Shiva"],"s":["fs"],"n":2,"r":45,"h":0},"geometry":{"type":"Point","coordinates":[83.006885,25.295861]}},{"type":"Feature","properties":{"f":"H","c":["Hanuman"],"s":["fs"],"n":1,"r":10,"h":0},"geometry":{"type":"Point","coordinates":[83.007271,25.295471]}},{"type":"Feature","properties":{"f":"H","c":["Hanuman"],"s":["w"],"n":1,"r":37,"h":0},"geometry":{"type":"Point","coordinates":[83.006951,25.296139]}},{"type":"Feature","properties":{"f":"GS","c":["Ganesh","Shiva family"],"s":["fs"],"n":5,"r":20,"h":3},"geometry":{"type":"Point","coordinates":[83.007237,25.296894]}},{"type":"Feature","properties":{"f":"DHO","c":["Devi","Hanuman","Local Maa","Other"],"s":["fs","w"],"n":6,"r":21,"h":3},"geometry":{"type":"Point","coordinates":[83.007233,25.2969]}},{"type":"Feature","properties":{"f":"S","c":["Shiva"],"s":["fs"],"n":2,"r":40,"h":3},"geometry":{"type":"Point","coordinates":[83.007099,25.297198]}},{"type":"Feature","properties":{"f":"S","c":["Shiva family"],"s":["fs"],"n":3,"r":23,"h":3},"geometry":{"type":"Point","coordinates":[83.00733,25.297504]}},{"type":"Feature","properties":{"f":"GS","c":["Ganesh","Shiva"],"s":["fs"],"n":6,"r":16,"h":3},"geometry":{"type":"Point","coordinates":[83.007413,25.297597]}},{"type":"Feature","properties":{"f":"S","c":["Shiva-Parvati"],"s":["fs"],"n":2,"r":29,"h":3},"geometry":{"type":"Point","coordinates":[83.007264,25.297793]}},{"type":"Feature","properties":{"f":"F","c":["Bir Baba"],"s":["fs"],"n":3,"r":28,"h":3},"geometry":{"type":"Point","coordinates":[83.007264,25.297838]}},{"type":"Feature","properties":{"f":"S","c":["Shiva"],"s":["fs"],"n":0,"r":35,"h":3},"geometry":{"type":"Point","coordinates":[83.007189,25.297887]}},{"type":"Feature","properties":{"f":"S","c":["Shiva"],"s":["fs"],"n":1,"r":19,"h":3},"geometry":{"type":"Point","coordinates":[83.007359,25.299009]}},{"type":"Feature","properties":{"f":"H","c":["Hanuman"],"s":["fs"],"n":1,"r":258,"h":3},"geometry":{"type":"Point","coordinates":[83.010363,25.323271]}},{"type":"Feature","properties":{"f":"D","c":["Sitala Maa"],"s":["fs"],"n":1,"r":206,"h":0},"geometry":{"type":"Point","coordinates":[83.010683,25.325678]}},{"type":"Feature","properties":{"f":"S","c":["Shiva"],"s":["fs"],"n":1,"r":417,"h":0},"geometry":{"type":"Point","coordinates":[83.011974,25.3308]}},{"type":"Feature","properties":{"f":"GS","c":["Ganesh","Shiva"],"s":["w"],"n":3,"r":76,"h":3},"geometry":{"type":"Point","coordinates":[83.009392,25.32546]}},{"type":"Feature","properties":{"f":"S","c":["Shiva"],"s":["w"],"n":1,"r":78,"h":3},"geometry":{"type":"Point","coordinates":[83.009419,25.325539]}},{"type":"Feature","properties":{"f":"H","c":["Hanuman"],"s":["tt"],"n":1,"r":65,"h":3},"geometry":{"type":"Point","coordinates":[83.009284,25.325463]}},{"type":"Feature","properties":{"f":"H","c":["Hanuman"],"s":["w"],"n":1,"r":40,"h":3},"geometry":{"type":"Point","coordinates":[83.009037,25.325312]}},{"type":"Feature","properties":{"f":"S","c":["Shiva","Shiva-Parvati"],"s":["t"],"n":3,"r":30,"h":3},"geometry":{"type":"Point","coordinates":[83.008937,25.32522]}},{"type":"Feature","properties":{"f":"H","c":["Hanuman"],"s":["fs"],"n":1,"r":134,"h":0},"geometry":{"type":"Point","coordinates":[83.008694,25.326817]}},{"type":"Feature","properties":{"f":"S","c":["Shiva"],"s":["fs"],"n":1,"r":135,"h":0},"geometry":{"type":"Point","coordinates":[83.008416,25.326824]}},{"type":"Feature","properties":{"f":"S","c":["Shiva"],"s":["fs"],"n":1,"r":182,"h":0},"geometry":{"type":"Point","coordinates":[83.007389,25.327082]}},{"type":"Feature","properties":{"f":"H","c":["Hanuman"],"s":["fs"],"n":1,"r":267,"h":0},"geometry":{"type":"Point","coordinates":[83.006025,25.327035]}},{"type":"Feature","properties":{"f":"S","c":["Shiva","Shiva-Parvati"],"s":["fs"],"n":2,"r":528,"h":0},"geometry":{"type":"Point","coordinates":[83.004461,25.328977]}},{"type":"Feature","properties":{"f":"HS","c":["Hanuman","Shiva","Shiva-Parvati"],"s":["fs"],"n":3,"r":547,"h":0},"geometry":{"type":"Point","coordinates":[83.003305,25.333772]}},{"type":"Feature","properties":{"f":"H","c":["Hanuman"],"s":["fs"],"n":2,"r":557,"h":0},"geometry":{"type":"Point","coordinates":[83.003318,25.334167]}},{"type":"Feature","properties":{"f":"S","c":["Shiva"],"s":["fs"],"n":1,"r":511,"h":0},"geometry":{"type":"Point","coordinates":[82.995895,25.341117]}},{"type":"Feature","properties":{"f":"D","c":["Local Maa"],"s":["fs"],"n":1,"r":591,"h":0},"geometry":{"type":"Point","coordinates":[83.004941,25.335673]}},{"type":"Feature","properties":{"f":"S","c":["Shiva","Shiva-Parvati"],"s":["fs"],"n":2,"r":473,"h":0},"geometry":{"type":"Point","coordinates":[83.012914,25.330518]}},{"type":"Feature","properties":{"f":"HS","c":["Hanuman","Shiva"],"s":["fs"],"n":2,"r":490,"h":0},"geometry":{"type":"Point","coordinates":[83.011818,25.328956]}},{"type":"Feature","properties":{"f":"HS","c":["Hanuman","Shiva-Parvati"],"s":["fs"],"n":2,"r":297,"h":2,"nm":"Shri sankat haran hanuman mandir"},"geometry":{"type":"Point","coordinates":[83.01078,25.327445]}},{"type":"Feature","properties":{"f":"S","c":["Shiva","Shiva-Parvati"],"s":["fs"],"n":2,"r":347,"h":3},"geometry":{"type":"Point","coordinates":[83.011651,25.32713]}},{"type":"Feature","properties":{"f":"D","c":["Sitala Maa"],"s":["c"],"n":1,"r":351,"h":3},"geometry":{"type":"Point","coordinates":[83.011707,25.327106]}},{"type":"Feature","properties":{"f":"H","c":["Hanuman"],"s":["fs"],"n":1,"r":355,"h":3},"geometry":{"type":"Point","coordinates":[83.011709,25.327176]}},{"type":"Feature","properties":{"f":"S","c":["Shiva","Shiva-Parvati"],"s":["fs"],"n":3,"r":345,"h":3},"geometry":{"type":"Point","coordinates":[83.011699,25.326997]}},{"type":"Feature","properties":{"f":"S","c":["Shiva","Shiva-Parvati"],"s":["c"],"n":2,"r":385,"h":3},"geometry":{"type":"Point","coordinates":[83.011754,25.327613]}},{"type":"Feature","properties":{"f":"S","c":["Shiva","Shiva-Parvati"],"s":["fs"],"n":2,"r":356,"h":3,"nm":"Jwareshwar mahadev"},"geometry":{"type":"Point","coordinates":[83.01177,25.327098]}},{"type":"Feature","properties":{"f":"S","c":["Shiva","Shiva-Parvati"],"s":["fs","c"],"n":3,"r":347,"h":3},"geometry":{"type":"Point","coordinates":[83.011648,25.327138]}},{"type":"Feature","properties":{"f":"S","c":["Shiva","Shiva family","Shiva-Parvati"],"s":["fs","c"],"n":4,"r":348,"h":3,"nm":"Shri trikhandi mahadev"},"geometry":{"type":"Point","coordinates":[83.011687,25.327078]}},{"type":"Feature","properties":{"f":"H","c":["Hanuman"],"s":["tt"],"n":1,"r":356,"h":3},"geometry":{"type":"Point","coordinates":[83.011759,25.32712]}},{"type":"Feature","properties":{"f":"HOS","c":["Hanuman","Other","Shiva"],"s":["fs","t","tt"],"n":3,"r":530,"h":0},"geometry":{"type":"Point","coordinates":[83.002355,25.335558]}},{"type":"Feature","properties":{"f":"HS","c":["Hanuman","Shiva"],"s":["fs"],"n":2,"r":603,"h":0},"geometry":{"type":"Point","coordinates":[83.003661,25.3366]}},{"type":"Feature","properties":{"f":"S","c":["Shiva"],"s":["tt"],"n":3,"r":544,"h":0},"geometry":{"type":"Point","coordinates":[83.004647,25.336843]}},{"type":"Feature","properties":{"f":"OS","c":["Other","Shiva","Shiva family"],"s":["t","w"],"n":6,"r":586,"h":0},"geometry":{"type":"Point","coordinates":[83.00214,25.336605]}},{"type":"Feature","properties":{"f":"HS","c":["Hanuman","Shiva"],"s":["fs"],"n":2,"r":477,"h":0},"geometry":{"type":"Point","coordinates":[83.000492,25.336569]}},{"type":"Feature","properties":{"f":"S","c":["Shiva"],"s":["t"],"n":2,"r":475,"h":0},"geometry":{"type":"Point","coordinates":[83.00052,25.336525]}},{"type":"Feature","properties":{"f":"O","c":["Other"],"s":["t"],"n":1,"r":521,"h":0},"geometry":{"type":"Point","coordinates":[83.000562,25.336994]}},{"type":"Feature","properties":{"f":"O","c":["Other"],"s":["fs"],"n":1,"r":614,"h":0},"geometry":{"type":"Point","coordinates":[83.001778,25.337246]}},{"type":"Feature","properties":{"f":"GHS","c":["Ganesh","Hanuman","Shiva"],"s":["fs"],"n":3,"r":519,"h":0},"geometry":{"type":"Point","coordinates":[83.002542,25.337988]}},{"type":"Feature","properties":{"f":"GHS","c":["Ganesh","Hanuman","Shiva"],"s":["w"],"n":3,"r":569,"h":0},"geometry":{"type":"Point","coordinates":[83.002802,25.337316]}}]}