id,latitude,longitude,deities_recorded,deity_groups,families,structure,images_present,temple_name,distance_to_ganga_m,hotspot_class
1,25.260606,82.986956,Siva-Parvati,Shiva-Parvati,Shaiva,Tree,1,,294,0
2,25.259706,82.982761,"Siva,Rama family,Hanuman,Ganesh","Ganesh,Hanuman,Rama,Shiva","Ganesh,Hanuman,Shaiva,Vaishnava",Tree,20,,252,0
3,25.266572,82.998014,"Siva,Siva-Parvati,Sitla Maa,Devi,Other","Devi,Other,Shiva,Shiva-Parvati,Sitala Maa","Goddess,Other,Shaiva",Tree,6,,623,0
4,25.271564,82.988642,Siva,Shiva,Shaiva,Free-standing,1,,714,0
5,25.272954,82.986442,Siva-Parvati,Shiva-Parvati,Shaiva,Tree,2,,929,0
6,25.292615,83.00134,Ganesh,Ganesh,Ganesh,Free-standing,1,Mrtyunjaya,247,0
7,25.299802,82.999012,"Siva,Hanuman,Devi","Devi,Hanuman,Shiva","Goddess,Hanuman,Shaiva",Tree-temple,6,,312,0
8,25.300054,82.99925,__ Bir Baabaa,Bir Baba,Folk,Free-standing,1,,349,0
9,25.30016,82.99889,Ganesh,Ganesh,Ganesh,Free-standing,1,,334,0
10,25.30442,83.00719,Hanuman,Hanuman,Hanuman,Built into a wall,1,,166,3
11,25.304757,83.007329,Siva,Shiva,Shaiva,Built into a wall,3,,168,3
12,25.303584,83.006195,Siva,Shiva,Shaiva,Temple complex,1,,227,3
13,25.304616,83.007743,Siva,Shiva,Shaiva,Built into a wall,6,,123,3
14,25.304852,83.007933,"__ Bir Baabaa,Ganesh","Bir Baba,Ganesh","Folk,Ganesh",Built into a wall,2,,118,3
15,25.305934,83.008837,Siva,Shiva,Shaiva,Built into a wall,2,,115,3
16,25.306411,83.008725,Siva,Shiva,Shaiva,Built into a wall,4,,154,3
17,25.306365,83.008809,Ganesh,Ganesh,Ganesh,Built into a wall,5,,144,3
18,25.306932,83.009491,"Hanuman,Devi,Siva,Siva-Parvati","Devi,Hanuman,Shiva,Shiva-Parvati","Goddess,Hanuman,Shaiva",Free-standing,4,,113,3
19,25.306734,83.009524,Siva,Shiva,Shaiva,Built into a wall,7,,101,3
20,25.306827,83.009471,Siva,Shiva,Shaiva,Built into a wall,3,,111,3
21,25.306767,83.009325,Siva,Shiva,Shaiva,Built into a wall,1,,120,3
22,25.306716,83.009093,Hanuman,Hanuman,Hanuman,Built into a wall,1,,138,3
23,25.306812,83.008964,Siva,Shiva,Shaiva,Free-standing,1,,154,3
24,25.306704,83.008936,Siva,Shiva,Shaiva,Free-standing,1,,151,3
25,25.306643,83.008893,Siva,Shiva,Shaiva,Free-standing,1,,151,3
26,25.306782,83.009155,Siva,Shiva,Shaiva,Built into a wall,1,,136,3
27,25.306518,83.00922,"Siva-Parvati,Siva","Shiva,Shiva-Parvati",Shaiva,Built-around,4,,116,3
28,25.30659,83.009141,Siva,Shiva,Shaiva,Free-standing,0,,127,3
29,25.306338,83.009223,Siva,Shiva,Shaiva,Built into a wall,1,,106,3
30,25.306257,83.009435,Siva,Shiva,Shaiva,Built into a wall,1,,83,3
31,25.306415,83.009408,Siva,Shiva,Shaiva,Built into a wall,1,,94,3
32,25.306205,83.008591,Siva,Shiva,Shaiva,Built into a wall,1,,153,3
33,25.306565,83.007951,"Siva,Ganesh","Ganesh,Shiva","Ganesh,Shaiva",Built into a wall,5,,228,3
34,25.306579,83.007633,"Siva,Ganesh","Ganesh,Shiva","Ganesh,Shaiva",Built-around,2,,251,3
35,25.305497,83.006981,"Hanuman,Siva","Hanuman,Shiva","Hanuman,Shaiva",Built into a wall,2,,237,3
36,25.305145,83.007036,Siva,Shiva,Shaiva,Built-around,3,,213,3
37,25.30523,83.00715,"Siva,Ganesh","Ganesh,Shiva","Ganesh,Shaiva",Built-around,3,,207,3
38,25.305061,83.006749,Ganesh,Ganesh,Ganesh,Built-around,1,,235,3
39,25.305609,83.007505,Siva,Shiva,Shaiva,Free-standing,5,,199,3
40,25.305444,83.007601,Siva,Shiva,Shaiva,Free-standing,3,,181,3
41,25.305487,83.007565,Hanuman,Hanuman,Hanuman,Built into a wall,1,,187,3
42,25.305432,83.007813,Siva,Shiva,Shaiva,Built-around,1,,162,3
43,25.305325,83.007645,Ganesh,Ganesh,Ganesh,Built into a wall,1,,170,3
44,25.305446,83.007831,Siva,Shiva,Shaiva,Built-around,2,,161,3
45,25.305391,83.008512,Siva,Shiva,Shaiva,Free-standing,2,,100,3
46,25.305419,83.008559,"Ganesh,Siva","Ganesh,Shiva","Ganesh,Shaiva",Free-standing,4,,98,3
47,25.306011,83.009153,Siva,Shiva,Shaiva,Free-standing,1,,94,3
48,25.306974,83.009229,Siva,Shiva,Shaiva,Free-standing,1,,140,3
49,25.307152,83.009232,Siva,Shiva,Shaiva,Free-standing,2,,146,3
50,25.307464,83.009343,"Siva,Devi,__ Bir Baabaa,Ganesh","Bir Baba,Devi,Ganesh,Shiva","Folk,Ganesh,Goddess,Shaiva","Free-standing,Tree",5,,152,3
51,25.307236,83.009504,Siva,Shiva,Shaiva,Free-standing,2,,125,3
52,25.307421,83.009603,Siva,Shiva,Shaiva,"Free-standing,Tree-temple",7,,127,3
53,25.271064,82.969449,Ganesh,Ganesh,Ganesh,Free-standing,1,,35,0
54,25.27005,82.96973,Siva,Shiva,Shaiva,Tree,1,,146,0
55,25.271211,82.977442,Siva,Shiva,Shaiva,Free-standing,1,,298,0
56,25.270547,82.977689,Other,Other,Other,Tree,0,,372,0
57,25.271207,82.976358,Hanuman,Hanuman,Hanuman,Tree,1,,229,0
58,25.271255,82.97642,"Siva,Hanuman","Hanuman,Shiva","Hanuman,Shaiva",Free-standing,2,,228,0
59,25.30721,83.008859,"Siva,Ganesh","Ganesh,Shiva","Ganesh,Shaiva",Built-around,2,,184,3
60,25.307189,83.008776,Siva,Shiva,Shaiva,Built-around,2,,191,3
61,25.307021,83.008503,Siva,Shiva,Shaiva,Free-standing,1,,206,3
62,25.306992,83.008476,"Siva,Ganesh","Ganesh,Shiva","Ganesh,Shaiva","Free-standing,Built-around",2,,207,3
63,25.306907,83.008369,Siva,Shiva,Shaiva,Free-standing,1,,212,3
64,25.307109,83.007406,Hanuman,Hanuman,Hanuman,Free-standing,2,,307,3
65,25.30666,83.007605,Siva,Shiva,Shaiva,Built into a wall,1,,260,3
66,25.306442,83.007685,"Siva,__ Bir Baabaa,Ganesh","Bir Baba,Ganesh,Shiva","Folk,Ganesh,Shaiva",Free-standing,10,,238,3
67,25.306545,83.007434,"__ Bir Baabaa,Siva","Bir Baba,Shiva","Folk,Shaiva",Built-around,3,,264,3
68,25.306733,83.007278,Siva,Shiva,Shaiva,"Built into a wall,Built-around",3,,290,3
69,25.306669,83.007052,"Siva,__ Bir Baabaa,Ganesh","Bir Baba,Ganesh,Shiva","Folk,Ganesh,Shaiva",Built into a wall,5,,302,3
70,25.307364,83.007017,"Siva-Parvati,Siva,__ Bir Baabaa","Bir Baba,Shiva,Shiva-Parvati","Folk,Shaiva",Built-around,5,,355,3
71,25.307214,83.007302,Siva,Shiva,Shaiva,Free-standing,3,,322,3
72,25.308074,83.007703,Siva,Shiva,Shaiva,Built into a wall,1,,329,3
73,25.308883,83.007172,"Rama family,Rama-Sita",Rama,Vaishnava,,5,,420,3
74,25.3085,83.008568,Siva,Shiva,Shaiva,Built-around,5,,278,3
75,25.308081,83.008272,"Siva,__ Bir Baabaa","Bir Baba,Shiva","Folk,Shaiva",Built-around,7,,280,3
76,25.308495,83.00901,Siva,Shiva,Shaiva,"Free-standing,Built-around",2,,240,3
77,25.308338,83.009271,"Siva,__ Bir Baabaa","Bir Baba,Shiva","Folk,Shaiva",Built-around,6,,208,3
78,25.308303,83.009399,Siva,Shiva,Shaiva,Built into a wall,2,,195,3
79,25.308556,83.009299,"Ganesh,Siva","Ganesh,Shiva","Ganesh,Shaiva",Built into a wall,3,,218,3
80,25.308467,83.00962,"Siva,__ Bir Baabaa","Bir Baba,Shiva","Folk,Shaiva",Free-standing,5,,185,3
81,25.308574,83.008987,Siva,Shiva,Shaiva,"Built into a wall,Built-around",6,,246,3
82,25.308591,83.009028,Siva,Shiva,Shaiva,Built into a wall,7,,243,3
83,25.308652,83.007726,Siva,Shiva,Shaiva,,3,,359,3
84,25.308706,83.007741,Siva,Shiva,Shaiva,,5,,361,3
85,25.307981,83.008059,Ganesh,Ganesh,Ganesh,Built into a wall,1,,293,3
86,25.307462,83.008258,Siva,Shiva,Shaiva,Free-standing,1,,250,3
87,25.307365,83.008985,Siva,Shiva,Shaiva,Free-standing,1,,178,3
88,25.308051,83.009425,Ganesh,Ganesh,Ganesh,Built-around,1,,178,3
89,25.307789,83.009651,Siva,Shiva,Shaiva,Free-standing,6,,144,3
90,25.295853,83.001196,"Ganesh,Hanuman","Ganesh,Hanuman","Ganesh,Hanuman",Tree-temple,0,,193,0
91,25.289082,83.001467,Sitla Maa,Sitala Maa,Goddess,Tree-temple,1,,75,0
92,25.301285,82.997314,"Siva,Hanuman","Hanuman,Shiva","Hanuman,Shaiva",Free-standing,6,,330,0
93,25.300557,82.998401,"Siva,Ganesh","Ganesh,Shiva","Ganesh,Shaiva",Free-standing,1,,339,0
94,25.300567,82.998595,"Siva,Siva family","Shiva,Shiva family",Shaiva,Built-around,2,,352,0
95,25.296946,82.993532,__ Bir Baabaa,Bir Baba,Folk,Tree,1,,0,0
96,25.297022,82.993614,Ganesh,Ganesh,Ganesh,Tree,1,,0,0
97,25.296741,82.993668,Sitla Maa,Sitala Maa,Goddess,Free-standing,1,,7,0
98,25.296717,82.993697,Siva,Shiva,Shaiva,Free-standing,0,Zrii zankukarnesvar,10,0
99,25.291782,83.003891,Siva-Parvati,Shiva-Parvati,Shaiva,Built into a wall,2,,18,0
100,25.294129,83.006359,Siva,Shiva,Shaiva,Built into a wall,4,,87,0
101,25.30389,83.008331,Hanuman,Hanuman,Hanuman,Free-standing,1,Mahavir Akhara,38,3
102,25.304328,83.009209,Siva family,Shiva family,Shaiva,Built into a wall,3,,0,3
103,25.304563,83.00884,Siva,Shiva,Shaiva,Built into a wall,1,,23,3
104,25.304469,83.00892,Siva family,Shiva family,Shaiva,Built into a wall,4,,11,3
105,25.304432,83.009065,Siva,Shiva,Shaiva,Built into a wall,2,,0,3
106,25.304422,83.009119,Siva,Shiva,Shaiva,Built into a wall,2,,0,3
107,25.304422,83.009119,Siva,Shiva,Shaiva,Built into a wall,3,,0,3
108,25.30363,83.009584,Siva,Shiva,Shaiva,Temple complex,1,,0,0
109,25.304575,83.008428,Hanuman,Hanuman,Hanuman,Temple complex,1,,59,3
110,25.304573,83.008409,Siva,Shiva,Shaiva,Built into a wall,3,,61,3
111,25.304557,83.008504,Hanuman,Hanuman,Hanuman,Built into a wall,1,,52,3
112,25.304543,83.008584,Siva,Shiva,Shaiva,Built into a wall,1,,44,3
113,25.302511,83.009948,Siva,Shiva,Shaiva,,0,,0,0
114,25.303711,83.008359,Siva,Shiva,Shaiva,Built into a wall,2,,29,3
115,25.303765,83.008324,Siva-Parvati,Shiva-Parvati,Shaiva,Built into a wall,2,,34,3
116,25.303562,83.007256,Other,Other,Other,Free-standing,0,,127,3
117,25.302995,83.007729,Siva family,Shiva family,Shaiva,Built into a wall,5,,60,3
118,25.302769,83.007701,Siva-Parvati,Shiva-Parvati,Shaiva,Tree-temple,5,,54,3
119,25.30247,83.00771,Siva family,Shiva family,Shaiva,Built into a wall,2,,45,3
120,25.30219,83.007731,Siva-Parvati,Shiva-Parvati,Shaiva,Built into a wall,2,,27,3
121,25.302226,83.007738,"Siva-Parvati,Hanuman","Hanuman,Shiva-Parvati","Hanuman,Shaiva",Free-standing,4,,28,3
122,25.302214,83.007703,"Siva-Parvati,Krishna","Krishna,Shiva-Parvati","Shaiva,Vaishnava",,7,,30,3
123,25.302524,83.007246,"Hanuman,Siva family,Siva-Parvati","Hanuman,Shiva family,Shiva-Parvati","Hanuman,Shaiva",Built into a wall,2,,87,3
124,25.302463,83.007128,"Siva-Parvati,Other","Other,Shiva-Parvati","Other,Shaiva",Free-standing,3,,95,3
125,25.302367,83.007081,Siva-Parvati,Shiva-Parvati,Shaiva,Free-standing,0,,95,3
126,25.302188,83.007102,"Siva-Parvati,Hanuman,Ganesh,__ Maa","Ganesh,Hanuman,Local Maa,Shiva-Parvati","Ganesh,Goddess,Hanuman,Shaiva",Built into a wall,0,,87,3
127,25.301968,83.007131,"Siva-Parvati,Siva family","Shiva family,Shiva-Parvati",Shaiva,Free-standing,4,,80,3
128,25.301913,83.007585,"Siva-Parvati,Hanuman","Hanuman,Shiva-Parvati","Hanuman,Shaiva",Free-standing,3,,34,3
129,25.30146,83.007714,"Ganesh,Siva family","Ganesh,Shiva family","Ganesh,Shaiva",Built into a wall,3,,16,3
130,25.301511,83.006965,Devi,Devi,Goddess,Free-standing,2,,91,3
131,25.301375,83.006981,"Siva-Parvati,Siva family,Rama-Sita,Ganesh,Hanuman","Ganesh,Hanuman,Rama,Shiva family,Shiva-Parvati","Ganesh,Hanuman,Shaiva,Vaishnava",Free-standing,6,,88,3
132,25.301423,83.007016,"Siva-Parvati,Siva family","Shiva family,Shiva-Parvati",Shaiva,Built into a wall,3,,85,3
133,25.300141,83.006939,Siva-Parvati,Shiva-Parvati,Shaiva,Built into a wall,2,,80,3
134,25.299946,83.007064,"Siva-Parvati,Siva family","Shiva family,Shiva-Parvati",Shaiva,Free-standing,0,,69,3
135,25.29931,83.006766,"Siva-Parvati,Siva family,RAMA,Hanuman","Hanuman,Rama,Shiva family,Shiva-Parvati","Hanuman,Shaiva,Vaishnava",Free-standing,50,,85,3
136,25.299155,83.006792,"Siva-Parvati,Siva,Siva family","Shiva,Shiva family,Shiva-Parvati",Shaiva,Free-standing,3,Nageshwar mahadev,78,3
137,25.299284,83.007293,"Hanuman,Siva-Parvati","Hanuman,Shiva-Parvati","Hanuman,Shaiva",Free-standing,3,,33,3
138,25.299725,83.007552,Siva-Parvati,Shiva-Parvati,Shaiva,Free-standing,3,,21,3
139,25.300193,83.006795,Devi,Devi,Goddess,Built into a wall,3,,94,3
140,25.300314,83.00716,Hanuman,Hanuman,Hanuman,Free-standing,5,,58,3
141,25.300359,83.00711,"Siva-Parvati,Siva,Devi","Devi,Shiva,Shiva-Parvati","Goddess,Shaiva",Built into a wall,0,,64,3
142,25.300482,83.007351,Siva-Parvati,Shiva-Parvati,Shaiva,Free-standing,0,,41,3
143,25.300446,83.00744,Siva-Parvati,Shiva-Parvati,Shaiva,Built into a wall,0,,32,3
144,25.301433,83.007625,"Siva family,Siva-Parvati","Shiva family,Shiva-Parvati",Shaiva,Free-standing,3,,24,3
145,25.303738,83.008334,"Siva-Parvati,Hanuman","Hanuman,Shiva-Parvati","Hanuman,Shaiva",Free-standing,0,,32,3
146,25.305409,83.009562,"Siva,Siva-Parvati,Siva family,Hanuman","Hanuman,Shiva,Shiva family,Shiva-Parvati","Hanuman,Shaiva",Free-standing,3,,22,3
147,25.307209,83.010114,"Hanuman,Sitla Maa,Rama family,Rama-Sita","Hanuman,Rama,Sitala Maa","Goddess,Hanuman,Vaishnava",Free-standing,6,,71,3
148,25.27002,82.982737,"Siva,Siva-Parvati,Hanuman","Hanuman,Shiva,Shiva-Parvati","Hanuman,Shaiva",Tree,3,,708,0
149,25.270366,82.982681,Siva-Parvati,Shiva-Parvati,Shaiva,Free-standing,2,,680,0
150,25.270301,82.982223,"Ganesh,Hanuman","Ganesh,Hanuman","Ganesh,Hanuman",Tree,2,,648,0
151,25.271893,82.979399,Siva,Shiva,Shaiva,Free-standing,1,,317,0
152,25.271934,82.979369,Other,Other,Other,"Tree,Tree-temple",1,,311,0
153,25.271933,82.979596,"Siva family,Rama family,Ganesh,Hanuman","Ganesh,Hanuman,Rama,Shiva family","Ganesh,Hanuman,Shaiva,Vaishnava",Tree-temple,5,,328,0
154,25.271934,82.979716,Hanuman,Hanuman,Hanuman,Free-standing,1,,337,0
155,25.273473,82.981316,Siva,Shiva,Shaiva,Free-standing,1,,411,0
156,25.273821,82.981677,Siva,Shiva,Shaiva,Tree-temple,1,,440,0
157,25.273873,82.981756,"Siva,Hanuman","Hanuman,Shiva","Hanuman,Shaiva",Free-standing,2,,447,0
158,25.273844,82.981697,"Siva,Hanuman,Ganesh","Ganesh,Hanuman,Shiva","Ganesh,Hanuman,Shaiva",Free-standing,3,,441,0
159,25.273711,82.982082,Siva-Parvati,Shiva-Parvati,Shaiva,Free-standing,3,,482,0
160,25.27382,82.982155,Siva-Parvati,Shiva-Parvati,Shaiva,Tree-temple,2,,488,0
161,25.273853,82.982078,Siva,Shiva,Shaiva,Free-standing,1,,479,0
162,25.273674,82.982358,Siva,Shiva,Shaiva,Free-standing,1,,510,0
163,25.292986,82.995438,"Rama-Sita,Rama family",Rama,Vaishnava,Free-standing,9,,439,0
164,25.292775,82.995481,Siva,Shiva,Shaiva,Tree-temple,9,,461,0
165,25.296568,82.993297,"Siva,Hanuman","Hanuman,Shiva","Hanuman,Shaiva","Built into a wall,Built-around",3,,12,0
166,25.296563,82.993237,Siva,Shiva,Shaiva,Free-standing,1,,12,0
167,25.296658,82.993224,"Siva,Hanuman,Ganesh","Ganesh,Hanuman,Shiva","Ganesh,Hanuman,Shaiva",Free-standing,6,,2,0
168,25.296615,82.993125,"Siva,Devi","Devi,Shiva","Goddess,Shaiva",Free-standing,6,Sri Maa lakshmi Jii kaa mandir,7,0
169,25.29675,82.992833,Ganesh,Ganesh,Ganesh,Tree-temple,1,,21,0
170,25.296769,82.992859,Devi,Devi,Goddess,Free-standing,1,,18,0
171,25.296753,82.992804,Ganesh,Ganesh,Ganesh,Tree-temple,1,,24,0
172,25.289189,82.985148,Other,Other,Other,Temple complex,1,,52,0
173,25.289133,82.98514,Hanuman,Hanuman,Hanuman,"Built into a wall,Temple complex",1,,46,0
174,25.28909,82.985112,"Siva,Ganesh","Ganesh,Shiva","Ganesh,Shaiva","Tree,Temple complex",2,,41,0
175,25.285023,82.968713,Other,Other,Other,Free-standing,1,,366,0
176,25.28639,82.968755,"Siva,Siva-Parvati,Hanuman","Hanuman,Shiva,Shiva-Parvati","Hanuman,Shaiva","Free-standing,Temple complex,Tree,Tree-temple",3,,517,0
177,25.28676,82.975681,Siva,Shiva,Shaiva,Free-standing,1,,908,0
178,25.286007,82.975127,Other,Other,Other,Tree-temple,1,,813,0
179,25.284505,82.979958,"Siva family,Hanuman,Other","Hanuman,Other,Shiva family","Hanuman,Other,Shaiva",Free-standing,5,,612,0
180,25.299221,82.993433,Devi,Devi,Goddess,Tree,1,,51,0
181,25.293397,82.970593,Hanuman,Hanuman,Hanuman,Free-standing,1,,474,0
182,25.293974,82.970881,Siva,Shiva,Shaiva,Tree-temple,1,,489,0
183,25.288818,82.98525,Other,Other,Other,Tree,1,,11,0
184,25.288943,82.985332,Siva family,Shiva family,Shaiva,"Tree,Temple complex",7,,25,0
185,25.28774,82.982593,Siva family,Shiva family,Shaiva,Free-standing,10,,234,0
186,25.287553,82.982039,"Siva,Rama family,Ganesh","Ganesh,Rama,Shiva","Ganesh,Shaiva,Vaishnava",Free-standing,8,,290,0
187,25.287553,82.982039,"Hanuman,Ganesh","Ganesh,Hanuman","Ganesh,Hanuman",Tree,26,,290,0
188,25.287177,82.98217,"Hanuman,Ganesh","Ganesh,Hanuman","Ganesh,Hanuman",Tree,26,,282,0
189,25.280469,82.986396,Hanuman,Hanuman,Hanuman,Free-standing,1,,806,0
190,25.305981,83.005974,Hanuman,Hanuman,Hanuman,"Tree,Free-standing",1,,351,3
191,25.306548,83.006619,Siva,Shiva,Shaiva,,6,,330,3
192,25.306301,83.006903,Hanuman,Hanuman,Hanuman,Built-around,2,,291,3
193,25.306289,83.006992,Siva,Shiva,Shaiva,Free-standing,1,,283,3
194,25.30595,83.006531,Siva,Shiva,Shaiva,Tree,6,,302,3
195,25.307309,83.010154,"Siva,Ganesh","Ganesh,Shiva","Ganesh,Shaiva",Free-standing,4,,73,3
196,25.307726,83.010043,"Siva,Ganesh","Ganesh,Shiva","Ganesh,Shaiva","Built-around,Tree-temple",5,,106,3
197,25.30784,83.010048,Siva,Shiva,Shaiva,Free-standing,2,,113,3
198,25.308728,83.010461,Siva,Shiva,Shaiva,Built into a wall,3,,128,3
199,25.308703,83.010091,Siva,Shiva,Shaiva,Built into a wall,6,,158,3
200,25.308862,83.009619,"Hanuman,Siva","Hanuman,Shiva","Hanuman,Shaiva",Built-around,3,,208,3
201,25.309188,83.009395,Siva,Shiva,Shaiva,Built-around,10,,246,3
202,25.309349,83.008893,Siva,Shiva,Shaiva,Built-around,10,,298,3
203,25.309548,83.008764,"Siva,Siva family","Shiva,Shiva family",Shaiva,Free-standing,4,,321,3
204,25.309511,83.008811,Siva,Shiva,Shaiva,,5,,314,3
205,25.309566,83.008441,"Siva,Ganesh,__ Bir Baabaa","Bir Baba,Ganesh,Shiva","Folk,Ganesh,Shaiva",Built-around,6,,350,3
206,25.309264,83.008088,Siva,Shiva,Shaiva,Built-around,1,,363,3
207,25.309138,83.008197,"Hanuman,Siva","Hanuman,Shiva","Hanuman,Shaiva","Free-standing,Tree-temple",5,,346,3
208,25.309258,83.007914,Siva,Shiva,Shaiva,Built-around,1,,378,3
209,25.309457,83.007676,Siva,Shiva,Shaiva,Built-around,3,,410,3
210,25.310111,83.007696,Siva,Shiva,Shaiva,Built-around,0,,445,3
211,25.309881,83.008108,Siva,Shiva,Shaiva,Built-around,2,,396,3
212,25.308804,83.009697,"Ganesh,Siva","Ganesh,Shiva","Ganesh,Shaiva",Built-around,5,,198,3
213,25.309778,83.009346,Rama family,Rama,Vaishnava,Built-around,8,,288,3
214,25.309868,83.009456,Siva,Shiva,Shaiva,Temple complex,1,,287,3
215,25.310121,83.009469,Ganesh,Ganesh,Ganesh,Built-around,1,,306,3
216,25.305601,83.006204,"Siva-Parvati,Siva,Siva family","Shiva,Shiva family,Shiva-Parvati",Shaiva,Built into a wall,3,,310,3
217,25.306111,83.006119,Devi,Devi,Goddess,Built into a wall,2,,347,3
218,25.306429,83.005964,"Siva-Parvati,Siva,Siva family","Shiva,Shiva family,Shiva-Parvati",Shaiva,Built into a wall,5,,379,3
219,25.306134,83.006771,Ganesh,Ganesh,Ganesh,Built into a wall,1,,292,3
220,25.306615,83.006622,"Siva-Parvati,Siva","Shiva,Shiva-Parvati",Shaiva,Built into a wall,2,,334,3
221,25.307033,83.006298,"Hanuman,Devi,Siva,Siva-Parvati","Devi,Hanuman,Shiva,Shiva-Parvati","Goddess,Hanuman,Shaiva",Tree-temple,4,,387,3
222,25.306899,83.006466,__ Bir Baabaa,Bir Baba,Folk,Free-standing,1,Virbaba,365,3
223,25.307291,83.006853,"Siva-Parvati,Siva","Shiva,Shiva-Parvati",Shaiva,Free-standing,0,,363,3
224,25.30793,83.00695,"Siva,Siva-Parvati","Shiva,Shiva-Parvati",Shaiva,Free-standing,0,,392,3
225,25.308598,83.007009,Hanuman,Hanuman,Hanuman,Built into a wall,2,,418,3
226,25.308797,83.007159,"Rama-Sita,Rama family",Rama,Vaishnava,Free-standing,6,Shrri ram mandir,417,3
227,25.308107,83.007339,"Siva,Siva-Parvati","Shiva,Shiva-Parvati",Shaiva,Free-standing,5,Agates hear mahadev,363,3
228,25.308062,83.007538,Siva-Parvati,Shiva-Parvati,Shaiva,Built into a wall,0,,343,3
229,25.308184,83.008255,"Siva,Siva-Parvati","Shiva,Shiva-Parvati",Shaiva,Built into a wall,0,,287,3
230,25.308478,83.008472,"Siva-Parvati,Siva","Shiva,Shiva-Parvati",Shaiva,Free-standing,2,,285,3
231,25.308679,83.008893,"Devi,__ Maa","Devi,Local Maa",Goddess,Built into a wall,3,,260,3
232,25.307975,83.01051,"Siva-Parvati,Siva family","Shiva family,Shiva-Parvati",Shaiva,Free-standing,3,,80,3
233,25.308143,83.010468,"Rama-Sita,RAMA",Rama,Vaishnava,Built into a wall,4,Sita ram temple,94,3
234,25.30815,83.010735,"Siva,Siva-Parvati,Hanuman","Hanuman,Shiva,Shiva-Parvati","Hanuman,Shaiva",Tree,5,,71,3
235,25.308052,83.0109,"Siva,Siva-Parvati","Shiva,Shiva-Parvati",Shaiva,Built into a wall,0,,51,3
236,25.308032,83.011065,"Siva,Siva-Parvati,Siva family","Shiva,Shiva family,Shiva-Parvati",Shaiva,Built into a wall,2,,36,3
237,25.307939,83.011074,"Siva,Siva-Parvati,Siva family","Shiva,Shiva family,Shiva-Parvati",Shaiva,Built into a wall,2,,29,3
238,25.307988,83.011118,"Siva-Parvati,Siva,Siva family","Shiva,Shiva family,Shiva-Parvati",Shaiva,Built into a wall,2,,29,3
239,25.307984,83.011098,"Siva-Parvati,Siva,Siva family","Shiva,Shiva family,Shiva-Parvati",Shaiva,Free-standing,4,,30,3
240,25.3081,83.010959,"Siva,Siva-Parvati,Siva family","Shiva,Shiva family,Shiva-Parvati",Shaiva,Built into a wall,2,,49,3
241,25.308319,83.011119,"Siva,Siva-Parvati","Shiva,Shiva-Parvati",Shaiva,Free-standing,2,,48,3
242,25.308293,83.011088,"Hanuman,Sitla Maa,__ Maa,Devi","Devi,Hanuman,Local Maa,Sitala Maa","Goddess,Hanuman",Free-standing,5,,48,3
243,25.308169,83.011006,"Siva,Siva-Parvati","Shiva,Shiva-Parvati",Shaiva,Free-standing,2,,48,3
244,25.308256,83.011135,Siva,Shiva,Shaiva,Built into a wall,1,,42,3
245,25.308259,83.011206,Hanuman,Hanuman,Hanuman,Built into a wall,1,,37,3
246,25.308562,83.011491,"__ Maa,Devi","Devi,Local Maa",Goddess,"Tree,Tree-temple",0,Varahi Devi shaktipeeth mandir,39,3
247,25.308684,83.011343,__ Bir Baabaa,Bir Baba,Folk,Built into a wall,1,Virbaba,59,3
248,25.308631,83.011394,Other,Other,Other,Built into a wall,0,,52,3
249,25.308584,83.011498,"Siva,Siva-Parvati","Shiva,Shiva-Parvati",Shaiva,"Tree-temple,Free-standing",2,,40,3
250,25.308822,83.012004,Hanuman,Hanuman,Hanuman,Free-standing,2,Hanuman mandir,26,3
251,25.308934,83.011928,"Siva,Siva-Parvati,Siva family","Shiva,Shiva family,Shiva-Parvati",Shaiva,Built into a wall,4,,40,3
252,25.308837,83.011998,Siva-Parvati,Shiva-Parvati,Shaiva,Built into a wall,2,,27,3
253,25.309241,83.012043,"Siva-Parvati,Siva family","Shiva family,Shiva-Parvati",Shaiva,Built into a wall,2,,54,3
254,25.309057,83.011871,Siva,Shiva,Shaiva,Built into a wall,0,,53,3
255,25.308956,83.011824,Siva,Shiva,Shaiva,Built into a wall,0,,49,3
256,25.309037,83.011824,Siva,Shiva,Shaiva,Built into a wall,0,,55,3
257,25.309098,83.01185,Siva,Shiva,Shaiva,Built into a wall,0,,58,3
258,25.30964,83.011766,Hanuman,Hanuman,Hanuman,Free-standing,4,,104,3
259,25.30964,83.011808,"Siva,__ Bir Baabaa","Bir Baba,Shiva","Folk,Shaiva",,0,,101,3
260,25.309991,83.01196,Devi,Devi,Goddess,Free-standing,4,,116,3
261,25.29319,82.976061,"Hanuman,Siva","Hanuman,Shiva","Hanuman,Shaiva","Free-standing,Tree-temple",2,,541,0
262,25.293185,82.980608,Other,Other,Other,Tree-temple,1,,267,0
263,25.293238,82.981143,Siva-Parvati,Shiva-Parvati,Shaiva,Free-standing,2,,258,0
264,25.298316,82.984722,Siva family,Shiva family,Shaiva,Tree-temple,4,,89,0
265,25.298816,82.98475,"Siva,Ganesh","Ganesh,Shiva","Ganesh,Shaiva",Free-standing,2,,91,0
266,25.299465,82.983857,"Siva,Hanuman","Hanuman,Shiva","Hanuman,Shaiva",Built into a wall,2,,46,0
267,25.299024,82.98158,Other,Other,Other,Free-standing,1,,139,0
268,25.297042,82.977659,"Siva-Parvati,Hanuman,__ Bir Baabaa","Bir Baba,Hanuman,Shiva-Parvati","Folk,Hanuman,Shaiva","Free-standing,Temple complex",4,,238,0
269,25.296926,82.977668,"Siva,Other","Other,Shiva","Other,Shaiva",Tree-temple,2,,236,0
270,25.297632,82.977112,"Hanuman,Ganesh,Other","Ganesh,Hanuman,Other","Ganesh,Hanuman,Other",Tree-temple,3,,279,0
271,25.298221,82.976416,"Other,Siva","Other,Shiva","Other,Shaiva",Free-standing,1,,272,0
272,25.297769,82.977086,Other,Other,Other,Tree-temple,1,,268,0
273,25.295827,82.974694,Other,Other,Other,Tree-temple,1,,475,0
274,25.294438,82.971066,Siva-Parvati,Shiva-Parvati,Shaiva,Tree-temple,2,,440,0
275,25.287918,82.969509,__ Bir Baabaa,Bir Baba,Folk,Free-standing,1,,616,0
276,25.287323,82.969027,Siva,Shiva,Shaiva,Free-standing,1,,622,0
277,25.287235,82.969091,Other,Other,Other,Built into a wall,2,,613,0
278,25.287204,82.969106,Other,Other,Other,Free-standing,1,,610,0
279,25.30791,83.009989,"Siva,Siva-Parvati,Siva family","Shiva,Shiva family,Shiva-Parvati",Shaiva,Free-standing,2,,122,3
280,25.308484,83.010279,"Siva,Siva-Parvati,Siva family","Shiva,Shiva family,Shiva-Parvati",Shaiva,Built into a wall,2,,129,3
281,25.308762,83.010698,"Siva,Siva-Parvati,Siva family","Shiva,Shiva family,Shiva-Parvati",Shaiva,Built into a wall,5,,112,3
282,25.308741,83.010853,"Siva,Siva-Parvati,Siva family","Shiva,Shiva family,Shiva-Parvati",Shaiva,Free-standing,5,,100,3
283,25.308931,83.010906,"Siva,Siva-Parvati,Siva family","Shiva,Shiva family,Shiva-Parvati",Shaiva,Free-standing,3,,111,3
284,25.308976,83.010881,"Siva,Siva-Parvati","Shiva,Shiva-Parvati",Shaiva,Built into a wall,0,,116,3
285,25.308923,83.010901,"Siva,Siva-Parvati,Siva family","Shiva,Shiva family,Shiva-Parvati",Shaiva,Temple complex,2,,111,3
286,25.309063,83.010916,"Siva,Siva-Parvati","Shiva,Shiva-Parvati",Shaiva,Free-standing,0,,119,3
287,25.308739,83.011206,"Siva,Siva-Parvati","Shiva,Shiva-Parvati",Shaiva,Built into a wall,0,,74,3
288,25.308959,83.012055,"Siva,Siva-Parvati","Shiva,Shiva-Parvati",Shaiva,Built into a wall,0,,32,3
289,25.309504,83.011741,"Siva,Siva-Parvati","Shiva,Shiva-Parvati",Shaiva,Free-standing,3,Shrivridhaditya shiva mandir,96,3
290,25.309383,83.011807,"Siva,Siva-Parvati,Siva family","Shiva,Shiva family,Shiva-Parvati",Shaiva,Built into a wall,0,,82,3
291,25.310071,83.011833,"Siva,Siva-Parvati,Ganesh","Ganesh,Shiva,Shiva-Parvati","Ganesh,Shaiva",Free-standing,5,Dharmeshwar mahadev mandir,131,3
292,25.310167,83.011791,"Siva,__ Maa","Local Maa,Shiva","Goddess,Shaiva",Tree,0,,139,3
293,25.310135,83.011716,"Hanuman,RAMA","Hanuman,Rama","Hanuman,Vaishnava",Tree-temple,2,,145,3
294,25.310209,83.011697,Siva,Shiva,Shaiva,Tree,1,,150,3
295,25.310186,83.0118,"Siva,Siva-Parvati","Shiva,Shiva-Parvati",Shaiva,Free-standing,2,,140,3
296,25.310155,83.011669,"Siva,Siva-Parvati","Shiva,Shiva-Parvati",Shaiva,Temple complex,2,,150,3
297,25.310169,83.011744,"Siva,Siva-Parvati","Shiva,Shiva-Parvati",Shaiva,Temple complex,2,,144,3
298,25.310164,83.011816,"Siva-Parvati,Siva","Shiva,Shiva-Parvati",Shaiva,Temple complex,0,,137,3
299,25.310169,83.011742,"Siva-Parvati,Siva","Shiva,Shiva-Parvati",Shaiva,Temple complex,0,,144,3
300,25.310151,83.011784,"Siva,Siva-Parvati","Shiva,Shiva-Parvati",Shaiva,Temple complex,0,,139,3
301,25.310277,83.011689,"Siva-Parvati,Siva family,Siva","Shiva,Shiva family,Shiva-Parvati",Shaiva,Free-standing,4,Vishwvahuka gauri Parvati temple,154,3
302,25.310184,83.011652,"Siva,Siva-Parvati,Siva family","Shiva,Shiva family,Shiva-Parvati",Shaiva,Temple complex,0,,153,3
303,25.31018,83.011588,"Siva,Siva-Parvati,Siva family","Shiva,Shiva family,Shiva-Parvati",Shaiva,Temple complex,0,,157,3
304,25.31017,83.011522,"Siva,Siva-Parvati,Siva family","Shiva,Shiva family,Shiva-Parvati",Shaiva,Temple complex,3,,162,3
305,25.310303,83.01159,"__ Maa,Other","Local Maa,Other","Goddess,Other",Tree-temple,0,,164,3
306,25.310291,83.011883,"Siva,Siva family,Siva-Parvati,__ Maa","Local Maa,Shiva,Shiva family,Shiva-Parvati","Goddess,Shaiva",Tree,0,,138,3
307,25.310054,83.012048,Devi,Devi,Goddess,Free-standing,0,Kali mata,111,3
308,25.310047,83.012109,"Siva,Ganesh","Ganesh,Shiva","Ganesh,Shaiva",Built into a wall,0,Ganesh,105,3
309,25.310228,83.011993,"Siva,Siva-Parvati,Siva family","Shiva,Shiva family,Shiva-Parvati",Shaiva,Free-standing,3,,125,3
310,25.310793,83.012225,"Siva,Siva-Parvati","Shiva,Shiva-Parvati",Shaiva,Built into a wall,2,,151,3
311,25.310793,83.012225,"Siva,Siva-Parvati","Shiva,Shiva-Parvati",Shaiva,Built into a wall,2,,151,3
312,25.311042,83.012386,"Siva,Siva-Parvati,Siva family","Shiva,Shiva family,Shiva-Parvati",Shaiva,Built into a wall,12,,165,3
313,25.310709,83.01248,"Siva,Siva-Parvati,Siva family","Shiva,Shiva family,Shiva-Parvati",Shaiva,Built into a wall,0,,129,3
314,25.310589,83.012546,"Siva,Siva-Parvati,Krishna","Krishna,Shiva,Shiva-Parvati","Shaiva,Vaishnava",Built into a wall,0,,114,3
315,25.310737,83.012508,"Siva,Siva-Parvati,Siva family","Shiva,Shiva family,Shiva-Parvati",Shaiva,Built into a wall,2,,130,3
316,25.310763,83.012752,"Siva,Siva-Parvati,Siva family","Shiva,Shiva family,Shiva-Parvati",Shaiva,Free-standing,0,,120,3
317,25.310759,83.012535,"Siva,Siva-Parvati","Shiva,Shiva-Parvati",Shaiva,Free-standing,0,,131,3
318,25.310749,83.012485,"Siva,Siva-Parvati","Shiva,Shiva-Parvati",Shaiva,Free-standing,3,,132,3
319,25.310578,83.01269,"Siva,Siva-Parvati","Shiva,Shiva-Parvati",Shaiva,Tree-temple,2,,105,3
320,25.310603,83.012502,Siva,Shiva,Shaiva,Free-standing,0,,118,3
321,25.310661,83.012689,Ganesh,Ganesh,Ganesh,Free-standing,0,,114,3
322,25.310607,83.012543,"Siva,Siva-Parvati","Shiva,Shiva-Parvati",Shaiva,Built into a wall,2,,116,3
323,25.310566,83.01275,"Siva,Siva-Parvati,Siva family","Shiva,Shiva family,Shiva-Parvati",Shaiva,Built into a wall,3,,102,3
324,25.310459,83.012708,"Siva,Siva-Parvati,Siva family","Shiva,Shiva family,Shiva-Parvati",Shaiva,Built into a wall,0,,93,3
325,25.310392,83.01278,"Siva,Siva-Parvati","Shiva,Shiva-Parvati",Shaiva,Built into a wall,0,,83,3
326,25.310394,83.01293,"Siva,Siva-Parvati","Shiva,Shiva-Parvati",Shaiva,Built into a wall,0,,77,3
327,25.310575,83.012953,"Siva,Siva-Parvati","Shiva,Shiva-Parvati",Shaiva,Built into a wall,0,,93,3
328,25.310423,83.012879,"Siva-Parvati,Siva","Shiva,Shiva-Parvati",Shaiva,Built into a wall,0,,82,3
329,25.310565,83.013404,"Siva,Siva-Parvati,Sitla Maa","Shiva,Shiva-Parvati,Sitala Maa","Goddess,Shaiva","Free-standing,Tree-temple",0,,51,3
330,25.309844,83.012999,"Siva,Siva-Parvati","Shiva,Shiva-Parvati",Shaiva,Free-standing,0,Nepali temple,21,3
331,25.310507,83.012877,"Siva,Ganesh","Ganesh,Shiva","Ganesh,Shaiva",Built into a wall,0,,91,3
332,25.310037,83.013268,"Siva,Siva-Parvati,Siva family,Other","Other,Shiva,Shiva family,Shiva-Parvati","Other,Shaiva",Built into a wall,0,,34,3
333,25.309804,83.013274,"__ Maa,Devi","Devi,Local Maa",Goddess,Free-standing,0,,9,3
334,25.310538,83.01297,"Siva,Sitla Maa,Devi","Devi,Shiva,Sitala Maa","Goddess,Shaiva",Built into a wall,0,,90,3
335,25.310482,83.012884,Siva,Shiva,Shaiva,Built into a wall,0,,88,3
336,25.310425,83.012712,"Siva,Siva-Parvati,Siva family","Shiva,Shiva family,Shiva-Parvati",Shaiva,Built into a wall,0,,90,3
337,25.310484,83.01277,"Siva,Siva-Parvati,Siva family","Shiva,Shiva family,Shiva-Parvati",Shaiva,"Free-standing,Built into a wall",0,,93,3
338,25.310642,83.013051,"Siva,Siva-Parvati,Siva family","Shiva,Shiva family,Shiva-Parvati",Shaiva,Built into a wall,0,,87,3
339,25.310565,83.012972,"Siva,Siva-Parvati,Siva family","Shiva,Shiva family,Shiva-Parvati",Shaiva,Free-standing,0,,91,3
340,25.310546,83.012956,"Siva,Siva-Parvati,Siva family","Shiva,Shiva family,Shiva-Parvati",Shaiva,Built into a wall,0,,92,3
341,25.310489,83.012963,"Siva,Siva-Parvati,Siva family","Shiva,Shiva family,Shiva-Parvati",Shaiva,Temple complex,0,,87,3
342,25.310613,83.012647,Ganesh,Ganesh,Ganesh,Built into a wall,0,,111,3
343,25.310546,83.012039,Hanuman,Hanuman,Hanuman,"Free-standing,Built into a wall",0,,143,3
344,25.310647,83.011974,Ganesh,Ganesh,Ganesh,Built into a wall,0,,156,3
345,25.310742,83.011782,"Krishna,Other","Krishna,Other","Other,Vaishnava",Built into a wall,0,,177,3
346,25.310652,83.011537,"Siva-Parvati,Siva","Shiva,Shiva-Parvati",Shaiva,Built into a wall,0,,189,3
347,25.310747,83.011248,"Siva,Siva-Parvati","Shiva,Shiva-Parvati",Shaiva,Built into a wall,0,,219,3
348,25.310675,83.011053,"Siva-Parvati,Siva,Siva family","Shiva,Shiva family,Shiva-Parvati",Shaiva,"Built into a wall,Free-standing",0,,231,3
349,25.310761,83.011039,"__ Maa,Devi","Devi,Local Maa",Goddess,Built into a wall,0,,238,3
350,25.299036,82.992725,Sitla Maa,Sitala Maa,Goddess,Free-standing,5,,95,0
351,25.29908,82.991532,Hanuman,Hanuman,Hanuman,Free-standing,1,,209,0
352,25.298486,82.989384,Devi,Devi,Goddess,Temple complex,1,,396,0
353,25.297822,82.988988,"Siva,Ganesh","Ganesh,Shiva","Ganesh,Shaiva",Free-standing,2,,415,0
354,25.295756,82.987428,__ Bir Baabaa,Bir Baba,Folk,Tree-temple,1,,338,0
355,25.29777,82.989021,Hanuman,Hanuman,Hanuman,Tree,0,,411,0
356,25.308714,83.010737,"Siva,Ganesh,Siva-Parvati","Ganesh,Shiva,Shiva-Parvati","Ganesh,Shaiva",Built-around,6,,106,3
357,25.309046,83.010624,Siva,Shiva,Shaiva,Built-around,1,,141,3
358,25.309055,83.010326,Siva,Shiva,Shaiva,Built-around,1,,161,3
359,25.309098,83.011395,Siva,Shiva,Shaiva,Built-around,8,,89,3
360,25.309753,83.01035,Ganesh,Ganesh,Ganesh,Free-standing,0,,213,3
361,25.309717,83.010044,Siva,Shiva,Shaiva,Free-standing,1,,233,3
362,25.309735,83.009862,Siva,Shiva,Shaiva,Temple complex,1,,248,3
363,25.310168,83.00996,Siva,Shiva,Shaiva,"Free-standing,Built-around",5,,273,3
364,25.310265,83.009929,Hanuman,Hanuman,Hanuman,Built into a wall,1,,284,3
365,25.310456,83.010002,"Siva,Rama family","Rama,Shiva","Shaiva,Vaishnava",Built-around,5,,295,3
366,25.31025,83.010323,Ganesh,Ganesh,Ganesh,Built into a wall,1,,256,3
367,25.310192,83.011008,Krishna,Krishna,Vaishnava,Temple complex,5,,202,3
368,25.311035,83.010955,Siva,Shiva,Shaiva,Tree-temple,1,,261,3
369,25.311493,83.011263,Siva,Shiva,Shaiva,Built-around,2,,273,3
370,25.312077,83.010684,Siva,Shiva,Shaiva,Built into a wall,3,,360,3
371,25.311411,83.010178,Siva,Shiva,Shaiva,Built-around,1,,349,3
372,25.311088,83.010149,Siva,Shiva,Shaiva,Free-standing,1,,332,3
373,25.311206,83.008717,"Siva family,Hanuman,Ganesh,Siva","Ganesh,Hanuman,Shiva,Shiva family","Ganesh,Hanuman,Shaiva",Temple complex,7,,443,3
374,25.310886,83.008588,Siva,Shiva,Shaiva,Built-around,2,,428,3
375,25.310415,83.008031,"Siva-Parvati,Hanuman","Hanuman,Shiva-Parvati","Hanuman,Shaiva",Built-around,5,,436,3
376,25.310262,83.007758,Hanuman,Hanuman,Hanuman,Built-around,1,,448,3
377,25.31012,83.00763,Siva,Shiva,Shaiva,Free-standing,1,,451,3
378,25.31009,83.007762,"Siva,Other","Other,Shiva","Other,Shaiva",Built-around,2,,438,3
379,25.310425,83.007222,"Siva,Hanuman","Hanuman,Shiva","Hanuman,Shaiva",Built into a wall,2,,467,3
380,25.309969,83.006985,"Hanuman,Other","Hanuman,Other","Hanuman,Other","Built-around,Tree-temple",5,,465,3
381,25.310083,83.007482,Siva,Shiva,Shaiva,Free-standing,1,,462,3
382,25.309844,83.007367,Siva,Shiva,Shaiva,Free-standing,0,,458,3
383,25.309455,83.006851,Hanuman,Hanuman,Hanuman,Built-around,1,,481,3
384,25.309975,83.005566,"Siva,Hanuman","Hanuman,Shiva","Hanuman,Shaiva",Tree-temple,2,,343,0
385,25.310662,83.005422,"Siva,Krishna,Ganesh,Devi,Hanuman","Devi,Ganesh,Hanuman,Krishna,Shiva","Ganesh,Goddess,Hanuman,Shaiva,Vaishnava",Tree-temple,6,,290,0
386,25.311627,83.004988,Other,Other,Other,Built into a wall,1,,216,0
387,25.312048,83.005821,Siva,Shiva,Shaiva,Built-around,2,,293,0
388,25.310587,83.006072,Hanuman,Hanuman,Hanuman,Built into a wall,1,,353,3
389,25.310679,83.007002,Krishna,Krishna,Vaishnava,Built into a wall,2,,437,3
390,25.310539,83.007171,"Siva,Ganesh,Devi","Devi,Ganesh,Shiva","Ganesh,Goddess,Shaiva",Free-standing,6,,458,3
391,25.311185,83.00844,Siva,Shiva,Shaiva,Built-around,1,,462,3
392,25.311375,83.008442,Siva,Shiva,Shaiva,Built-around,2,,460,3
393,25.30261,82.973396,Siva,Shiva,Shaiva,Tree-temple,1,,143,0
394,25.30128,82.979343,Other,Other,Other,Free-standing,1,,19,0
395,25.303238,82.97984,Siva,Shiva,Shaiva,"Free-standing,Temple complex",1,,238,0
396,25.303263,82.979916,Siva,Shiva,Shaiva,Built into a wall,1,,243,0
397,25.303299,82.97989,Hanuman,Hanuman,Hanuman,"Built into a wall,Tree-temple",1,,246,0
398,25.303558,82.987355,Ganesh,Ganesh,Ganesh,Free-standing,1,,601,0
399,25.305335,82.987952,"Siva family,__ Bir Baabaa,Hanuman","Bir Baba,Hanuman,Shiva family","Folk,Hanuman,Shaiva",Tree-temple,5,,792,0
400,25.304404,82.987537,Siva,Shiva,Shaiva,Tree-temple,2,,685,0
401,25.304518,82.989137,"Siva-Parvati,Siva,Hanuman,Devi","Devi,Hanuman,Shiva,Shiva-Parvati","Goddess,Hanuman,Shaiva",Free-standing,5,,763,0
402,25.302781,82.987618,"Siva,Siva-Parvati","Shiva,Shiva-Parvati",Shaiva,Built into a wall,3,,559,0
403,25.301589,82.98629,Hanuman,Hanuman,Hanuman,Free-standing,1,,372,0
404,25.302058,82.989115,Other,Other,Other,Built into a wall,1,,586,0
405,25.304954,82.992082,Other,Other,Other,Built into a wall,1,,644,0
406,25.300218,82.992174,__ Bir Baabaa,Bir Baba,Folk,"Temple complex,Free-standing",1,,219,0
407,25.300219,82.992174,Other,Other,Other,Tree-temple,1,,219,0
408,25.300236,82.992177,Siva,Shiva,Shaiva,Tree-temple,1,,220,0
409,25.298404,82.990781,__ Bir Baabaa,Bir Baba,Folk,Built into a wall,1,,265,0
410,25.299983,82.989525,Other,Other,Other,Free-standing,1,,432,0
411,25.300021,82.989477,Other,Other,Other,Tree,1,,438,0
412,25.299797,82.9883,"Other,Siva","Other,Shiva","Other,Shaiva",Built into a wall,2,,465,0
413,25.297709,82.98894,Siva,Shiva,Shaiva,Free-standing,1,,418,0
414,25.295854,82.987391,Other,Other,Other,"Free-standing,Tree-temple",1,,330,0
415,25.293314,82.988702,Other,Other,Other,Free-standing,1,,169,0
416,25.293374,82.989317,Other,Other,Other,"Temple complex,Built into a wall",1,,195,0
417,25.293405,82.989404,Other,Other,Other,Free-standing,3,,202,0
418,25.293425,82.989456,Siva,Shiva,Shaiva,Free-standing,1,,206,0
419,25.293655,82.990854,Other,Other,Other,Built into a wall,1,,316,0
420,25.293609,82.991105,Other,Other,Other,Free-standing,1,,333,0
421,25.294119,83.005969,Ganesh,Ganesh,Ganesh,Built into a wall,0,,126,0
422,25.311607,83.012427,"Siva,Siva-Parvati,Siva family","Shiva,Shiva family,Shiva-Parvati",Shaiva,Free-standing,0,,190,3
423,25.311294,83.01239,"Siva,Siva-Parvati,Siva family","Shiva,Shiva family,Shiva-Parvati",Shaiva,Built into a wall,4,,176,3
424,25.311128,83.012462,"Siva,Siva-Parvati,Siva family","Shiva,Shiva family,Shiva-Parvati",Shaiva,Built into a wall,0,,162,3
425,25.311207,83.012549,"Siva,Siva-Parvati,Siva family","Shiva,Shiva family,Shiva-Parvati",Shaiva,Built into a wall,0,,158,3
426,25.311127,83.012658,"Siva,Siva-Parvati,Siva family","Shiva,Shiva family,Shiva-Parvati",Shaiva,Built into a wall,2,,144,3
427,25.31114,83.012608,"Siva,Siva-Parvati,Siva family","Shiva,Shiva family,Shiva-Parvati",Shaiva,Built into a wall,1,,149,3
428,25.311153,83.012636,"Siva,Siva-Parvati,Siva family","Shiva,Shiva family,Shiva-Parvati",Shaiva,Built into a wall,0,,147,3
429,25.311129,83.012546,"Siva,Siva-Parvati,Siva family","Shiva,Shiva family,Shiva-Parvati",Shaiva,Built into a wall,0,,155,3
430,25.311126,83.012552,"Siva,Siva-Parvati,Siva family","Shiva,Shiva family,Shiva-Parvati",Shaiva,Free-standing,2,,154,3
431,25.311143,83.012744,"Siva,Siva-Parvati,Siva family","Shiva,Shiva family,Shiva-Parvati",Shaiva,Free-standing,0,,137,3
432,25.311044,83.012713,"Siva,Siva-Parvati,Siva family","Shiva,Shiva family,Shiva-Parvati",Shaiva,Built into a wall,0,,135,3
433,25.311082,83.012816,Hanuman,Hanuman,Hanuman,Built into a wall,1,,127,3
434,25.311147,83.012812,"Siva,Siva-Parvati,Siva family","Shiva,Shiva family,Shiva-Parvati",Shaiva,Free-standing,2,,131,3
435,25.31114,83.012915,"__ Maa,Devi","Devi,Local Maa",Goddess,Built into a wall,1,,121,3
436,25.311054,83.012943,__ Bir Baabaa,Bir Baba,Folk,Built into a wall,0,,114,3
437,25.311123,83.012885,"Siva,Siva-Parvati,Siva family","Shiva,Shiva family,Shiva-Parvati",Shaiva,Built into a wall,0,,123,3
438,25.31111,83.012759,"Siva,Siva-Parvati,Siva family","Shiva,Shiva family,Shiva-Parvati",Shaiva,Built into a wall,2,,134,3
439,25.311169,83.012955,"Siva,Siva-Parvati,Siva family","Shiva,Shiva family,Shiva-Parvati",Shaiva,Built into a wall,2,,119,3
440,25.311116,83.012911,"RAMA,Rama-Sita,Rama family,Hanuman","Hanuman,Rama","Hanuman,Vaishnava",Free-standing,6,,120,3
441,25.311105,83.01298,Hanuman,Hanuman,Hanuman,Built into a wall,1,,114,3
442,25.311149,83.013009,Ganesh,Ganesh,Ganesh,Built into a wall,1,,113,3
443,25.311096,83.012975,"Siva,Siva-Parvati,Siva family","Shiva,Shiva family,Shiva-Parvati",Shaiva,Built into a wall,1,,114,3
444,25.311075,83.012993,"Siva,Siva-Parvati,Siva family","Shiva,Shiva family,Shiva-Parvati",Shaiva,Built into a wall,2,,111,3
445,25.311147,83.013098,"Siva-Parvati,Siva,Siva family","Shiva,Shiva family,Shiva-Parvati",Shaiva,Built into a wall,2,,106,3
446,25.310891,83.013055,"Siva,Siva-Parvati","Shiva,Shiva-Parvati",Shaiva,Built into a wall,0,,97,3
447,25.311053,83.013237,"Siva-Parvati,Siva,Siva family","Shiva,Shiva family,Shiva-Parvati",Shaiva,Built into a wall,2,,88,3
448,25.311114,83.013228,Siva,Shiva,Shaiva,Built into a wall,1,,93,3
449,25.31112,83.013239,"Siva,Siva-Parvati,Siva family","Shiva,Shiva family,Shiva-Parvati",Shaiva,Built into a wall,4,,92,3
450,25.311219,83.013259,"Siva,Siva-Parvati,Siva family","Shiva,Shiva family,Shiva-Parvati",Shaiva,Built into a wall,1,,98,3
451,25.31133,83.013295,"Siva,Siva-Parvati,Siva family","Shiva,Shiva family,Shiva-Parvati",Shaiva,Free-standing,2,,104,3
452,25.311158,83.013865,"__ Maa,Devi","Devi,Local Maa",Goddess,Built into a wall,2,,60,3
453,25.311213,83.013573,"Siva,Siva-Parvati,Siva family","Shiva,Shiva family,Shiva-Parvati",Shaiva,Free-standing,5,,76,3
454,25.311182,83.013625,Siva-Parvati,Shiva-Parvati,Shaiva,"Built into a wall,Free-standing",2,,71,3
455,25.311194,83.013781,Krishna,Krishna,Vaishnava,Built into a wall,10,,66,3
456,25.311181,83.013718,Other,Other,Other,Built into a wall,0,,67,3
457,25.31121,83.013862,"Siva,Siva-Parvati","Shiva,Shiva-Parvati",Shaiva,Built into a wall,2,,65,3
458,25.311294,83.013968,"Siva,Siva-Parvati,Siva family","Shiva,Shiva family,Shiva-Parvati",Shaiva,Built into a wall,2,,68,3
459,25.311269,83.013977,"Siva,Siva-Parvati,Siva family","Shiva,Shiva family,Shiva-Parvati",Shaiva,Built into a wall,2,,66,3
460,25.31127,83.014011,Hanuman,Hanuman,Hanuman,Built into a wall,1,,63,3
461,25.310947,83.013891,"Siva,Siva-Parvati","Shiva,Shiva-Parvati",Shaiva,Built into a wall,0,,36,3
462,25.31123,83.01421,"Hanuman,Ganesh","Ganesh,Hanuman","Ganesh,Hanuman",Built into a wall,4,,44,3
463,25.311225,83.014465,"Siva,Siva-Parvati,Siva family","Shiva,Shiva family,Shiva-Parvati",Shaiva,Free-standing,0,,25,3
464,25.311369,83.012959,Hanuman,Hanuman,Hanuman,Built into a wall,1,,131,3
465,25.311317,83.012999,"Siva,Siva-Parvati","Shiva,Shiva-Parvati",Shaiva,Built into a wall,2,,125,3
466,25.311297,83.012953,Siva,Shiva,Shaiva,Built-around,1,,127,3
467,25.311436,83.013086,"Siva,Siva family","Shiva,Shiva family",Shaiva,Free-standing,2,,127,3
468,25.311332,83.013152,Siva,Shiva,Shaiva,Built into a wall,1,,114,3
469,25.311204,83.013385,"Siva,Siva-Parvati","Shiva,Shiva-Parvati",Shaiva,Built into a wall,2,Dhandhaneshwar mahadev,87,3
470,25.311818,83.01358,"Siva,Siva-Parvati,Siva family","Shiva,Shiva family,Shiva-Parvati",Shaiva,Built into a wall,2,,135,3
471,25.311655,83.013753,"Devi,__ Maa","Devi,Local Maa",Goddess,Built into a wall,1,,110,3
472,25.31168,83.013779,"Siva,Siva-Parvati,Siva family","Shiva,Shiva family,Shiva-Parvati",Shaiva,Free-standing,2,,110,3
473,25.311663,83.013772,Hanuman,Hanuman,Hanuman,Built into a wall,1,,109,3
474,25.311421,83.013953,"Siva-Parvati,Siva family,Siva,Ganesh","Ganesh,Shiva,Shiva family,Shiva-Parvati","Ganesh,Shaiva",Built into a wall,5,,78,3
475,25.311491,83.013856,"Siva,Siva-Parvati,Siva family","Shiva,Shiva family,Shiva-Parvati",Shaiva,Built into a wall,0,,90,3
476,25.311496,83.013944,"Siva,Siva-Parvati,Siva family","Shiva,Shiva family,Shiva-Parvati",Shaiva,Free-standing,5,,84,3
477,25.311832,83.014149,"Siva,Siva-Parvati","Shiva,Shiva-Parvati",Shaiva,"Free-standing,Built into a wall",2,,93,3
478,25.311868,83.013481,"Siva-Parvati,Siva family","Shiva family,Shiva-Parvati",Shaiva,,2,,146,3
479,25.311972,83.013536,"Siva,Siva-Parvati,Siva family","Shiva,Shiva family,Shiva-Parvati",Shaiva,Temple complex,3,,150,3
480,25.311933,83.013469,"Siva-Parvati,Siva family","Shiva family,Shiva-Parvati",Shaiva,Temple complex,4,,152,3
481,25.312145,83.01371,"Siva,Siva-Parvati,Siva family","Shiva,Shiva family,Shiva-Parvati",Shaiva,Built into a wall,2,,149,3
482,25.312173,83.013737,"Siva,Siva-Parvati,Siva family","Shiva,Shiva family,Shiva-Parvati",Shaiva,Free-standing,4,,149,3
483,25.31221,83.013879,"Siva,Siva-Parvati,Siva family","Shiva,Shiva family,Shiva-Parvati",Shaiva,Built into a wall,2,,141,3
484,25.31217,83.01443,Hanuman,Hanuman,Hanuman,Built into a wall,1,,101,3
485,25.312196,83.014522,"Siva,Siva-Parvati,Siva family","Shiva,Shiva family,Shiva-Parvati",Shaiva,Built into a wall,6,,97,3
486,25.312164,83.014444,"Siva,Siva-Parvati,Hanuman,RAMA,__ Maa","Hanuman,Local Maa,Rama,Shiva,Shiva-Parvati","Goddess,Hanuman,Shaiva,Vaishnava",Built into a wall,4,,99,3
487,25.312168,83.014431,"Siva,Siva-Parvati","Shiva,Shiva-Parvati",Shaiva,Temple complex,2,,100,3
488,25.311995,83.014407,"Siva,Siva-Parvati,Siva family","Shiva,Shiva family,Shiva-Parvati",Shaiva,Built into a wall,2,,88,3
489,25.311981,83.014305,"Siva,Siva-Parvati,Siva family","Shiva,Shiva family,Shiva-Parvati",Shaiva,Built into a wall,5,,93,3
490,25.312023,83.014528,"Siva,Siva-Parvati,Siva family","Shiva,Shiva family,Shiva-Parvati",Shaiva,Built into a wall,2,,82,3
491,25.312028,83.01452,"Siva,Siva-Parvati,Siva family","Shiva,Shiva family,Shiva-Parvati",Shaiva,Built into a wall,5,,83,3
492,25.311849,83.014459,"Siva,Siva-Parvati,Siva family","Shiva,Shiva family,Shiva-Parvati",Shaiva,Built into a wall,3,,72,3
493,25.311784,83.014632,"Siva,Siva-Parvati,Siva family,Hanuman","Hanuman,Shiva,Shiva family,Shiva-Parvati","Hanuman,Shaiva",Built into a wall,0,,55,3
494,25.311734,83.014536,"Siva,Siva-Parvati,Siva family","Shiva,Shiva family,Shiva-Parvati",Shaiva,Built into a wall,0,,57,3
495,25.311678,83.014464,"Siva,Siva-Parvati","Shiva,Shiva-Parvati",Shaiva,Built into a wall,0,,58,3
496,25.311724,83.014304,"Siva,Siva-Parvati","Shiva,Shiva-Parvati",Shaiva,Built into a wall,1,,74,3
497,25.311717,83.014528,Hanuman,Hanuman,Hanuman,Built into a wall,0,,56,3
498,25.311728,83.014484,"Siva,Siva-Parvati,Siva family","Shiva,Shiva family,Shiva-Parvati",Shaiva,Free-standing,0,,60,3
499,25.311724,83.014475,"Siva,Siva-Parvati,Siva family","Shiva,Shiva family,Shiva-Parvati",Shaiva,Built into a wall,4,,61,3
500,25.311724,83.01455,Ganesh,Ganesh,Ganesh,Built into a wall,1,,55,3
501,25.31183,83.014756,Ganesh,Ganesh,Ganesh,Built into a wall,1,,51,3
502,25.311671,83.014491,"Siva,Siva-Parvati","Shiva,Shiva-Parvati",Shaiva,Built into a wall,1,,56,3
503,25.31178,83.014597,"Siva,Siva-Parvati","Shiva,Shiva-Parvati",Shaiva,Built into a wall,1,,57,3
504,25.311622,83.014526,"Siva,Siva-Parvati","Shiva,Shiva-Parvati",Shaiva,Built into a wall,1,,49,3
505,25.311645,83.014536,"Siva,Siva-Parvati","Shiva,Shiva-Parvati",Shaiva,,1,,50,3
506,25.311606,83.01449,Siva,Shiva,Shaiva,Built into a wall,1,,51,3
507,25.311639,83.014588,"Siva,Siva-Parvati,Siva family","Shiva,Shiva family,Shiva-Parvati",Shaiva,Built into a wall,5,,46,3
508,25.311692,83.014257,"Siva,Siva-Parvati","Shiva,Shiva-Parvati",Shaiva,Built into a wall,1,,75,3
509,25.312005,83.013934,__ Maa,Local Maa,Goddess,Built into a wall,1,,122,3
510,25.311493,83.01467,"Siva,Siva-Parvati","Shiva,Shiva-Parvati",Shaiva,Built into a wall,1,,29,3
511,25.311706,83.01469,Ganesh,Ganesh,Ganesh,Built into a wall,1,Sidhivinayak Ganesh,45,3
512,25.311563,83.014547,"Siva,Siva-Parvati,Siva family","Shiva,Shiva family,Shiva-Parvati",Shaiva,Built into a wall,5,,43,3
513,25.311678,83.014698,"Siva,Siva-Parvati,Siva family","Shiva,Shiva family,Shiva-Parvati",Shaiva,Built into a wall,5,,42,3
514,25.311545,83.014642,"Siva,Siva-Parvati","Shiva,Shiva-Parvati",Shaiva,Built into a wall,2,,35,3
515,25.311676,83.014943,Ganesh,Ganesh,Ganesh,Built into a wall,1,,26,3
516,25.311584,83.014892,"Siva,Siva-Parvati,Siva family","Shiva,Shiva family,Shiva-Parvati",Shaiva,Built into a wall,4,,21,3
517,25.31181,83.014481,"Siva,Siva-Parvati,Siva family,Ganesh","Ganesh,Shiva,Shiva family,Shiva-Parvati","Ganesh,Shaiva",Built into a wall,3,,67,3
518,25.312196,83.01417,Siva-Parvati,Shiva-Parvati,Shaiva,Built into a wall,2,,120,3
519,25.312741,83.013405,"Siva,Siva-Parvati","Shiva,Shiva-Parvati",Shaiva,Built into a wall,1,,217,3
520,25.312604,83.013065,Sitla Maa,Sitala Maa,Goddess,Built into a wall,1,,232,3
521,25.31257,83.013005,"Siva,Siva-Parvati","Shiva,Shiva-Parvati",Shaiva,Built into a wall,2,,234,3
522,25.311821,83.012789,Hanuman,Hanuman,Hanuman,Built into a wall,1,,178,3
523,25.311313,83.012929,Hanuman,Hanuman,Hanuman,Built into a wall,1,,130,3
524,25.311454,83.013091,Siva,Shiva,Shaiva,Built into a wall,1,,128,3
525,25.311362,83.012829,__ Bir Baabaa,Bir Baba,Folk,Built into a wall,1,,141,3
526,25.311555,83.013024,"Siva,Siva-Parvati","Shiva,Shiva-Parvati",Shaiva,Free-standing,2,,141,3
527,25.311495,83.012649,Krishna,Krishna,Vaishnava,Temple complex,2,,165,3
528,25.311968,83.01237,"Siva,Siva-Parvati,RAMA","Rama,Shiva,Shiva-Parvati","Shaiva,Vaishnava",Free-standing,0,,220,3
529,25.311958,83.012219,"Siva,Siva family","Shiva,Shiva family",Shaiva,Built into a wall,0,,230,3
530,25.311947,83.012118,"Devi,__ Maa","Devi,Local Maa",Goddess,Built into a wall,0,,238,3
531,25.312114,83.012063,"Siva,Siva-Parvati","Shiva,Shiva-Parvati",Shaiva,Built into a wall,0,,254,3
532,25.312097,83.011938,"Siva,Siva-Parvati","Shiva,Shiva-Parvati",Shaiva,Built into a wall,0,,262,3
533,25.312089,83.011886,"Siva,Siva-Parvati,Siva family","Shiva,Shiva family,Shiva-Parvati",Shaiva,Built into a wall,0,,266,3
534,25.301266,83.001757,__ Bir Baabaa,Bir Baba,Folk,"Free-standing,Tree-temple",5,,541,0
535,25.304972,82.994057,"Siva,Hanuman","Hanuman,Shiva","Hanuman,Shaiva",Free-standing,5,See photo,530,0
536,25.303417,82.993036,"Siva,Hanuman","Hanuman,Shiva","Hanuman,Shaiva","Free-standing,Tree,Tree-temple,Temple complex",15,,451,0
537,25.302604,82.990886,Hanuman,Hanuman,Hanuman,"Free-standing,Tree,Temple complex",1,Ratnavamca?,489,0
538,25.302511,82.990872,Siva,Shiva,Shaiva,Free-standing,1,,483,0
539,25.302729,82.990928,Siva,Shiva,Shaiva,"Free-standing,Tree-temple,Temple complex",5,,495,0
540,25.314406,83.003424,Ganesh,Ganesh,Ganesh,Tree-temple,3,,192,0
541,25.315697,83.004387,Siva,Shiva,Shaiva,Tree-temple,4,,90,0
542,25.315742,83.005606,Siva,Shiva,Shaiva,Tree,1,,27,0
543,25.315719,83.005684,Devi,Devi,Goddess,Tree-temple,1,,24,0
544,25.315701,83.005731,"Siva,Hanuman","Hanuman,Shiva","Hanuman,Shaiva",Tree-temple,2,,21,0
545,25.315709,83.005938,Siva,Shiva,Shaiva,Tree-temple,0,,28,0
546,25.312619,83.007736,Siva,Shiva,Shaiva,Built into a wall,1,,306,0
547,25.310872,83.006639,"Siva,Siva family","Shiva,Shiva family",Shaiva,Built-around,5,,396,3
548,25.310856,83.007198,Ganesh,Ganesh,Ganesh,Free-standing,1,,451,3
549,25.310668,83.007379,"Siva,Hanuman,Ganesh","Ganesh,Hanuman,Shiva","Ganesh,Hanuman,Shaiva",Built-around,6,,474,3
550,25.311678,83.008959,Siva,Shiva,Shaiva,Built-around,1,,463,3
551,25.311048,83.008802,Siva,Shiva,Shaiva,,1,,425,3
552,25.311398,83.009179,Siva,Shiva,Shaiva,Free-standing,1,,428,3
553,25.311812,83.009618,Hanuman,Hanuman,Hanuman,,1,,421,3
554,25.312232,83.010745,"Siva,Siva family,Hanuman","Hanuman,Shiva,Shiva family","Hanuman,Shaiva",Built into a wall,6,,369,3
555,25.3123,83.010632,Ganesh,Ganesh,Ganesh,Built into a wall,3,,382,3
556,25.312606,83.011401,Siva family,Shiva family,Shaiva,Built into a wall,1,,340,3
557,25.31365,83.011202,Siva,Shiva,Shaiva,Free-standing,1,,436,3
558,25.313928,83.010909,Siva,Shiva,Shaiva,Built-around,1,,479,3
559,25.314163,83.00865,"Krishna,Siva","Krishna,Shiva","Shaiva,Vaishnava",Built into a wall,4,,273,0
560,25.314133,83.010028,"Siva,Ganesh","Ganesh,Shiva","Ganesh,Shaiva",Free-standing,6,,407,3
561,25.315054,83.010734,"Siva,Siva-Parvati","Shiva,Shiva-Parvati",Shaiva,Free-standing,1,,463,3
562,25.314967,83.010791,Siva,Shiva,Shaiva,Built into a wall,1,,469,3
563,25.314944,83.011101,Siva family,Shiva family,Shaiva,Built into a wall,5,,500,3
564,25.315147,83.01038,Ganesh,Ganesh,Ganesh,Built into a wall,0,,427,3
565,25.315154,83.010064,__ Bir Baabaa,Bir Baba,Folk,Built-around,1,,395,3
566,25.316336,83.009784,Siva,Shiva,Shaiva,Free-standing,2,,388,3
567,25.317557,83.009247,Rama family,Rama,Vaishnava,Built into a wall,4,,405,0
568,25.317987,83.008492,Siva,Shiva,Shaiva,Free-standing,0,,383,2
569,25.319515,82.97892,"Siva,Hanuman","Hanuman,Shiva","Hanuman,Shaiva","Free-standing,Temple complex",3,,511,0
570,25.319174,82.979085,"Siva,Other","Other,Shiva","Other,Shaiva","Free-standing,Tree-temple",2,,498,0
571,25.318207,82.980241,"Hanuman,Siva","Hanuman,Shiva","Hanuman,Shaiva",Tree-temple,2,,524,0
572,25.317007,82.980966,Siva,Shiva,Shaiva,Free-standing,1,,469,0
573,25.316304,82.980416,"Siva,Other","Other,Shiva","Other,Shaiva",Free-standing,2,,377,0
574,25.316961,82.976899,Hanuman,Hanuman,Hanuman,Tree-temple,13,,179,0
575,25.317592,82.97724,"Siva,Siva family,Hanuman,Ganesh,Other","Ganesh,Hanuman,Other,Shiva,Shiva family","Ganesh,Hanuman,Other,Shaiva",Temple complex,5,,244,0
576,25.320661,82.98027,Other,Other,Other,"Tree,Free-standing",1,,697,0
577,25.320491,82.982959,"Siva,__ Bir Baabaa,Hanuman,Other","Bir Baba,Hanuman,Other,Shiva","Folk,Hanuman,Other,Shaiva","Free-standing,Temple complex,Tree,Tree-temple",4,,889,0
578,25.321355,82.984806,Siva,Shiva,Shaiva,Tree-temple,1,,853,0
579,25.321466,82.983833,"Hanuman,Siva","Hanuman,Shiva","Hanuman,Shaiva","Free-standing,Tree-temple,Temple complex",2,,930,0
580,25.314527,83.012473,"Siva,Siva-Parvati","Shiva,Shiva-Parvati",Shaiva,Built into a wall,0,,420,3
581,25.314765,83.013017,"Siva,Siva family","Shiva,Shiva family",Shaiva,Built into a wall,0,,389,3
582,25.314791,83.013206,Ganesh,Ganesh,Ganesh,Built into a wall,0,,373,3
583,25.314613,83.013607,Hanuman,Hanuman,Hanuman,Built into a wall,0,,328,3
584,25.313879,83.012805,__ Bir Baabaa,Bir Baba,Folk,Built into a wall,0,,351,3
585,25.314125,83.012823,"Siva,Siva-Parvati,Ganesh","Ganesh,Shiva,Shiva-Parvati","Ganesh,Shaiva",Free-standing,0,,366,3
586,25.313672,83.013474,Siva,Shiva,Shaiva,Built into a wall,0,,285,3
587,25.313599,83.013591,Ganesh,Ganesh,Ganesh,Built into a wall,0,,270,3
588,25.313051,83.013453,"Siva,Siva-Parvati,Siva family","Shiva,Shiva family,Shiva-Parvati",Shaiva,Built into a wall,0,,239,3
589,25.313221,83.013392,"Siva,Siva-Parvati,Siva family","Shiva,Shiva family,Shiva-Parvati",Shaiva,Built into a wall,0,,257,3
590,25.313054,83.013252,"Siva-Parvati,Siva,Siva family","Shiva,Shiva family,Shiva-Parvati",Shaiva,Built into a wall,0,,252,3
591,25.313232,83.012764,"Siva,Siva-Parvati","Shiva,Shiva-Parvati",Shaiva,Built into a wall,0,,301,3
592,25.313267,83.012828,"Siva,Siva-Parvati,Siva family","Shiva,Shiva family,Shiva-Parvati",Shaiva,"Built into a wall,Temple complex",2,,299,3
593,25.313229,83.012777,"Siva,Siva-Parvati","Shiva,Shiva-Parvati",Shaiva,Temple complex,1,,300,3
594,25.313146,83.01269,"Siva,Siva-Parvati","Shiva,Shiva-Parvati",Shaiva,Built into a wall,1,,300,3
595,25.313285,83.012752,"Siva,Siva-Parvati","Shiva,Shiva-Parvati",Shaiva,Free-standing,0,,306,3
596,25.313544,83.012686,"Siva,Siva-Parvati,Siva family","Shiva,Shiva family,Shiva-Parvati",Shaiva,"Free-standing,Built into a wall",0,,331,3
597,25.312879,83.012534,"__ Maa,Devi","Devi,Local Maa",Goddess,Built into a wall,1,,289,3
598,25.312418,83.011543,"__ Maa,Devi","Devi,Local Maa",Goddess,Built into a wall,1,,315,3
599,25.312469,83.01185,"Siva,Siva-Parvati,Siva family","Shiva,Shiva family,Shiva-Parvati",Shaiva,Built into a wall,1,,296,3
600,25.312507,83.012069,"Siva,Siva-Parvati,Siva family","Shiva,Shiva family,Shiva-Parvati",Shaiva,Built into a wall,1,,283,3
601,25.31246,83.011947,"Siva,Siva-Parvati","Shiva,Shiva-Parvati",Shaiva,Built into a wall,1,,288,3
602,25.312237,83.012263,Ganesh,Ganesh,Ganesh,Built into a wall,3,,248,3
603,25.312364,83.011547,"Siva,Siva family,Siva-Parvati","Shiva,Shiva family,Shiva-Parvati",Shaiva,Built into a wall,3,,311,3
604,25.312185,83.011648,"Siva,Siva-Parvati","Shiva,Shiva-Parvati",Shaiva,Free-standing,2,,291,3
605,25.312088,83.011602,"__ Maa,Devi","Devi,Local Maa",Goddess,Temple complex,0,,289,3
606,25.312164,83.011782,"__ Maa,Devi","Devi,Local Maa",Goddess,Temple complex,1,Ranichandrawati devi,279,3
607,25.312056,83.011636,Hanuman,Hanuman,Hanuman,Built into a wall,0,,284,3
608,25.312011,83.011681,"Krishna,RAMA,Rama-Sita","Krishna,Rama",Vaishnava,Free-standing,0,,277,3
609,25.311971,83.012038,"Siva,Siva-Parvati,Siva family","Shiva,Shiva family,Shiva-Parvati",Shaiva,Built into a wall,2,,246,3
610,25.312444,83.011948,"Siva-Parvati,Siva","Shiva,Shiva-Parvati",Shaiva,Built into a wall,0,,287,3
611,25.312508,83.011707,"Siva,Siva-Parvati,Siva family","Shiva,Shiva family,Shiva-Parvati",Shaiva,Free-standing,0,,309,3
612,25.312242,83.011824,Siva-Parvati,Shiva-Parvati,Shaiva,Built into a wall,0,,281,3
613,25.311732,83.0122,"Siva,Siva-Parvati","Shiva,Shiva-Parvati",Shaiva,"Tree-temple,Free-standing",0,,217,3
614,25.311767,83.012287,Shaayari maa,Local Maa,Goddess,Built into a wall,0,,212,3
615,25.31214,83.01343,"Siva,Siva-Parvati","Shiva,Shiva-Parvati",Shaiva,Built into a wall,0,,170,3
616,25.312582,83.014102,"__ Maa,Devi","Devi,Local Maa",Goddess,Built into a wall,0,,157,3
617,25.312569,83.01414,"Siva,Siva-Parvati,Siva family","Shiva,Shiva family,Shiva-Parvati",Shaiva,Free-standing,2,,153,3
618,25.313099,83.015123,"Siva-Parvati,Siva","Shiva,Shiva-Parvati",Shaiva,Built into a wall,2,,111,3
619,25.313099,83.015123,"Siva-Parvati,Siva,Siva family","Shiva,Shiva family,Shiva-Parvati",Shaiva,Free-standing,0,,111,3
620,25.313099,83.015123,"Siva,Siva-Parvati,Siva family","Shiva,Shiva family,Shiva-Parvati",Shaiva,Built into a wall,2,,111,3
621,25.313587,83.015652,Siva,Shiva,Shaiva,Temple complex,1,,93,3
622,25.313587,83.015652,Hanuman,Hanuman,Hanuman,Built into a wall,0,,93,3
623,25.313587,83.015652,Siva-Parvati,Shiva-Parvati,Shaiva,Temple complex,2,,93,3
624,25.313587,83.015652,"Siva,Siva-Parvati","Shiva,Shiva-Parvati",Shaiva,Temple complex,0,,93,3
625,25.313587,83.015652,"Siva,Siva-Parvati","Shiva,Shiva-Parvati",Shaiva,Temple complex,0,,93,3
626,25.313587,83.015652,Siva,Shiva,Shaiva,Temple complex,1,,93,3
627,25.313587,83.015652,Siva,Shiva,Shaiva,Built into a wall,0,,93,3
628,25.313684,83.015616,"__ Maa,Devi","Devi,Local Maa",Goddess,Free-standing,0,,101,3
629,25.313684,83.015616,"Siva,Siva-Parvati","Shiva,Shiva-Parvati",Shaiva,Temple complex,0,,101,3
630,25.312623,83.015134,"__ Maa,Devi","Devi,Local Maa",Goddess,,0,,84,3
631,25.312833,83.014767,"Siva-Parvati,Siva,Siva family","Shiva,Shiva family,Shiva-Parvati",Shaiva,Free-standing,2,,127,3
632,25.312833,83.014767,"Siva,Siva-Parvati,Siva family","Shiva,Shiva family,Shiva-Parvati",Shaiva,Built into a wall,0,,127,3
633,25.312833,83.014767,"__ Maa,Devi","Devi,Local Maa",Goddess,Built into a wall,0,,127,3
634,25.312593,83.013778,Siva,Shiva,Shaiva,Built into a wall,0,,179,3
635,25.302372,83.010036,"Siva,Siva-Parvati,Siva family","Shiva,Shiva family,Shiva-Parvati",Shaiva,Free-standing,2,Rameshwar mahadev kashikhandokt,0,0
636,25.312244,83.014908,Ganesh,Ganesh,Ganesh,Temple complex,1,,81,3
637,25.312538,83.015093,"__ Maa,Devi","Devi,Local Maa",Goddess,Temple complex,0,,83,3
638,25.312505,83.015082,Siva,Shiva,Shaiva,Temple complex,0,,83,3
639,25.311339,83.014524,"Siva,Siva-Parvati","Shiva,Shiva-Parvati",Shaiva,Built into a wall,3,,29,3
640,25.312332,83.015176,"Siva,Siva-Parvati","Shiva,Shiva-Parvati",Shaiva,Free-standing,4,,67,3
641,25.312367,83.015218,"Siva,Siva-Parvati","Shiva,Shiva-Parvati",Shaiva,Free-standing,3,,64,3
642,25.312175,83.015159,"Siva,Siva-Parvati,Siva family","Shiva,Shiva family,Shiva-Parvati",Shaiva,Free-standing,0,,58,3
643,25.312121,83.01537,Hanuman,Hanuman,Hanuman,Free-standing,0,,39,3
644,25.312401,83.01534,"Siva,Siva-Parvati,Siva family","Shiva,Shiva family,Shiva-Parvati",Shaiva,Free-standing,0,,54,3
645,25.312594,83.015658,"Siva,Siva-Parvati,Siva family","Shiva,Shiva family,Shiva-Parvati",Shaiva,Built into a wall,4,,34,3
646,25.312518,83.015751,"Siva,Siva-Parvati,Siva family","Shiva,Shiva family,Shiva-Parvati",Shaiva,Temple complex,0,,22,3
647,25.312488,83.015749,"Siva,Siva-Parvati,Siva family","Shiva,Shiva family,Shiva-Parvati",Shaiva,Free-standing,4,,21,3
648,25.312461,83.015697,"Siva,Siva-Parvati","Shiva,Shiva-Parvati",Shaiva,Built into a wall,0,,24,3
649,25.312604,83.015665,Hanuman,Hanuman,Hanuman,Built into a wall,0,,34,3
650,25.3125,83.015561,"Siva,Siva-Parvati,Siva family","Shiva,Shiva family,Shiva-Parvati",Shaiva,Free-standing,2,,39,3
651,25.312559,83.015432,Ganesh,Ganesh,Ganesh,Built into a wall,0,,53,3
652,25.312504,83.015434,"Siva,Siva-Parvati,Siva family","Shiva,Shiva family,Shiva-Parvati",Shaiva,Built into a wall,4,,51,3
653,25.312391,83.015563,"Devi,__ Maa","Devi,Local Maa",Goddess,Built into a wall,0,,34,3
654,25.312435,83.015452,"Siva,Siva-Parvati","Shiva,Shiva-Parvati",Shaiva,Built into a wall,2,,46,3
655,25.312543,83.015382,"Siva,Siva-Parvati,Siva family,Ganesh","Ganesh,Shiva,Shiva family,Shiva-Parvati","Ganesh,Shaiva",Built into a wall,7,,57,3
656,25.312324,83.015456,Ganesh,Ganesh,Ganesh,Built into a wall,0,,40,3
657,25.312368,83.015535,"Siva,Siva-Parvati,Siva family","Shiva,Shiva family,Shiva-Parvati",Shaiva,Free-standing,4,,35,3
658,25.312571,83.015356,Ganesh,Ganesh,Ganesh,Built into a wall,2,,61,3
659,25.312381,83.015102,"Siva,Siva-Parvati,Siva family","Shiva,Shiva family,Shiva-Parvati",Shaiva,Built into a wall,3,,75,3
660,25.312618,83.015344,"__ Maa,Devi","Devi,Local Maa",Goddess,Free-standing,0,,64,3
661,25.31244,83.015366,"Siva,Siva-Parvati,Siva family","Shiva,Shiva family,Shiva-Parvati",Shaiva,Built into a wall,2,Harishchandeshwar mahadev,54,3
662,25.312661,83.015407,"__ Maa,Devi","Devi,Local Maa",Goddess,Built into a wall,3,,60,3
663,25.312844,83.015459,"__ Maa,Devi","Devi,Local Maa",Goddess,Free-standing,0,,67,3
664,25.312819,83.01546,"__ Maa,Devi","Devi,Local Maa",Goddess,Built into a wall,0,,65,3
665,25.312785,83.015309,"Ganesh,Hanuman","Ganesh,Hanuman","Ganesh,Hanuman",Tree-temple,4,,75,3
666,25.312945,83.014242,"Siva,Siva-Parvati","Shiva,Shiva-Parvati",Shaiva,Built into a wall,2,,180,3
667,25.312763,83.013863,"Siva,Siva-Parvati,Siva family","Shiva,Shiva family,Shiva-Parvati",Shaiva,Built into a wall,10,,188,3
668,25.312752,83.014001,"Siva,Siva-Parvati","Shiva,Shiva-Parvati",Shaiva,Built into a wall,0,,178,3
669,25.312707,83.013991,Siva-Parvati,Shiva-Parvati,Shaiva,Built into a wall,0,,175,3
670,25.31271,83.013788,Sitla Maa,Sitala Maa,Goddess,Built into a wall,4,,188,3
671,25.311195,83.008924,Devi,Devi,Goddess,Built into a wall,2,,428,3
672,25.315423,83.011357,Hanuman,Hanuman,Hanuman,,0,,523,3
673,25.316146,83.011715,Hanuman,Hanuman,Hanuman,Temple complex,0,,436,3
674,25.316628,83.012202,Siva,Shiva,Shaiva,Built into a wall,2,,365,3
675,25.31664,83.012,"Siva,Ganesh","Ganesh,Shiva","Ganesh,Shaiva",Built into a wall,5,,374,3
676,25.305033,82.992801,"Siva,Rama family,Hanuman,Ganesh","Ganesh,Hanuman,Rama,Shiva","Ganesh,Hanuman,Shaiva,Vaishnava",Tree-temple,8,,597,0
677,25.304628,82.992495,"Rama-Sita,Ganesh","Ganesh,Rama","Ganesh,Vaishnava","Free-standing,Tree",3,,596,0
678,25.306552,82.988352,"Siva,Ganesh","Ganesh,Shiva","Ganesh,Shaiva",Free-standing,2,,740,0
679,25.31562,83.015102,Ganesh,Ganesh,Ganesh,Built into a wall,0,,253,3
680,25.31562,83.015102,Siva-Parvati,Shiva-Parvati,Shaiva,Built into a wall,0,,253,3
681,25.315424,83.014298,Ganesh,Ganesh,Ganesh,Built into a wall,0,,309,3
682,25.313494,83.014004,Ganesh,Ganesh,Ganesh,Built into a wall,0,,228,3
683,25.313223,83.013599,"Siva,Siva-Parvati","Shiva,Shiva-Parvati",Shaiva,Free-standing,2,Someshwar mahadev,244,3
684,25.313118,83.013951,"Siva-Parvati,Siva","Shiva,Shiva-Parvati",Shaiva,Built into a wall,1,,214,3
685,25.313158,83.01383,Ganesh,Ganesh,Ganesh,Built into a wall,0,,225,3
686,25.314035,83.014305,"Siva,Siva-Parvati","Shiva,Shiva-Parvati",Shaiva,Built into a wall,0,,237,3
687,25.313051,83.014287,"Siva,Siva-Parvati","Shiva,Shiva-Parvati",Shaiva,Built into a wall,3,,181,3
688,25.314788,83.014416,"Siva-Parvati,Siva family,Siva","Shiva,Shiva family,Shiva-Parvati",Shaiva,,2,,264,3
689,25.3132,83.01476,Ganesh,Ganesh,Ganesh,Built into a wall,1,,147,3
690,25.313609,83.014898,Ganesh,Ganesh,Ganesh,Built into a wall,1,,162,3
691,25.313562,83.01485,Hanuman,Hanuman,Hanuman,Built into a wall,0,,163,3
692,25.31369,83.015196,Siva,Shiva,Shaiva,Free-standing,1,,140,3
693,25.313725,83.015351,"Siva,Ganesh","Ganesh,Shiva","Ganesh,Shaiva",Built into a wall,2,,127,3
694,25.314202,83.015278,"__ Maa,Devi","Devi,Local Maa",Goddess,Built into a wall,0,,158,3
695,25.313684,83.015531,Ganesh,Ganesh,Ganesh,Built into a wall,1,,109,3
696,25.313637,83.015583,"Siva,Siva-Parvati","Shiva,Shiva-Parvati",Shaiva,Free-standing,1,Dukhhareshwar mandir,102,3
697,25.313568,83.015571,"Siva,Siva-Parvati","Shiva,Shiva-Parvati",Shaiva,Free-standing,2,Upshanteshwar mandir,100,3
698,25.313627,83.015604,Ganesh,Ganesh,Ganesh,Built into a wall,1,,100,3
699,25.313522,83.015574,"Siva,Siva-Parvati,Siva family","Shiva,Shiva family,Shiva-Parvati",Shaiva,Free-standing,0,,97,3
700,25.313481,83.015719,Siva,Shiva,Shaiva,Built into a wall,4,Nageshwar mahadev,82,3
701,25.313576,83.015694,"Siva,Siva-Parvati,Siva family","Shiva,Shiva family,Shiva-Parvati",Shaiva,Built into a wall,5,,89,3
702,25.314594,83.01472,"__ Maa,Devi","Devi,Local Maa",Goddess,Free-standing,2,,227,3
703,25.313407,83.015863,"Siva,Siva-Parvati,Siva family","Shiva,Shiva family,Shiva-Parvati",Shaiva,Built into a wall,2,,65,3
704,25.313155,83.015846,"Siva,Siva-Parvati,Siva family","Shiva,Shiva family,Shiva-Parvati",Shaiva,Temple complex,0,,54,3
705,25.313024,83.015556,"Siva,Siva-Parvati","Shiva,Shiva-Parvati",Shaiva,Temple complex,2,,71,3
706,25.313098,83.015712,"Siva,Siva-Parvati,Siva family","Shiva,Shiva family,Shiva-Parvati",Shaiva,Temple complex,0,,63,3
707,25.313147,83.015809,"Siva,Siva-Parvati,Siva family","Shiva,Shiva family,Shiva-Parvati",Shaiva,Temple complex,7,,57,3
708,25.313183,83.015973,"__ Maa,Devi","Devi,Local Maa",Goddess,Temple complex,1,,44,3
709,25.312828,83.015661,"__ Maa,Devi","Devi,Local Maa",Goddess,Free-standing,2,,49,3
710,25.312817,83.015667,Krishna,Krishna,Vaishnava,Free-standing,2,,48,3
711,25.313873,83.01506,"__ Maa,Devi","Devi,Local Maa",Goddess,Temple complex,1,,161,3
712,25.31408,83.014958,"Siva,Siva-Parvati","Shiva,Shiva-Parvati",Shaiva,Built into a wall,2,,180,3
713,25.31408,83.014958,"Siva,Siva-Parvati,Krishna","Krishna,Shiva,Shiva-Parvati","Shaiva,Vaishnava",Built into a wall,3,,180,3
714,25.313203,83.015665,"Ganesh,Hanuman,__ Maa,Devi","Devi,Ganesh,Hanuman,Local Maa","Ganesh,Goddess,Hanuman",Built into a wall,4,,73,3
715,25.312497,83.016039,Hanuman,Hanuman,Hanuman,Built into a wall,1,,0,3
716,25.312511,83.016024,"Siva,Siva-Parvati","Shiva,Shiva-Parvati",Shaiva,Built into a wall,1,,0,3
717,25.312581,83.015889,"Siva,Siva-Parvati","Shiva,Shiva-Parvati",Shaiva,Built into a wall,1,,15,3
718,25.312508,83.015907,"Siva,Siva-Parvati,Siva family","Shiva,Shiva family,Shiva-Parvati",Shaiva,Built into a wall,7,,8,3
719,25.312409,83.015919,"Siva,Siva-Parvati,Siva family","Shiva,Shiva family,Shiva-Parvati",Shaiva,Built into a wall,3,,2,3
720,25.312412,83.01587,Hanuman,Hanuman,Hanuman,Built into a wall,1,,6,3
721,25.312408,83.01592,"Siva,Siva-Parvati","Shiva,Shiva-Parvati",Shaiva,Free-standing,1,,2,3
722,25.312474,83.015734,"Siva-Parvati,Siva,Siva family","Shiva,Shiva family,Shiva-Parvati",Shaiva,Built into a wall,3,,22,3
723,25.313588,83.016282,"Siva,Siva-Parvati,Siva family","Shiva,Shiva family,Shiva-Parvati",Shaiva,Built into a wall,9,,37,3
724,25.313494,83.016033,Ganesh,Ganesh,Ganesh,Free-standing,3,,54,3
725,25.313552,83.016113,Ganesh,Ganesh,Ganesh,Built into a wall,1,,50,3
726,25.313497,83.015961,Siva,Shiva,Shaiva,Built into a wall,1,,61,3
727,25.31423,83.01634,"Siva,Siva-Parvati","Shiva,Shiva-Parvati",Shaiva,Free-standing,0,,64,3
728,25.314273,83.016375,Ganesh,Ganesh,Ganesh,Built into a wall,1,,65,3
729,25.314252,83.016111,"Siva,Siva-Parvati,Siva family","Shiva,Shiva family,Shiva-Parvati",Shaiva,Free-standing,1,,85,3
730,25.313967,83.015935,"Siva,Siva-Parvati","Shiva,Shiva-Parvati",Shaiva,Free-standing,2,,87,3
731,25.314678,83.015665,"Siva,Ganesh","Ganesh,Shiva","Ganesh,Shaiva",Built into a wall,3,,149,3
732,25.314683,83.016678,"Siva,Siva-Parvati","Shiva,Shiva-Parvati",Shaiva,Built into a wall,1,,65,3
733,25.31466,83.016347,"Siva,Siva-Parvati,Siva family","Shiva,Shiva family,Shiva-Parvati",Shaiva,Built into a wall,0,,93,3
734,25.314727,83.016291,"__ Maa,Devi","Devi,Local Maa",Goddess,Free-standing,1,,102,3
735,25.314934,83.016953,"RAMA,Rama-Sita",Rama,Vaishnava,Free-standing,3,,55,3
736,25.314774,83.016927,"Siva,Siva-Parvati","Shiva,Shiva-Parvati",Shaiva,Built into a wall,1,,47,3
737,25.315079,83.016995,"Siva,Siva-Parvati","Shiva,Shiva-Parvati",Shaiva,Built into a wall,1,,65,3
738,25.314252,83.016702,Ganesh,Ganesh,Ganesh,Built into a wall,1,,41,3
739,25.314957,83.017154,"Siva,Siva-Parvati,__ Maa,Devi","Devi,Local Maa,Shiva,Shiva-Parvati","Goddess,Shaiva",Built into a wall,4,,45,3
740,25.315025,83.01719,"Siva,Siva-Parvati","Shiva,Shiva-Parvati",Shaiva,Free-standing,1,,49,3
741,25.314652,83.017019,"Siva,__ Maa,Devi","Devi,Local Maa,Shiva","Goddess,Shaiva",Free-standing,0,,32,3
742,25.314909,83.017232,"Siva,Siva-Parvati","Shiva,Shiva-Parvati",Shaiva,Temple complex,0,,36,3
743,25.314804,83.017212,"Siva,Siva-Parvati","Shiva,Shiva-Parvati",Shaiva,Temple complex,1,,27,3
744,25.314983,83.017233,"Siva,Siva-Parvati,Siva family","Shiva,Shiva family,Shiva-Parvati",Shaiva,Built into a wall,0,,43,3
745,25.315143,83.017316,"__ Maa,Devi","Devi,Local Maa",Goddess,Temple complex,0,,54,3
746,25.315032,83.017125,"Siva,Siva-Parvati","Shiva,Shiva-Parvati",Shaiva,Built into a wall,1,,53,3
747,25.316234,83.017174,"Siva,Siva-Parvati","Shiva,Shiva-Parvati",Shaiva,Free-standing,2,,165,3
748,25.316027,83.016465,"Siva,Siva family","Shiva,Shiva family",Shaiva,Built into a wall,0,,182,3
749,25.315991,83.016203,"Siva,Siva family","Shiva,Shiva family",Shaiva,Built into a wall,1,,193,3
750,25.318135,82.984416,"Siva,Hanuman","Hanuman,Shiva","Hanuman,Shaiva","Free-standing,Temple complex,Tree",3,,670,0
751,25.32084,82.986522,Siva-Parvati,Shiva-Parvati,Shaiva,Tree-temple,2,,700,0
752,25.32086,82.986491,Hanuman,Hanuman,Hanuman,"Free-standing,Temple complex",2,,704,0
753,25.31953,82.983904,Other,Other,Other,Tree,0,,790,0
754,25.319516,82.983863,Siva,Shiva,Shaiva,Tree,1,,793,0
755,25.318278,82.98265,"Siva,Hanuman,Other","Hanuman,Other,Shiva","Hanuman,Other,Shaiva","Free-standing,Temple complex,Tree",3,,665,0
756,25.318306,82.982758,Other,Other,Other,Tree,1,,669,0
757,25.318629,82.983363,Siva,Shiva,Shaiva,Free-standing,1,,713,0
758,25.318619,82.983381,Siva,Shiva,Shaiva,"Free-standing,Temple complex",2,,712,0
759,25.315643,82.980568,"Siva,Hanuman","Hanuman,Shiva","Hanuman,Shaiva",Tree-temple,2,,349,0
760,25.31677,82.984505,Siva,Shiva,Shaiva,"Free-standing,Tree,Temple complex",1,,553,0
761,25.317006,82.984568,"Siva-Parvati,Hanuman","Hanuman,Shiva-Parvati","Hanuman,Shaiva","Free-standing,Built into a wall,Temple complex",3,,579,0
762,25.31684,82.984568,Other,Other,Other,Tree,0,,563,0
763,25.308199,82.990356,"Siva-Parvati,Ganesh","Ganesh,Shiva-Parvati","Ganesh,Shaiva",Free-standing,4,,639,0
764,25.306739,82.990545,"Siva,__ Bir Baabaa,Ganesh","Bir Baba,Ganesh,Shiva","Folk,Ganesh,Shaiva","Free-standing,Tree-temple",0,,667,0
765,25.31048,82.989136,"Siva,Hanuman","Hanuman,Shiva","Hanuman,Shaiva","Free-standing,Tree",3,Praciin hanuman?,535,0
766,25.308773,82.982837,__ Maa,Local Maa,Goddess,Free-standing,0,Sri phul mati maataa maa praciin mandir,206,0
767,25.316532,83.011975,"Siva,Ganesh","Ganesh,Shiva","Ganesh,Shaiva",Built into a wall,3,,386,3
768,25.316512,83.01194,Siva,Shiva,Shaiva,Free-standing,2,,389,3
769,25.316496,83.011819,Siva family,Shiva family,Shaiva,,3,,397,3
770,25.316317,83.011728,"Siva,Hanuman","Hanuman,Shiva","Hanuman,Shaiva",Free-standing,4,,419,3
771,25.316519,83.011564,Siva,Shiva,Shaiva,Built into a wall,5,,410,3
772,25.316711,83.010418,"Siva,Hanuman","Hanuman,Shiva","Hanuman,Shaiva",Temple complex,2,,462,3
773,25.316468,83.010885,Siva,Shiva,Shaiva,Built-around,1,,457,3
774,25.316108,83.011132,Siva,Shiva,Shaiva,Free-standing,2,,472,3
775,25.315796,83.010768,Hanuman,Hanuman,Hanuman,Built-around,1,,472,3
776,25.315981,83.009019,Siva,Shiva,Shaiva,Free-standing,2,,303,3
777,25.316404,83.008392,Siva family,Shiva family,Shaiva,Free-standing,3,,262,3
778,25.316256,83.008102,Devi,Devi,Goddess,Built into a wall,1,,228,3
779,25.316534,83.007391,Hanuman,Hanuman,Hanuman,Free-standing,1,,190,3
780,25.316701,83.007196,Siva family,Shiva family,Shaiva,Free-standing,3,,190,3
781,25.317114,83.0067,Siva,Shiva,Shaiva,Built into a wall,4,,201,3
782,25.316949,83.00557,Devi,Devi,Goddess,Built into a wall,1,,161,0
783,25.317043,83.005759,"Siva,Hanuman","Hanuman,Shiva","Hanuman,Shaiva",Free-standing,3,,170,0
784,25.315996,83.007077,"Devi,Other","Devi,Other","Goddess,Other",,3,,126,3
785,25.31589,83.007083,Hanuman,Hanuman,Hanuman,Temple complex,3,,119,3
786,25.317404,83.004995,Siva,Shiva,Shaiva,"Free-standing,Tree",2,,220,0
787,25.317127,83.004749,Siva,Shiva,Shaiva,Free-standing,11,,196,0
788,25.317115,83.004116,Devi,Devi,Goddess,Free-standing,1,,219,0
789,25.316835,83.002767,__ Bir Baabaa,Bir Baba,Folk,Free-standing,3,,293,0
790,25.315284,83.003573,Siva,Shiva,Shaiva,Built-around,2,,160,0
791,25.317807,83.006781,Siva family,Shiva family,Shaiva,Tree-temple,3,,275,3
792,25.317967,83.007685,"Siva,Hanuman,Devi","Devi,Hanuman,Shiva","Goddess,Hanuman,Shaiva",Built-around,6,,332,3
793,25.318072,83.008381,Devi,Devi,Goddess,Free-standing,1,,383,2
794,25.318373,83.007786,Devi,Devi,Goddess,Free-standing,3,,376,2
795,25.319086,83.008046,Hanuman,Hanuman,Hanuman,Free-standing,1,,457,0
796,25.318899,83.009323,Ganesh,Ganesh,Ganesh,Free-standing,2,,470,0
797,25.317853,83.009345,Siva,Shiva,Shaiva,Free-standing,3,,433,0
798,25.317422,83.009627,Siva,Shiva,Shaiva,Built into a wall,5,,427,0
799,25.317865,83.009673,Devi,Devi,Goddess,"Free-standing,Tree",1,,459,0
800,25.319342,83.008085,Siva,Shiva,Shaiva,Free-standing,1,,484,0
801,25.319281,83.007318,Devi,Devi,Goddess,Built into a wall,1,,447,0
802,25.318123,83.006395,Siva,Shiva,Shaiva,Free-standing,3,,297,0
803,25.23592,83.012016,Siva,Shiva,Shaiva,Free-standing,1,,1425,0
804,25.239488,82.992747,"Ganesh,Other","Ganesh,Other","Ganesh,Other",Free-standing,0,,461,0
805,25.239629,82.98875,"Hanuman,Other","Hanuman,Other","Hanuman,Other",Tree-temple,2,,284,0
806,25.235735,82.987555,"Siva,Hanuman","Hanuman,Shiva","Hanuman,Shaiva",Free-standing,2,,407,0
807,25.314048,83.009936,Sitla Maa,Sitala Maa,Goddess,,0,Sri shitlaa maataa kaa havan ku.n.d,400,3
808,25.313752,83.00839,Siva,Shiva,Shaiva,Built into a wall,0,,269,0
809,25.30868,82.999792,"Siva,Hanuman,Ganesh","Ganesh,Hanuman,Shiva","Ganesh,Hanuman,Shaiva",Tree-temple,3,,287,0
810,25.30512,82.995358,"Siva,Ganesh","Ganesh,Shiva","Ganesh,Shaiva",Built into a wall,3,,465,0
811,25.308614,82.987423,Sitla Maa,Sitala Maa,Goddess,"Free-standing,Tree-temple",0,Sri siitlaa maa mandir,525,0
812,25.308401,82.987692,"Siva,Rama family,Hanuman,Ganesh","Ganesh,Hanuman,Rama,Shiva","Ganesh,Hanuman,Shaiva,Vaishnava",,15,,561,0
813,25.315702,83.011727,Sitla Maa,Sitala Maa,Goddess,Free-standing,7,Old Sitla mata temple,478,3
814,25.315661,83.01166,"__ Maa,Devi","Devi,Local Maa",Goddess,Built into a wall,5,,485,3
815,25.3158,83.012279,Hanuman,Hanuman,Hanuman,Built into a wall,1,,445,3
816,25.315725,83.012283,"Siva,Siva-Parvati,Siva family","Shiva,Shiva family,Shiva-Parvati",Shaiva,Free-standing,2,,452,3
817,25.315524,83.012316,"Hanuman,Siva,Siva-Parvati","Hanuman,Shiva,Shiva-Parvati","Hanuman,Shaiva",Free-standing,3,,472,3
818,25.314739,83.012733,"Siva,Siva-Parvati,__ Maa,Devi","Devi,Local Maa,Shiva,Shiva-Parvati","Goddess,Shaiva",Built into a wall,3,,412,3
819,25.314927,83.012281,"Siva,Siva-Parvati","Shiva,Shiva-Parvati",Shaiva,Free-standing,1,,461,3
820,25.314945,83.012365,Ganesh,Ganesh,Ganesh,Built into a wall,1,,456,3
821,25.314945,83.012635,Ganesh,Ganesh,Ganesh,Built into a wall,1,,432,3
822,25.314931,83.013179,"Siva,Siva-Parvati","Shiva,Shiva-Parvati",Shaiva,Free-standing,2,,383,3
823,25.315507,83.013316,"Siva,Siva-Parvati","Shiva,Shiva-Parvati",Shaiva,Built into a wall,1,,399,3
824,25.315876,83.012235,"Siva,Siva-Parvati","Shiva,Shiva-Parvati",Shaiva,Free-standing,2,Somnath mandir,438,3
825,25.314867,83.013818,Hanuman,Hanuman,Hanuman,Built into a wall,1,,322,3
826,25.314469,83.014146,Ganesh,Ganesh,Ganesh,Built into a wall,1,,273,3
827,25.314118,83.014096,"__ Maa,Devi","Devi,Local Maa",Goddess,Built into a wall,1,,260,3
828,25.314011,83.013875,"Siva-Parvati,Siva","Shiva,Shiva-Parvati",Shaiva,Built into a wall,1,,272,3
829,25.313669,83.015434,"Siva,Siva-Parvati","Shiva,Shiva-Parvati",Shaiva,Built into a wall,1,,117,3
830,25.313562,83.015451,"Siva,Siva-Parvati","Shiva,Shiva-Parvati",Shaiva,Built into a wall,1,,110,3
831,25.314206,83.015727,"Siva,Siva-Parvati","Shiva,Shiva-Parvati",Shaiva,Built into a wall,2,,117,3
832,25.314787,83.016008,Ganesh,Ganesh,Ganesh,Built into a wall,1,,130,3
833,25.314906,83.016194,Hanuman,Hanuman,Hanuman,Built into a wall,1,,119,3
834,25.315345,83.017236,"Siva,Siva-Parvati","Shiva,Shiva-Parvati",Shaiva,Free-standing,1,,77,3
835,25.315974,83.017014,Ganesh,Ganesh,Ganesh,Built into a wall,1,,148,3
836,25.315934,83.017022,"Siva,Siva-Parvati","Shiva,Shiva-Parvati",Shaiva,Built into a wall,1,,144,3
837,25.313789,83.011326,"Siva,Siva-Parvati,Ganesh","Ganesh,Shiva,Shiva-Parvati","Ganesh,Shaiva",Built into a wall,2,,440,3
838,25.314888,83.011402,Hanuman,Hanuman,Hanuman,Built into a wall,1,,528,3
839,25.31496,83.011081,"Siva,Siva-Parvati,Siva family,Ganesh","Ganesh,Shiva,Shiva family,Shiva-Parvati","Ganesh,Shaiva",Built-around,4,,498,3
840,25.315005,83.011008,"Siva,Hanuman,Ganesh,__ Maa,Devi","Devi,Ganesh,Hanuman,Local Maa,Shiva","Ganesh,Goddess,Hanuman,Shaiva",Built into a wall,0,,491,3
841,25.31514,83.011071,"Siva,Siva-Parvati,Siva family","Shiva,Shiva family,Shiva-Parvati",Shaiva,Built into a wall,2,,497,3
842,25.315059,83.010656,"Siva,Siva-Parvati,Hanuman","Hanuman,Shiva,Shiva-Parvati","Hanuman,Shaiva",Built into a wall,3,,455,3
843,25.315103,83.010724,"Ganesh,Sitla Maa","Ganesh,Sitala Maa","Ganesh,Goddess",Tree-temple,3,,462,3
844,25.314942,83.010609,Sitla Maa,Sitala Maa,Goddess,Built-around,2,,451,3
845,25.315436,83.010592,"RAMA,Rama-Sita",Rama,Vaishnava,Free-standing,2,,450,3
846,25.31532,83.010342,"RAMA,Rama-Sita",Rama,Vaishnava,Free-standing,2,,424,3
847,25.315318,83.010044,"__ Maa,Devi","Devi,Local Maa",Goddess,,2,Vindhyvashini Devi,394,3
848,25.31339,82.980322,"Rama family,Siva,Hanuman,Ganesh","Ganesh,Hanuman,Rama,Shiva","Ganesh,Hanuman,Shaiva,Vaishnava","Free-standing,Tree",15,,109,0
849,25.312348,82.983028,Hanuman,Hanuman,Hanuman,Free-standing,1,,79,0
850,25.31245,82.983223,Other,Other,Other,Tree,1,,102,0
851,25.311389,82.983298,"Siva family,Hanuman","Hanuman,Shiva family","Hanuman,Shaiva",Free-standing,3,,30,0
852,25.31237,82.983013,Siva,Shiva,Shaiva,Free-standing,1,,80,0
853,25.312632,82.984789,"Siva,Rama family","Rama,Shiva","Shaiva,Vaishnava","Free-standing,Tree-temple",6,,230,0
854,25.312649,82.984932,"Ganesh,Siva","Ganesh,Shiva","Ganesh,Shaiva",Tree-temple,4,,243,0
855,25.312412,82.984698,Siva,Shiva,Shaiva,Tree-temple,1,,208,0
856,25.312195,82.984977,Siva-Parvati,Shiva-Parvati,Shaiva,Tree-temple,0,,220,0
857,25.31207,82.984965,"Siva,Devi,Siva family","Devi,Shiva,Shiva family","Goddess,Shaiva","Free-standing,Tree-temple",8,,214,0
858,25.311987,82.984875,Hanuman,Hanuman,Hanuman,Tree-temple,3,,202,0
859,25.311638,82.988634,Siva,Shiva,Shaiva,Tree-temple,2,Mahadev,434,0
860,25.310777,82.986968,"Rama family,Hanuman,Siva,Krishna","Hanuman,Krishna,Rama,Shiva","Hanuman,Shaiva,Vaishnava",Free-standing,10,,401,0
861,25.313354,82.979964,Other,Other,Other,Tree,1,,113,0
862,25.313218,82.97982,Other,Other,Other,Tree,1,,104,0
863,25.314644,82.98097,"Siva,Other","Other,Shiva","Other,Shaiva","Free-standing,Built into a wall,Tree",3,,255,0
864,25.314956,82.981613,Siva,Shiva,Shaiva,Built into a wall,1,,297,0
865,25.314992,82.981553,Siva,Shiva,Shaiva,Tree,1,,302,0
866,25.314367,82.982148,"Siva,Siva family","Shiva,Shiva family",Shaiva,Free-standing,4,,229,0
867,25.314305,82.98239,Devi,Devi,Goddess,Tree-temple,1,,224,0
868,25.313988,82.984485,"Siva,Hanuman,Other","Hanuman,Other,Shiva","Hanuman,Other,Shaiva","Tree,Temple complex,Free-standing",3,,308,0
869,25.313513,82.984814,Siva,Shiva,Shaiva,Tree-temple,2,,301,0
870,25.313655,82.986942,"Siva,Hanuman,__ Bir Baabaa","Bir Baba,Hanuman,Shiva","Folk,Hanuman,Shaiva",Free-standing,8,,399,0
871,25.313608,82.988634,Other,Other,Other,Free-standing,2,,260,0
872,25.311545,82.988783,Siva,Shiva,Shaiva,Tree,1,,437,0
873,25.311566,82.988809,"Siva,Hanuman","Hanuman,Shiva","Hanuman,Shaiva",Tree-temple,2,,434,0
874,25.309218,83.006324,"Siva,Other","Other,Shiva","Other,Shaiva",Tree-temple,2,,455,3
875,25.309526,83.004153,"Rama family,Hanuman,Devi","Devi,Hanuman,Rama","Goddess,Hanuman,Vaishnava",Tree-temple,5,,289,0
876,25.309374,83.003629,"__ Bir Baabaa,Hanuman,Other","Bir Baba,Hanuman,Other","Folk,Hanuman,Other",Free-standing,5,,285,0
877,25.308862,83.001183,Hanuman,Hanuman,Hanuman,Tree-temple,3,,338,0
878,25.308663,83.000998,Siva,Shiva,Shaiva,Free-standing,1,Pramaatheshvar mahaadev,364,0
879,25.309028,82.999126,Other,Other,Other,Free-standing,4,,215,0
880,25.308526,82.998673,"Siva,Rama family,Hanuman","Hanuman,Rama,Shiva","Hanuman,Shaiva,Vaishnava",Free-standing,6,,184,0
881,25.307911,82.997169,Siva,Shiva,Shaiva,Free-standing,1,,135,0
882,25.30766,82.995414,Siva,Shiva,Shaiva,Built into a wall,1,,205,0
883,25.309134,82.999319,"Rama family,Devi","Devi,Rama","Goddess,Vaishnava",Built into a wall,5,,233,2
884,25.30772,82.994785,Siva,Shiva,Shaiva,Tree-temple,1,,243,0
885,25.30582,82.983528,"Siva,Hanuman","Hanuman,Shiva","Hanuman,Shaiva","Free-standing,Tree-temple",2,,539,0
886,25.306413,82.982196,"Siva,Rama family,Hanuman","Hanuman,Rama,Shiva","Hanuman,Shaiva,Vaishnava",Built-around,6,,454,0
887,25.307971,82.984749,Siva,Shiva,Shaiva,Temple complex,2,,373,0
888,25.3109,82.990329,Other,Other,Other,Free-standing,1,,467,0
889,25.311536,82.9916,"Siva,Hanuman,Devi","Devi,Hanuman,Shiva","Goddess,Hanuman,Shaiva",Tree-temple,3,,403,0
890,25.311608,82.991642,"Siva,Hanuman,Sitla Maa","Hanuman,Shiva,Sitala Maa","Goddess,Hanuman,Shaiva",Tree-temple,3,,396,0
891,25.310579,82.993274,Siva,Shiva,Shaiva,Free-standing,1,,364,0
892,25.310179,82.992298,"Siva,Hanuman,Ganesh","Ganesh,Hanuman,Shiva","Ganesh,Hanuman,Shaiva",Temple complex,10,,445,0
893,25.309227,82.992795,"Siva,Ganesh","Ganesh,Shiva","Ganesh,Shaiva",Tree-temple,4,,385,0
894,25.308901,82.992599,"Siva,Hanuman,Ganesh","Ganesh,Hanuman,Shiva","Ganesh,Hanuman,Shaiva",Temple complex,8,,405,0
895,25.309525,82.993887,Other,Other,Other,Built into a wall,1,,276,0
896,25.309512,82.993892,Sitla Maa,Sitala Maa,Goddess,Free-standing,1,,275,0
897,25.310772,82.997907,"Ganesh,Other","Ganesh,Other","Ganesh,Other",Tree,3,,167,0
898,25.310728,82.99671,Siva,Shiva,Shaiva,Free-standing,1,,125,0
899,25.310719,82.996689,Siva,Shiva,Shaiva,Free-standing,1,,125,0
900,25.309296,82.994837,"Siva,Hanuman","Hanuman,Shiva","Hanuman,Shaiva",Built into a wall,2,,179,0
901,25.309481,82.996437,Ganesh,Ganesh,Ganesh,Tree,1,,23,0
902,25.309096,82.997416,Siva,Shiva,Shaiva,Free-standing,1,,43,0
903,25.309155,82.997632,"Siva,Hanuman,Ganesh","Ganesh,Hanuman,Shiva","Ganesh,Hanuman,Shaiva",Tree-temple,7,,64,0
904,25.309453,82.998068,Siva,Shiva,Shaiva,Free-standing,1,,104,0
905,25.309488,83.00053,"Siva-Parvati,Hanuman,Ganesh","Ganesh,Hanuman,Shiva-Parvati","Ganesh,Hanuman,Shaiva",Free-standing,5,,298,3
906,25.309909,83.000592,Siva,Shiva,Shaiva,Tree-temple,1,,254,0
907,25.309516,83.000524,Ganesh,Ganesh,Ganesh,Free-standing,1,,295,3
908,25.309923,83.000734,__ Maa,Local Maa,Goddess,Built into a wall,1,,246,0
909,25.312056,83.003683,Other,Other,Other,Free-standing,3,,80,0
910,25.309952,83.000858,Ganesh,Ganesh,Ganesh,Built into a wall,1,,237,0
911,25.318614,82.991026,"Siva-Parvati,Hanuman,__ Bir Baabaa","Bir Baba,Hanuman,Shiva-Parvati","Folk,Hanuman,Shaiva",Tree-temple,7,,320,0
912,25.318652,82.991158,Hanuman,Hanuman,Hanuman,Tree-temple,1,,326,0
913,25.318638,82.991698,Devi,Devi,Goddess,Free-standing,1,,334,0
914,25.319243,82.99206,"Siva,Other","Other,Shiva","Other,Shaiva",Free-standing,3,,343,0
915,25.319264,82.991531,Devi,Devi,Goddess,Tree-temple,1,,380,0
916,25.316953,82.994829,Hanuman,Hanuman,Hanuman,Tree,1,,344,0
917,25.317031,82.994871,"Hanuman,Siva,Rama-Sita","Hanuman,Rama,Shiva","Hanuman,Shaiva,Vaishnava",Free-standing,4,,341,0
918,25.316983,82.994917,"Ganesh,Other","Ganesh,Other","Ganesh,Other",Free-standing,5,,336,0
919,25.315694,82.994647,Devi,Devi,Goddess,Built into a wall,1,,354,0
920,25.314771,82.99469,Hanuman,Hanuman,Hanuman,Built into a wall,1,,364,0
921,25.314835,82.995827,"Hanuman,Siva","Hanuman,Shiva","Hanuman,Shaiva",Free-standing,2,,317,0
922,25.314417,82.995732,"Siva,Siva family,Hanuman,Devi,__ Bir Baabaa,Other","Bir Baba,Devi,Hanuman,Other,Shiva,Shiva family","Folk,Goddess,Hanuman,Other,Shaiva",Built into a wall,13,,355,0
923,25.313741,82.996551,Siva,Shiva,Shaiva,Built into a wall,1,,367,0
924,25.313091,82.997591,Devi,Devi,Goddess,Free-standing,4,,393,0
925,25.313135,82.997535,Hanuman,Hanuman,Hanuman,Tree,1,,397,0
926,25.313171,82.997587,Siva,Shiva,Shaiva,Free-standing,1,,394,0
927,25.313275,82.993325,"Siva family,Hanuman","Hanuman,Shiva family","Hanuman,Shaiva",Free-standing,4,,310,0
928,25.315001,82.994072,"Siva,Other,Hanuman","Hanuman,Other,Shiva","Hanuman,Other,Shaiva",Built into a wall,4,,298,0
929,25.313542,82.987645,Siva,Shiva,Shaiva,Free-standing,1,,344,0
930,25.315068,82.991382,Siva,Shiva,Shaiva,Free-standing,1,,34,0
931,25.314878,82.990983,"Hanuman,Other,Devi,Ganesh","Devi,Ganesh,Hanuman,Other","Ganesh,Goddess,Hanuman,Other",Free-standing,6,,28,0
932,25.316926,83.000494,"Siva,Siva-Parvati,Rama family,Ganesh","Ganesh,Rama,Shiva,Shiva-Parvati","Ganesh,Shaiva,Vaishnava",Free-standing,7,Sri bharga maai kaa pracin mandir,149,0
933,25.305426,82.996204,Shaayari maa,Local Maa,Goddess,Built-around,2,,414,0
934,25.305371,82.996531,"Siva,Siva-Parvati,Hanuman","Hanuman,Shiva,Shiva-Parvati","Hanuman,Shaiva",Tree-temple,3,,416,0
935,25.305473,82.996406,"__ Maa,Other","Local Maa,Other","Goddess,Other",Tree,2,,406,0
936,25.306411,82.996489,"Siva,Siva-Parvati,Ganesh,Hanuman","Ganesh,Hanuman,Shiva,Shiva-Parvati","Ganesh,Hanuman,Shaiva",Tree,8,,302,0
937,25.305308,82.993013,Hanuman,Hanuman,Hanuman,"Tree-temple,Built-around",3,Shokvimochan hanuman,560,0
938,25.308214,82.998028,"Siva,Siva-Parvati","Shiva,Shiva-Parvati",Shaiva,Free-standing,2,,149,0
939,25.309088,82.996914,"Rama family,Rama-Sita,RAMA",Rama,Vaishnava,,3,,2,0
940,25.309579,82.996342,"Siva,Siva-Parvati","Shiva,Shiva-Parvati",Shaiva,"Tree,Tree-temple",3,,36,0
941,25.309787,82.997326,"Siva,RAMA,Rama-Sita,Siva-Parvati","Rama,Shiva,Shiva-Parvati","Shaiva,Vaishnava",Free-standing,3,,45,0
942,25.309273,82.995166,"Siva,Siva-Parvati","Shiva,Shiva-Parvati",Shaiva,Built into a wall,1,,146,0
943,25.309343,82.994757,Hanuman,Hanuman,Hanuman,Free-standing,1,,187,0
944,25.309559,82.993806,Siva-Parvati,Shiva-Parvati,Shaiva,Free-standing,1,,284,0
945,25.310087,82.993728,"Siva,Siva-Parvati","Shiva,Shiva-Parvati",Shaiva,Free-standing,2,,303,0
946,25.309822,82.993441,"__ Maa,Other","Local Maa,Other","Goddess,Other",Tree-temple,3,,324,0
947,25.309732,82.993425,"Siva,Siva-Parvati","Shiva,Shiva-Parvati",Shaiva,Free-standing,4,,324,0
948,25.307681,82.992436,"Siva,Siva-Parvati","Shiva,Shiva-Parvati",Shaiva,"Tree,Tree-temple",2,,451,0
949,25.315941,83.011859,Hanuman,Hanuman,Hanuman,Free-standing,1,,448,3
950,25.316095,83.012369,Ganesh,Ganesh,Ganesh,Built into a wall,3,,411,3
951,25.315434,83.0137,"Siva,Siva-Parvati,Sitla Maa","Shiva,Shiva-Parvati,Sitala Maa","Goddess,Shaiva",Built into a wall,3,,361,3
952,25.315512,83.013914,Ganesh,Ganesh,Ganesh,,1,,347,3
953,25.315181,83.013594,"Siva,Siva-Parvati","Shiva,Shiva-Parvati",Shaiva,Built into a wall,2,,358,3
954,25.314763,83.014127,Hanuman,Hanuman,Hanuman,Built into a wall,1,,289,3
955,25.315947,83.01482,Hanuman,Hanuman,Hanuman,Built into a wall,1,,295,3
956,25.31535,83.01589,Ganesh,Ganesh,Ganesh,Built into a wall,1,,169,3
957,25.315702,83.016273,"Siva,Siva-Parvati","Shiva,Shiva-Parvati",Shaiva,Built into a wall,2,Hatkeshwar mandir,164,3
958,25.316074,83.016393,"Siva,Siva-Parvati,Siva family","Shiva,Shiva family,Shiva-Parvati",Shaiva,Free-standing,3,,190,3
959,25.316162,83.016475,"Siva,Siva-Parvati","Shiva,Shiva-Parvati",Shaiva,Built into a wall,2,,194,3
960,25.316069,83.017093,"Siva,Siva-Parvati","Shiva,Shiva-Parvati",Shaiva,Built into a wall,1,,153,3
961,25.315506,83.017796,Krishna,Krishna,Vaishnava,Built into a wall,1,,67,3
962,25.315136,83.018023,Ganesh,Ganesh,Ganesh,Built into a wall,1,,20,3
963,25.315125,83.018083,"Siva,Siva-Parvati,Siva family","Shiva,Shiva family,Shiva-Parvati",Shaiva,Built into a wall,5,,17,3
964,25.314972,83.01784,"Siva,Siva-Parvati,Siva family","Shiva,Shiva family,Shiva-Parvati",Shaiva,Built into a wall,5,,10,3
965,25.315459,83.018011,"RAMA,Rama-Sita",Rama,Vaishnava,Free-standing,2,,48,3
966,25.314788,83.017516,"Siva,Siva-Parvati,Siva family","Shiva,Shiva family,Shiva-Parvati",Shaiva,Free-standing,2,Shri raghweshwar mahadev mandir,10,3
967,25.314287,83.016811,"Siva,Siva-Parvati,Siva family","Shiva,Shiva family,Shiva-Parvati",Shaiva,Built into a wall,2,,33,3
968,25.314109,83.016722,"Rama-Sita,RAMA",Rama,Vaishnava,Built into a wall,5,,28,3
969,25.314021,83.016643,"Siva,Siva-Parvati","Shiva,Shiva-Parvati",Shaiva,Built into a wall,2,,26,3
970,25.314486,83.017095,"Siva,Siva-Parvati,Siva family,Ganesh","Ganesh,Shiva,Shiva family,Shiva-Parvati","Ganesh,Shaiva",Built into a wall,11,,17,3
971,25.314678,83.017174,"Siva,Siva-Parvati,Siva family","Shiva,Shiva family,Shiva-Parvati",Shaiva,Free-standing,2,Shri pataleshwar mahadev,20,3
972,25.314991,83.017129,"Siva,Siva-Parvati,Siva family","Shiva,Shiva family,Shiva-Parvati",Shaiva,Free-standing,2,,49,3
973,25.315181,83.017497,"Siva,Siva-Parvati","Shiva,Shiva-Parvati",Shaiva,Free-standing,1,,48,3
974,25.315788,83.017645,Hanuman,Hanuman,Hanuman,Built into a wall,1,,98,3
975,25.31531,83.018165,"Siva,Siva-Parvati","Shiva,Shiva-Parvati",Shaiva,Tree-temple,2,,28,3
976,25.315309,83.018473,Hanuman,Hanuman,Hanuman,Tree-temple,1,,0,3
977,25.315516,83.018169,Ganesh,Ganesh,Ganesh,Built into a wall,2,,37,3
978,25.315531,83.018204,Ganesh,Ganesh,Ganesh,Built into a wall,1,,35,3
979,25.31556,83.018263,"Siva,Siva-Parvati","Shiva,Shiva-Parvati",Shaiva,Built into a wall,1,Badrinarayan mandir,34,3
980,25.315611,83.018172,"Siva,Siva-Parvati,Siva family","Shiva,Shiva family,Shiva-Parvati",Shaiva,Built into a wall,2,,44,3
981,25.31557,83.018196,__ Bir Baabaa,Bir Baba,Folk,Built into a wall,1,,39,3
982,25.315401,83.017444,"Siva,Siva-Parvati","Shiva,Shiva-Parvati",Shaiva,Free-standing,4,,71,3
983,25.315527,83.017501,"Siva,Siva-Parvati","Shiva,Shiva-Parvati",Shaiva,Built into a wall,2,Panchgangeshwar mahadev,80,3
984,25.315874,83.017914,Ganesh,Ganesh,Ganesh,Built into a wall,1,,83,3
985,25.316116,83.017985,"__ Maa,Devi","Devi,Local Maa",Goddess,Built into a wall,3,,99,3
986,25.315878,83.017993,"Siva,Siva-Parvati","Shiva,Shiva-Parvati",Shaiva,Built into a wall,2,Shri shidh vishnushwar mahadev mandir,78,3
987,25.316063,83.018379,Ganesh,Ganesh,Ganesh,Built into a wall,1,,70,3
988,25.315926,83.018428,"Siva-Parvati,Siva","Shiva,Shiva-Parvati",Shaiva,Free-standing,1,,55,3
989,25.316043,83.01835,"Siva,Siva-Parvati","Shiva,Shiva-Parvati",Shaiva,Free-standing,1,,70,3
990,25.316055,83.017564,Ganesh,Ganesh,Ganesh,Temple complex,1,,122,3
991,25.316055,83.017564,"Siva-Parvati,Siva","Shiva,Shiva-Parvati",Shaiva,Free-standing,2,,122,3
992,25.316555,83.017602,"Siva,Siva-Parvati,__ Maa","Local Maa,Shiva,Shiva-Parvati","Goddess,Shaiva",Built into a wall,2,Kapileshwar mahadev,161,3
993,25.309889,82.983755,Hanuman,Hanuman,Hanuman,Free-standing,1,,156,0
994,25.309257,82.984302,Hanuman,Hanuman,Hanuman,"Free-standing,Tree",1,,241,0
995,25.309569,82.98434,"Siva,Hanuman,Devi","Devi,Hanuman,Shiva","Goddess,Hanuman,Shaiva","Temple complex,Tree,Free-standing",5,,219,0
996,25.307505,82.984175,Hanuman,Hanuman,Hanuman,Built-around,1,,385,0
997,25.3053,82.980666,"Siva,Rama family,Hanuman,Ganesh","Ganesh,Hanuman,Rama,Shiva","Ganesh,Hanuman,Shaiva,Vaishnava","Free-standing,Tree",11,,481,0
998,25.305065,82.980488,Hanuman,Hanuman,Hanuman,Free-standing,1,,450,0
999,25.309894,82.981973,Siva,Shiva,Shaiva,Built-around,1,,69,0
1000,25.311249,82.990202,Hanuman,Hanuman,Hanuman,Built into a wall,1,,430,0
1001,25.311365,82.991083,Siva,Shiva,Shaiva,Tree,1,,415,0
1002,25.312303,82.995459,"Siva,Ganesh","Ganesh,Shiva","Ganesh,Shaiva",Tree,9,,330,0
1003,25.312292,82.995598,"Hanuman,Siva","Hanuman,Shiva","Hanuman,Shaiva","Free-standing,Temple complex",3,,323,0
1004,25.311737,82.997815,Siva,Shiva,Shaiva,Free-standing,1,,255,0
1005,25.311635,82.997814,Other,Other,Other,Tree,1,,245,0
1006,25.311927,82.999399,"Siva,Other,Ganesh","Ganesh,Other,Shiva","Ganesh,Other,Shaiva",Tree-temple,4,,260,0
1007,25.313169,82.999509,"Siva-Parvati,Hanuman,Siva,Other","Hanuman,Other,Shiva,Shiva-Parvati","Hanuman,Other,Shaiva","Free-standing,Tree-temple",5,,256,0
1008,25.314102,83.000807,Other,Other,Other,Built into a wall,1,,206,0
1009,25.31405,83.001092,Siva,Shiva,Shaiva,"Free-standing,Temple complex",3,,187,0
1010,25.314053,83.000928,Siva-Parvati,Shiva-Parvati,Shaiva,Built into a wall,2,,195,0
1011,25.314785,83.001213,Siva,Shiva,Shaiva,"Built into a wall,Free-standing",5,,257,0
1012,25.314538,82.999532,Siva,Shiva,Shaiva,Built into a wall,1,,238,0
1013,25.314704,82.999768,"Siva,Hanuman,Other","Hanuman,Other,Shiva","Hanuman,Other,Shaiva",Tree-temple,5,,227,0
1014,25.315123,82.999807,Other,Other,Other,Built into a wall,1,,186,0
1015,25.315607,82.998127,"Hanuman,Siva,Ganesh,__ Bir Baabaa,Devi","Bir Baba,Devi,Ganesh,Hanuman,Shiva","Folk,Ganesh,Goddess,Hanuman,Shaiva","Free-standing,Tree,Tree-temple,Built into a wall,Temple complex",8,,119,0
1016,25.316657,82.996736,Other,Other,Other,Built into a wall,1,,151,0
1017,25.316711,82.998173,Siva,Shiva,Shaiva,Built into a wall,1,,7,0
1018,25.316777,82.998146,Other,Other,Other,Free-standing,1,,11,0
1019,25.317464,82.998113,Siva,Shiva,Shaiva,Built into a wall,1,,30,0
1020,25.316866,82.999033,"Hanuman,Siva","Hanuman,Shiva","Hanuman,Shaiva",Tree-temple,4,,2,0
1021,25.316966,82.999033,"Siva,__ Bir Baabaa,Hanuman","Bir Baba,Hanuman,Shiva","Folk,Hanuman,Shaiva","Free-standing,Tree",6,,4,0
1022,25.316987,82.999001,Siva,Shiva,Shaiva,Tree,1,,1,0
1023,25.317166,82.999183,Siva,Shiva,Shaiva,Free-standing,2,,25,0
1024,25.318217,82.999545,Siva,Shiva,Shaiva,Built into a wall,1,,122,0
1025,25.316302,82.999315,Ganesh,Ganesh,Ganesh,Built into a wall,1,,50,0
1026,25.315925,83.000269,"Ganesh,Hanuman,Siva,Other","Ganesh,Hanuman,Other,Shiva","Ganesh,Hanuman,Other,Shaiva","Free-standing,Built into a wall",4,,152,0
1027,25.315656,83.000422,Other,Other,Other,Built into a wall,2,,182,0
1028,25.315158,83.000969,"Siva,Hanuman,Siva family,Other","Hanuman,Other,Shiva,Shiva family","Hanuman,Other,Shaiva","Free-standing,Built into a wall,Temple complex,Tree-temple",6,,259,0
1029,25.314204,83.002517,"Rama family,Hanuman,Siva","Hanuman,Rama,Shiva","Hanuman,Shaiva,Vaishnava",Free-standing,6,,185,0
1030,25.314873,83.003001,Other,Other,Other,Tree-temple,1,,220,0
1031,25.321823,82.999681,Ganesh,Ganesh,Ganesh,Free-standing,2,,311,0
1032,25.322773,82.99745,"Siva,Hanuman","Hanuman,Shiva","Hanuman,Shaiva","Tree,Tree-temple",2,,97,0
1033,25.323197,82.997355,Siva,Shiva,Shaiva,"Free-standing,Tree,Tree-temple",1,,122,0
1034,25.323182,82.996874,__ Maa,Local Maa,Goddess,Free-standing,1,,98,0
1035,25.316641,83.012214,"Siva,Siva-Parvati","Shiva,Shiva-Parvati",Shaiva,Built into a wall,2,,363,3
1036,25.316473,83.012058,"Siva,Siva-Parvati","Shiva,Shiva-Parvati",Shaiva,"Built into a wall,Tree",2,,387,3
1037,25.316556,83.011899,"Siva-Parvati,Siva","Shiva,Shiva-Parvati",Shaiva,Built into a wall,2,,387,3
1038,25.316648,83.012061,"Siva,Siva-Parvati","Shiva,Shiva-Parvati",Shaiva,Built into a wall,2,,370,3
1039,25.316485,83.011525,"Siva,Siva-Parvati","Shiva,Shiva-Parvati",Shaiva,Built into a wall,2,,415,3
1040,25.316471,83.011683,"Siva,Siva-Parvati","Shiva,Shiva-Parvati",Shaiva,Built-around,2,Kantheshwar mahadev,407,3
1041,25.316301,83.011632,"Siva,Hanuman","Hanuman,Shiva","Hanuman,Shaiva",Tree,2,,426,3
1042,25.316408,83.011706,"Siva,Siva-Parvati","Shiva,Shiva-Parvati",Shaiva,Temple complex,1,,412,3
1043,25.316326,83.011671,"Siva,Siva-Parvati","Shiva,Shiva-Parvati",Shaiva,Built into a wall,1,,421,3
1044,25.316362,83.011748,Hanuman,Hanuman,Hanuman,Built into a wall,1,,414,3
1045,25.316362,83.011748,"Siva,Siva-Parvati,Siva family","Shiva,Shiva family,Shiva-Parvati",Shaiva,Built into a wall,1,,414,3
1046,25.316201,83.011738,Hanuman,Hanuman,Hanuman,Temple complex,1,,429,3
1047,25.316563,83.011103,Hanuman,Hanuman,Hanuman,Built into a wall,1,,435,3
1048,25.316691,83.010997,"Siva,Siva-Parvati","Shiva,Shiva-Parvati",Shaiva,Built into a wall,1,,432,3
1049,25.316729,83.010963,Hanuman,Hanuman,Hanuman,Built into a wall,1,,431,3
1050,25.316846,83.011092,"__ Maa,Devi","Devi,Local Maa",Goddess,Free-standing,2,,413,3
1051,25.316817,83.011078,Siva,Shiva,Shaiva,Temple complex,1,Kashi Devi mandir,416,3
1052,25.317415,83.009771,Siva,Shiva,Shaiva,Free-standing,1,Kashthateshwar mahadev,438,0
1053,25.316457,83.009873,"Siva,Siva-Parvati","Shiva,Shiva-Parvati",Shaiva,Free-standing,2,,401,3
1054,25.316416,83.009918,Ganesh,Ganesh,Ganesh,Built into a wall,1,,404,3
1055,25.315436,83.009649,"__ Maa,Devi","Devi,Local Maa",Goddess,Free-standing,1,Vindhyachal ma,355,3
1056,25.315362,83.010052,"Siva,Siva-Parvati","Shiva,Shiva-Parvati",Shaiva,Built into a wall,1,,395,3
1057,25.315988,83.010264,Sitla Maa,Sitala Maa,Goddess,Free-standing,1,,426,3
1058,25.315963,83.009063,Sitla Maa,Sitala Maa,Goddess,Built into a wall,1,,307,3
1059,25.316043,83.008996,Hanuman,Hanuman,Hanuman,Free-standing,1,,303,3
1060,25.315968,83.008914,Hanuman,Hanuman,Hanuman,Free-standing,1,,293,3
1061,25.316088,83.008591,"Siva,Siva-Parvati","Shiva,Shiva-Parvati",Shaiva,Free-standing,1,,266,3
1062,25.316104,83.008333,"RAMA,Rama-Sita,Hanuman","Hanuman,Rama","Hanuman,Vaishnava",,4,,242,3
1063,25.316227,83.008303,Siva-Parvati,Shiva-Parvati,Shaiva,Temple complex,1,,245,3
1064,25.316394,83.008438,"__ Maa,Devi","Devi,Local Maa",Goddess,Temple complex,1,,265,3
1065,25.316265,83.008459,Hanuman,Hanuman,Hanuman,Temple complex,1,,261,3
1066,25.316275,83.008515,"Siva,Siva-Parvati,Hanuman","Hanuman,Shiva,Shiva-Parvati","Hanuman,Shaiva",Tree,4,,266,3
1067,25.316169,83.008053,"__ Maa,Devi","Devi,Local Maa",Goddess,Built into a wall,1,,219,3
1068,25.314796,83.007128,Hanuman,Hanuman,Hanuman,Free-standing,1,,106,0
1069,25.316608,83.007386,Sitla Maa,Sitala Maa,Goddess,Free-standing,1,,196,3
1070,25.316318,83.006576,"Siva,Other,__ Bir Baabaa","Bir Baba,Other,Shiva","Folk,Other,Shaiva",Free-standing,5,,118,0
1071,25.31685,83.006636,"Siva,Siva-Parvati,Siva family","Shiva,Shiva family,Shiva-Parvati",Shaiva,Free-standing,1,,172,3
1072,25.317313,83.00695,"Siva,Siva-Parvati,Siva family","Shiva,Shiva family,Shiva-Parvati",Shaiva,Free-standing,1,,232,3
1073,25.317605,83.007007,"Siva,Siva-Parvati","Shiva,Shiva-Parvati",Shaiva,Built into a wall,1,,264,3
1074,25.318076,83.006424,"Siva,Siva-Parvati,Siva family","Shiva,Shiva family,Shiva-Parvati",Shaiva,Free-standing,4,,292,0
1075,25.318496,83.006737,__ Maa,Local Maa,Goddess,Temple complex,1,,345,0
1076,25.31862,83.009426,Hanuman,Hanuman,Hanuman,Free-standing,1,,466,0
1077,25.318558,83.009332,Siva,Shiva,Shaiva,Free-standing,1,,477,0
1078,25.318587,83.009313,Hanuman,Hanuman,Hanuman,Built into a wall,1,,478,0
1079,25.317739,83.009287,Siva-Parvati,Shiva-Parvati,Shaiva,Free-standing,1,,421,0
1080,25.317602,83.009248,Hanuman,Hanuman,Hanuman,Built into a wall,1,,408,0
1081,25.316519,83.012386,Rama-Sita,Rama,Vaishnava,Free-standing,2,,367,3
1082,25.316553,83.012596,"Hanuman,Sitla Maa","Hanuman,Sitala Maa","Goddess,Hanuman",Free-standing,2,Hanuman and shitla mata mandir,355,3
1083,25.311024,82.999481,Siva,Shiva,Shaiva,Free-standing,1,,267,0
1084,25.311281,82.999816,"Siva,Hanuman,Other,Devi","Devi,Hanuman,Other,Shiva","Goddess,Hanuman,Other,Shaiva",Free-standing,4,,226,0
1085,25.310542,83.0007,"Siva,Ganesh,Other","Ganesh,Other,Shiva","Ganesh,Other,Shaiva","Free-standing,Temple complex",5,,192,0
1086,25.310268,83.000846,"Siva,Other","Other,Shiva","Other,Shaiva",Free-standing,2,,207,0
1087,25.310206,83.00285,"Siva,Hanuman,__ Bir Baabaa,Other","Bir Baba,Hanuman,Other,Shiva","Folk,Hanuman,Other,Shaiva",Tree-temple,5,,182,0
1088,25.310242,83.003297,"Siva,Hanuman,Ganesh","Ganesh,Hanuman,Shiva","Ganesh,Hanuman,Shaiva",Free-standing,3,,184,0
1089,25.310299,83.003721,Other,Other,Other,Tree,1,,193,0
1090,25.310338,83.003724,Siva,Shiva,Shaiva,Free-standing,1,,189,0
1091,25.310895,83.00368,"Hanuman,Ganesh,Siva","Ganesh,Hanuman,Shiva","Ganesh,Hanuman,Shaiva",Built into a wall,3,,134,0
1092,25.311152,83.003088,"Hanuman,__ Bir Baabaa,Ganesh,Siva","Bir Baba,Ganesh,Hanuman,Shiva","Folk,Ganesh,Hanuman,Shaiva",Built into a wall,4,,81,0
1093,25.311213,83.004105,Siva,Shiva,Shaiva,Free-standing,1,,144,0
1094,25.311034,83.004291,"Siva,Other,Ganesh","Ganesh,Other,Shiva","Ganesh,Other,Shaiva",Free-standing,3,,170,0
1095,25.310785,83.004975,"Ganesh,Other","Ganesh,Other","Ganesh,Other",Built into a wall,3,,244,0
1096,25.310563,83.004998,"Krishna,Other","Krishna,Other","Other,Vaishnava",Built into a wall,5,,258,0
1097,25.31071,83.005185,"Siva,Ganesh","Ganesh,Shiva","Ganesh,Shaiva",Free-standing,2,,266,0
1098,25.310276,83.005092,Siva,Shiva,Shaiva,Free-standing,5,,285,0
1099,25.317494,83.002502,"Hanuman,Siva,Other","Hanuman,Other,Shiva","Hanuman,Other,Shaiva",Free-standing,3,,357,0
1100,25.318048,83.001671,"Other,Siva","Other,Shiva","Other,Shaiva","Free-standing,Tree-temple,Temple complex",8,,292,0
1101,25.318374,83.001,Siva,Shiva,Shaiva,Free-standing,1,,244,0
1102,25.318909,83.000486,"__ Bir Baabaa,Other","Bir Baba,Other","Folk,Other",Built into a wall,3,,240,0
1103,25.319663,83.000545,__ Bir Baabaa,Bir Baba,Folk,Built into a wall,1,,311,0
1104,25.319762,83.00081,Siva,Shiva,Shaiva,Tree-temple,1,,335,0
1105,25.320099,82.999918,Devi,Devi,Goddess,Free-standing,1,,327,0
1106,25.320141,82.999319,Siva,Shiva,Shaiva,Free-standing,1,,304,0
1107,25.319749,82.999299,"__ Bir Baabaa,Siva,Devi","Bir Baba,Devi,Shiva","Folk,Goddess,Shaiva","Tree,Free-standing,Temple complex",3,,275,0
1108,25.320788,82.998026,"__ Bir Baabaa,Other","Bir Baba,Other","Folk,Other","Free-standing,Tree",4,,156,0
1109,25.322571,82.996485,"Siva,Rama family,Ganesh","Ganesh,Rama,Shiva","Ganesh,Shaiva,Vaishnava",Free-standing,4,,27,0
1110,25.323048,82.993166,"Siva,Krishna,Rama family,Hanuman","Hanuman,Krishna,Rama,Shiva","Hanuman,Shaiva,Vaishnava",Free-standing,13,,146,0
1111,25.322972,82.991515,"Siva,Hanuman","Hanuman,Shiva","Hanuman,Shaiva",Free-standing,3,,300,0
1112,25.322657,82.995325,"Siva,Hanuman,Other","Hanuman,Other,Shiva","Hanuman,Other,Shaiva",Tree,15,,32,0
1113,25.322396,82.994932,Other,Other,Other,,6,,1,0
1114,25.321357,82.994492,Other,Other,Other,Free-standing,3,,13,0
1115,25.322069,82.994768,"Hanuman,Other","Hanuman,Other","Hanuman,Other",Free-standing,3,,0,0
1116,25.32185,82.996785,"Siva,Hanuman","Hanuman,Shiva","Hanuman,Shaiva",Temple complex,9,,19,0
1117,25.321834,82.996749,"Siva,Hanuman,Ganesh","Ganesh,Hanuman,Shiva","Ganesh,Hanuman,Shaiva",Free-standing,13,,16,0
1118,25.321507,82.996612,"Siva,Hanuman","Hanuman,Shiva","Hanuman,Shaiva",Free-standing,7,,4,0
1119,25.320919,82.997016,"Siva,Hanuman,Ganesh","Ganesh,Hanuman,Shiva","Ganesh,Hanuman,Shaiva","Free-standing,Tree,Built into a wall,Temple complex",10,,60,0
1120,25.320915,82.997899,"__ Bir Baabaa,Devi,Other","Bir Baba,Devi,Other","Folk,Goddess,Other",Free-standing,4,,140,0
1121,25.320796,82.998013,"Siva family,Krishna,Rama family","Krishna,Rama,Shiva family","Shaiva,Vaishnava","Free-standing,Tree-temple",17,,155,0
1122,25.31854,82.995319,Other,Other,Other,Free-standing,1,,307,0
1123,25.319185,83.011194,Hanuman,Hanuman,Hanuman,Free-standing,6,,279,2
1124,25.318778,83.012006,"Siva,Siva-Parvati","Shiva,Shiva-Parvati",Shaiva,Built into a wall,3,,212,2
1125,25.318835,83.011983,Hanuman,Hanuman,Hanuman,Free-standing,2,,212,2
1126,25.318889,83.012854,"Siva,Siva-Parvati","Shiva,Shiva-Parvati",Shaiva,Tree-temple,3,,131,0
1127,25.318716,83.012693,"Siva,Siva-Parvati","Shiva,Shiva-Parvati",Shaiva,Free-standing,2,,155,0
1128,25.316078,83.013405,"Siva,Siva-Parvati","Shiva,Shiva-Parvati",Shaiva,Free-standing,2,,384,3
1129,25.316507,83.015157,Krishna,Krishna,Vaishnava,Free-standing,4,Gopal mandir,306,3
1130,25.316547,83.015216,Ganesh,Ganesh,Ganesh,Built into a wall,2,,305,3
1131,25.316962,83.014999,"RAMA,Rama-Sita,Hanuman,Rama family","Hanuman,Rama","Hanuman,Vaishnava",Built into a wall,5,,299,3
1132,25.317009,83.014845,"Siva,Siva-Parvati,Siva family,Ganesh","Ganesh,Shiva,Shiva family,Shiva-Parvati","Ganesh,Shaiva",Built into a wall,4,,290,3
1133,25.317009,83.014845,"Siva,Siva-Parvati,Siva family","Shiva,Shiva family,Shiva-Parvati",Shaiva,Free-standing,3,,290,3
1134,25.317136,83.014432,"Siva,Siva-Parvati,Siva family","Shiva,Shiva family,Shiva-Parvati",Shaiva,Built into a wall,2,,268,3
1135,25.317281,83.013957,"Siva,Siva-Parvati,Siva family","Shiva,Shiva family,Shiva-Parvati",Shaiva,Free-standing,2,,247,3
1136,25.317281,83.013957,Ganesh,Ganesh,Ganesh,Built into a wall,1,,247,3
1137,25.316399,83.018873,"Siva,Siva-Parvati,Siva family","Shiva,Shiva family,Shiva-Parvati",Shaiva,Built into a wall,4,,65,3
1138,25.316142,83.018828,"Siva,Siva-Parvati","Shiva,Shiva-Parvati",Shaiva,Built into a wall,2,,46,3
1139,25.316097,83.01896,"Siva,Siva-Parvati,Siva family","Shiva,Shiva family,Shiva-Parvati",Shaiva,"Built into a wall,Tree-temple",2,,34,3
1140,25.316184,83.018952,"Siva,Siva-Parvati,Siva family","Shiva,Shiva family,Shiva-Parvati",Shaiva,Built into a wall,1,,42,3
1141,25.316159,83.018549,"Siva,Siva-Parvati","Shiva,Shiva-Parvati",Shaiva,Built into a wall,1,,66,3
1142,25.316242,83.019018,"Siva,Siva-Parvati,Siva family","Shiva,Shiva family,Shiva-Parvati",Shaiva,"Tree,Tree-temple",0,,42,3
1143,25.31615,83.018921,"Siva,Siva-Parvati","Shiva,Shiva-Parvati",Shaiva,Built into a wall,2,,41,3
1144,25.316179,83.018895,Siva,Shiva,Shaiva,Built into a wall,0,,45,3
1145,25.316225,83.019048,"Siva,Siva-Parvati,Siva family","Shiva,Shiva family,Shiva-Parvati",Shaiva,Built into a wall,7,,39,3
1146,25.316169,83.019018,"Siva,Siva-Parvati,Siva family","Shiva,Shiva family,Shiva-Parvati",Shaiva,Built into a wall,3,,36,3
1147,25.316183,83.018927,"Siva,Siva-Parvati","Shiva,Shiva-Parvati",Shaiva,Built into a wall,1,,43,3
1148,25.316169,83.018776,"Siva,Siva-Parvati","Shiva,Shiva-Parvati",Shaiva,Built into a wall,2,,52,3
1149,25.316155,83.018929,"Siva,Siva-Parvati","Shiva,Shiva-Parvati",Shaiva,Built into a wall,1,,41,3
1150,25.316172,83.018945,"Siva,__ Maa","Local Maa,Shiva","Goddess,Shaiva",Built into a wall,3,,41,3
1151,25.316165,83.018864,Ganesh,Ganesh,Ganesh,Built into a wall,1,,46,3
1152,25.316109,83.018989,"Siva,Siva-Parvati,Siva family","Shiva,Shiva family,Shiva-Parvati",Shaiva,Built into a wall,4,,33,3
1153,25.315996,83.018997,"Siva,Siva-Parvati","Shiva,Shiva-Parvati",Shaiva,Built into a wall,3,,23,3
1154,25.31602,83.018943,"RAMA,Rama-Sita",Rama,Vaishnava,Free-standing,6,,29,3
1155,25.315941,83.018951,"Siva,Siva-Parvati","Shiva,Shiva-Parvati",Shaiva,Built into a wall,3,,22,3
1156,25.315905,83.018951,"Siva family,Siva","Shiva,Shiva family",Shaiva,Built into a wall,2,,18,3
1157,25.316009,83.018935,"Siva,Siva family","Shiva,Shiva family",Shaiva,Built into a wall,2,,28,3
1158,25.316038,83.018933,"Siva-Parvati,Siva","Shiva,Shiva-Parvati",Shaiva,Built into a wall,1,,31,3
1159,25.315982,83.018954,"Siva,Siva-Parvati","Shiva,Shiva-Parvati",Shaiva,Built into a wall,5,,25,3
1160,25.315988,83.018936,"Siva,Siva-Parvati","Shiva,Shiva-Parvati",Shaiva,Built into a wall,7,,26,3
1161,25.315904,83.018903,"Siva,Siva-Parvati","Shiva,Shiva-Parvati",Shaiva,Built into a wall,2,,22,3
1162,25.315932,83.018919,"Siva,Siva-Parvati,Ganesh","Ganesh,Shiva,Shiva-Parvati","Ganesh,Shaiva",Built into a wall,7,,23,3
1163,25.315972,83.018875,"Siva,Siva-Parvati,Ganesh","Ganesh,Shiva,Shiva-Parvati","Ganesh,Shaiva",Built into a wall,8,,29,3
1164,25.316013,83.018911,"Siva,Siva-Parvati","Shiva,Shiva-Parvati",Shaiva,Built into a wall,2,,30,3
1165,25.316011,83.018903,"Siva,Siva-Parvati","Shiva,Shiva-Parvati",Shaiva,Built into a wall,2,,30,3
1166,25.316007,83.018971,"Siva,Siva-Parvati,Siva family","Shiva,Shiva family,Shiva-Parvati",Shaiva,Built into a wall,3,U,26,3
1167,25.315991,83.019195,"Siva,Siva-Parvati","Shiva,Shiva-Parvati",Shaiva,Built into a wall,2,,10,3
1168,25.315826,83.018811,Siva,Shiva,Shaiva,Built into a wall,1,,21,3
1169,25.315765,83.018869,Siva,Shiva,Shaiva,Built into a wall,1,,12,3
1170,25.315687,83.01866,Devi,Devi,Goddess,Built into a wall,0,,20,3
1171,25.315727,83.018707,"Siva,Siva-Parvati","Shiva,Shiva-Parvati",Shaiva,Built into a wall,3,,20,3
1172,25.315679,83.018542,"Siva,Siva-Parvati","Shiva,Shiva-Parvati",Shaiva,Built into a wall,2,,26,3
1173,25.315656,83.018683,"Siva,Siva-Parvati","Shiva,Shiva-Parvati",Shaiva,Built into a wall,2,,15,3
1174,25.315719,83.018793,"Siva,Siva-Parvati","Shiva,Shiva-Parvati",Shaiva,Built into a wall,2,,13,3
1175,25.31564,83.01872,Siva,Shiva,Shaiva,Built into a wall,1,,12,3
1176,25.315585,83.018722,"Siva,Siva-Parvati","Shiva,Shiva-Parvati",Shaiva,Built into a wall,7,,7,3
1177,25.315527,83.018708,"Siva,Siva-Parvati,Siva family","Shiva,Shiva family,Shiva-Parvati",Shaiva,Built into a wall,6,,3,3
1178,25.315589,83.018942,"Siva,Siva-Parvati","Shiva,Shiva-Parvati",Shaiva,Built into a wall,2,,0,3
1179,25.315689,83.018793,"Siva,Siva-Parvati,Siva family","Shiva,Shiva family,Shiva-Parvati",Shaiva,Built into a wall,4,,11,3
1180,25.31549,83.018665,"Siva,Siva-Parvati,Siva family","Shiva,Shiva family,Shiva-Parvati",Shaiva,Built into a wall,5,,2,3
1181,25.315464,83.018588,"Siva,Siva-Parvati,Siva family","Shiva,Shiva family,Shiva-Parvati",Shaiva,Built into a wall,7,,5,3
1182,25.315526,83.018544,Siva-Parvati,Shiva-Parvati,Shaiva,Built into a wall,3,,13,3
1183,25.315423,83.018468,"Siva,Siva-Parvati","Shiva,Shiva-Parvati",Shaiva,Built into a wall,9,,9,3
1184,25.315387,83.018397,"Siva,Siva-Parvati","Shiva,Shiva-Parvati",Shaiva,Built into a wall,1,,10,3
1185,25.315368,83.018326,Hanuman,Hanuman,Hanuman,Built into a wall,1,,15,3
1186,25.315313,83.018478,"Siva,Siva-Parvati,Siva family","Shiva,Shiva family,Shiva-Parvati",Shaiva,Built into a wall,1,,0,3
1187,25.315279,83.01834,"Siva,Siva-Parvati","Shiva,Shiva-Parvati",Shaiva,Built into a wall,2,,11,3
1188,25.315276,83.018462,"Siva,Siva-Parvati","Shiva,Shiva-Parvati",Shaiva,Built into a wall,4,,0,3
1189,25.315305,83.018356,"Siva,Siva-Parvati","Shiva,Shiva-Parvati",Shaiva,Built into a wall,4,,10,3
1190,25.315241,83.018392,"Siva,Siva-Parvati,Siva family","Shiva,Shiva family,Shiva-Parvati",Shaiva,Built into a wall,6,,5,3
1191,25.315244,83.018479,"Siva,Siva-Parvati","Shiva,Shiva-Parvati",Shaiva,Built into a wall,23,,0,3
1192,25.315244,83.018343,"Siva,Siva-Parvati","Shiva,Shiva-Parvati",Shaiva,Built into a wall,3,,9,3
1193,25.315285,83.018403,"Siva,Siva-Parvati","Shiva,Shiva-Parvati",Shaiva,Built into a wall,2,,5,3
1194,25.31527,83.018362,"Siva,Siva-Parvati","Shiva,Shiva-Parvati",Shaiva,Built into a wall,3,,8,3
1195,25.315176,83.018383,Ganesh,Ganesh,Ganesh,"Built into a wall,Free-standing",2,,2,3
1196,25.315142,83.018356,"Siva,Siva-Parvati,Siva family","Shiva,Shiva family,Shiva-Parvati",Shaiva,Built into a wall,2,,1,3
1197,25.315153,83.018258,"Siva,Siva-Parvati,Siva family","Shiva,Shiva family,Shiva-Parvati",Shaiva,Built into a wall,5,,9,3
1198,25.315072,83.018302,"Siva,Siva-Parvati,Hanuman","Hanuman,Shiva,Shiva-Parvati","Hanuman,Shaiva",Built into a wall,5,,0,3
1199,25.315134,83.018265,"Siva,Siva-Parvati","Shiva,Shiva-Parvati",Shaiva,Built into a wall,1,,7,3
1200,25.315138,83.018436,"__ Maa,Devi","Devi,Local Maa",Goddess,Built into a wall,1,,0,3
1201,25.315165,83.018313,"Siva,Siva-Parvati","Shiva,Shiva-Parvati",Shaiva,Built into a wall,4,,6,3
1202,25.315203,83.018238,"Siva,Siva-Parvati,Siva family","Shiva,Shiva family,Shiva-Parvati",Shaiva,Built into a wall,4,,14,3
1203,25.315131,83.018222,"Siva,Siva-Parvati","Shiva,Shiva-Parvati",Shaiva,Built into a wall,2,,9,3
1204,25.315141,83.018239,"Siva,Siva-Parvati","Shiva,Shiva-Parvati",Shaiva,Built into a wall,2,,9,3
1205,25.315149,83.018173,"Siva,Siva-Parvati","Shiva,Shiva-Parvati",Shaiva,Built into a wall,2,,14,3
1206,25.314954,83.018145,"__ Maa,Devi","Devi,Local Maa",Goddess,Built into a wall,1,,0,3
1207,25.315084,83.018122,"Siva,Siva-Parvati","Shiva,Shiva-Parvati",Shaiva,Built into a wall,3,,12,3
1208,25.315177,83.018145,"Siva,Siva-Parvati","Shiva,Shiva-Parvati",Shaiva,Built into a wall,1,,18,3
1209,25.315041,83.018078,"Siva,Siva-Parvati,Siva family","Shiva,Shiva family,Shiva-Parvati",Shaiva,Built into a wall,25,,9,3
1210,25.31497,83.018007,"Siva,Siva-Parvati,Siva family","Shiva,Shiva family,Shiva-Parvati",Shaiva,Built into a wall,7,,4,3
1211,25.315349,83.018202,"RAMA,Rama-Sita,Rama family",Rama,Vaishnava,Built into a wall,4,Shri math Rama temple,26,3
1212,25.333416,82.999676,Siva,Shiva,Shaiva,"Free-standing,Tree-temple",1,,181,0
1213,25.330815,83.002395,"Other,Siva","Other,Shiva","Other,Shaiva","Free-standing,Tree-temple,Temple complex",3,,482,0
1214,25.330153,83.003207,Siva,Shiva,Shaiva,Tree,1,,584,0
1215,25.329268,82.999848,Siva,Shiva,Shaiva,Free-standing,1,,372,0
1216,25.329072,83.000565,Hanuman,Hanuman,Hanuman,Free-standing,1,,434,0
1217,25.326907,83.000733,"Siva,Hanuman","Hanuman,Shiva","Hanuman,Shaiva",Free-standing,2,,642,0
1218,25.327805,83.001548,"Siva,Other","Other,Shiva","Other,Shaiva","Free-standing,Tree,Temple complex",4,,605,0
1219,25.329317,83.001464,Siva,Shiva,Shaiva,Free-standing,1,,480,0
1220,25.329307,83.001448,Other,Other,Other,Tree-temple,1,,480,0
1221,25.329401,83.001228,"Other,Hanuman","Hanuman,Other","Hanuman,Other",Free-standing,3,,456,0
1222,25.329076,83.004426,Siva,Shiva,Shaiva,Free-standing,1,,538,0
1223,25.331223,83.002899,"Siva,Other","Other,Shiva","Other,Shaiva",Built into a wall,2,,518,0
1224,25.333932,83.001039,"Siva,Other","Other,Shiva","Other,Shaiva",Free-standing,2,,330,0
1225,25.333766,83.003284,"Hanuman,Siva,Ganesh","Ganesh,Hanuman,Shiva","Ganesh,Hanuman,Shaiva",Free-standing,4,,544,0
1226,25.334258,83.003278,"Other,Siva","Other,Shiva","Other,Shaiva",Free-standing,2,,556,0
1227,25.326942,83.004832,Hanuman,Hanuman,Hanuman,Built into a wall,1,,367,0
1228,25.326626,83.004197,Rama family,Rama,Vaishnava,Tree,1,,415,0
1229,25.326752,83.00469,Siva family,Shiva family,Shaiva,Tree,3,,372,0
1230,25.326819,83.004692,Siva,Shiva,Shaiva,Free-standing,1,,375,0
1231,25.326825,83.005045,Siva,Shiva,Shaiva,Free-standing,1,,342,0
1232,25.327067,83.006003,"Siva,Hanuman","Hanuman,Shiva","Hanuman,Shaiva",Tree-temple,3,,271,0
1233,25.326992,83.00746,"Hanuman,Siva","Hanuman,Shiva","Hanuman,Shaiva",Free-standing,2,,170,0
1234,25.326398,83.009103,Siva,Shiva,Shaiva,Free-standing,5,,100,0
1235,25.325748,83.010878,Hanuman,Hanuman,Hanuman,Built into a wall,1,,226,0
1236,25.326833,83.011149,Siva,Shiva,Shaiva,Free-standing,1,,287,3
1237,25.327173,83.011771,Hanuman,Hanuman,Hanuman,Tree-temple,1,,360,3
1238,25.327138,83.011771,Siva,Shiva,Shaiva,Free-standing,1,,358,3
1239,25.32711,83.011763,Siva,Shiva,Shaiva,Free-standing,4,,356,3
1240,25.327075,83.01172,Devi,Devi,Goddess,Free-standing,2,,350,3
1241,25.327086,83.01173,Hanuman,Hanuman,Hanuman,Free-standing,1,,352,3
1242,25.327086,83.011712,Siva family,Shiva family,Shaiva,Free-standing,4,,350,3
1243,25.327064,83.011706,"Siva,Other","Other,Shiva","Other,Shaiva",Free-standing,3,,349,3
1244,25.327058,83.011726,Siva,Shiva,Shaiva,Free-standing,1,,350,3
1245,25.327069,83.011648,"Siva,Other","Other,Shiva","Other,Shaiva",Free-standing,4,,344,3
1246,25.327031,83.011797,Siva,Shiva,Shaiva,Tree-temple,1,,355,3
1247,25.327221,83.01248,Hanuman,Hanuman,Hanuman,Free-standing,1,,426,0
1248,25.326512,83.012504,"Siva,Other,Hanuman,Ganesh","Ganesh,Hanuman,Other,Shiva","Ganesh,Hanuman,Other,Shaiva","Free-standing,Tree-temple,Temple complex",8,,402,2
1249,25.325552,83.012519,Siva,Shiva,Shaiva,Built into a wall,2,,391,0
1250,25.310734,82.979778,Hanuman,Hanuman,Hanuman,Free-standing,1,,104,0
1251,25.312903,82.977577,"Siva,Other","Other,Shiva","Other,Shaiva",Free-standing,2,,70,0
1252,25.312781,82.976619,Siva,Shiva,Shaiva,Free-standing,1,,26,0
1253,25.312872,82.976881,"Siva,Hanuman","Hanuman,Shiva","Hanuman,Shaiva",Free-standing,2,,54,0
1254,25.311755,82.97678,Siva,Shiva,Shaiva,Free-standing,1,,64,0
1255,25.310876,82.976539,Siva,Shiva,Shaiva,"Tree,Built-around",1,,143,0
1256,25.310475,82.974972,"Siva family,Hanuman,Ganesh","Ganesh,Hanuman,Shiva family","Ganesh,Hanuman,Shaiva",Free-standing,5,,155,0
1257,25.310097,82.976369,Siva family,Shiva family,Shaiva,Free-standing,3,,212,0
1258,25.310478,82.977759,"Hanuman,Devi","Devi,Hanuman","Goddess,Hanuman","Free-standing,Tree-temple",3,,236,0
1259,25.308367,82.979131,Hanuman,Hanuman,Hanuman,Built-around,1,,335,0
1260,25.307619,82.980167,Siva,Shiva,Shaiva,"Free-standing,Tree-temple",2,,349,0
1261,25.307277,82.980782,"Siva,Hanuman","Hanuman,Shiva","Hanuman,Shaiva",Free-standing,2,,369,0
1262,25.326071,82.994532,"Siva,gramadevata,Hanuman","Hanuman,Shiva,Village deity","Folk,Hanuman,Shaiva","Tree,Tree-temple",8,,405,0
1263,25.324025,82.99476,"Siva,Hanuman","Hanuman,Shiva","Hanuman,Shaiva",Built into a wall,2,,179,0
1264,25.323863,82.998197,Hanuman,Hanuman,Hanuman,"Free-standing,Tree",1,,233,0
1265,25.323891,82.998159,Siva,Shiva,Shaiva,"Tree,Tree-temple",1,,233,0
1266,25.323624,82.998227,Hanuman,Hanuman,Hanuman,"Free-standing,Tree",1,,217,0
1267,25.316962,83.014999,"Siva,Siva-Parvati,Siva family","Shiva,Shiva family,Shiva-Parvati",Shaiva,Built into a wall,2,,299,3
1268,25.317804,83.012509,__ Bir Baabaa,Bir Baba,Folk,Free-standing,1,Narva vir baba,239,0
1269,25.317418,83.014774,"Siva-Parvati,Siva family","Shiva family,Shiva-Parvati",Shaiva,Tree-temple,0,,245,3
1270,25.317733,83.01502,Siva-Parvati,Shiva-Parvati,Shaiva,Built into a wall,1,,216,3
1271,25.317845,83.015415,"Siva,Siva-Parvati","Shiva,Shiva-Parvati",Shaiva,Built into a wall,2,,216,3
1272,25.317853,83.015394,Hanuman,Hanuman,Hanuman,Built into a wall,1,Bal rup hanuman mandir,214,3
1273,25.318001,83.015375,"Siva,Siva-Parvati","Shiva,Shiva-Parvati",Shaiva,Built into a wall,4,,198,3
1274,25.317924,83.015495,"__ Maa,Devi","Devi,Local Maa",Goddess,Built into a wall,2,,211,3
1275,25.317872,83.015803,"Siva,Siva-Parvati","Shiva,Shiva-Parvati",Shaiva,Built into a wall,2,,230,3
1276,25.318156,83.01603,Ganesh,Ganesh,Ganesh,Built into a wall,1,,218,3
1277,25.318143,83.016014,Hanuman,Hanuman,Hanuman,Built into a wall,1,,218,3
1278,25.318044,83.016038,"Siva,Siva-Parvati","Shiva,Shiva-Parvati",Shaiva,Built into a wall,1,,228,3
1279,25.317829,83.016062,Hanuman,Hanuman,Hanuman,Built into a wall,1,,249,3
1280,25.317907,83.016079,"Siva,Siva-Parvati","Shiva,Shiva-Parvati",Shaiva,Free-standing,1,,243,3
1281,25.317852,83.015972,"Siva,Siva-Parvati","Shiva,Shiva-Parvati",Shaiva,Temple complex,1,,242,3
1282,25.31776,83.016039,"Siva,Siva-Parvati","Shiva,Shiva-Parvati",Shaiva,Temple complex,1,,254,3
1283,25.317749,83.015944,"RAMA,Rama-Sita,Rama family",Rama,Vaishnava,Free-standing,4,,250,3
1284,25.318004,83.015954,Hanuman,Hanuman,Hanuman,"Built into a wall,Free-standing",2,,227,3
1285,25.317648,83.015974,"Siva,Siva-Parvati","Shiva,Shiva-Parvati",Shaiva,Built into a wall,2,,261,3
1286,25.31764,83.015757,Ganesh,Ganesh,Ganesh,Built into a wall,1,,251,3
1287,25.317559,83.015659,Sitla Maa,Sitala Maa,Goddess,Built into a wall,2,,254,3
1288,25.317494,83.016037,"Siva,Siva-Parvati","Shiva,Shiva-Parvati",Shaiva,Built into a wall,2,,279,3
1289,25.317477,83.016018,"Siva,Siva-Parvati","Shiva,Shiva-Parvati",Shaiva,Built into a wall,1,,279,3
1290,25.317514,83.016012,"Siva-Parvati,Siva","Shiva,Shiva-Parvati",Shaiva,Built into a wall,1,,275,3
1291,25.31739,83.015902,"Siva,Siva-Parvati","Shiva,Shiva-Parvati",Shaiva,Built into a wall,1,,282,3
1292,25.317675,83.016012,"Siva,Siva-Parvati","Shiva,Shiva-Parvati",Shaiva,Built into a wall,1,,260,3
1293,25.317745,83.015933,Siva,Shiva,Shaiva,Temple complex,1,,249,3
1294,25.317712,83.015946,"Siva,Siva-Parvati","Shiva,Shiva-Parvati",Shaiva,Built into a wall,1,,253,3
1295,25.317713,83.016067,"Siva,Siva-Parvati","Shiva,Shiva-Parvati",Shaiva,Temple complex,1,,260,3
1296,25.31764,83.016022,"Siva,Siva-Parvati","Shiva,Shiva-Parvati",Shaiva,Built into a wall,1,,264,3
1297,25.317474,83.016081,"Siva,Siva-Parvati","Shiva,Shiva-Parvati",Shaiva,Built into a wall,1,,283,3
1298,25.31753,83.016075,"Siva,Siva-Parvati","Shiva,Shiva-Parvati",Shaiva,Free-standing,1,,277,3
1299,25.317516,83.016101,"Siva,Siva-Parvati","Shiva,Shiva-Parvati",Shaiva,Built into a wall,1,,280,3
1300,25.317468,83.016219,"Siva,Siva-Parvati","Shiva,Shiva-Parvati",Shaiva,Free-standing,2,Nawgraheshwar mahadev,291,3
1301,25.317512,83.016271,"Siva,Siva-Parvati","Shiva,Shiva-Parvati",Shaiva,Built into a wall,5,Shri dandpani bhairaw Ji maharaj,290,3
1302,25.317717,83.016108,"Siva,Siva-Parvati","Shiva,Shiva-Parvati",Shaiva,Built into a wall,1,,262,3
1303,25.317507,83.016254,"Siva,Siva-Parvati","Shiva,Shiva-Parvati",Shaiva,Built into a wall,1,,289,3
1304,25.317243,83.016389,"Siva,Siva-Parvati,Siva family","Shiva,Shiva family,Shiva-Parvati",Shaiva,Free-standing,4,,299,3
1305,25.317021,83.016224,Hanuman,Hanuman,Hanuman,Built into a wall,1,,288,3
1306,25.315891,83.01643,"Siva,Siva-Parvati","Shiva,Shiva-Parvati",Shaiva,Built into a wall,1,,171,3
1307,25.315796,83.016368,"Siva,Siva-Parvati","Shiva,Shiva-Parvati",Shaiva,Free-standing,2,,166,3
1308,25.315818,83.016127,"Siva,Siva-Parvati","Shiva,Shiva-Parvati",Shaiva,Free-standing,3,,183,3
1309,25.315704,83.018924,"Siva,Siva-Parvati","Shiva,Shiva-Parvati",Shaiva,Built into a wall,1,,4,3
1310,25.315411,83.018509,Hanuman,Hanuman,Hanuman,Built into a wall,1,,5,3
1311,25.315438,83.018373,"Siva,Siva-Parvati,Siva family","Shiva,Shiva family,Shiva-Parvati",Shaiva,Built into a wall,5,,16,3
1312,25.315429,83.018279,"Siva,Siva-Parvati","Shiva,Shiva-Parvati",Shaiva,Tree-temple,1,,22,3
1313,25.315556,83.018313,"Siva,Siva-Parvati","Shiva,Shiva-Parvati",Shaiva,Built into a wall,1,,30,3
1314,25.315424,83.018387,"Siva,Ganesh,Hanuman","Ganesh,Hanuman,Shiva","Ganesh,Hanuman,Shaiva",Temple complex,3,,14,3
1315,25.315367,83.018344,"Siva,Siva-Parvati","Shiva,Shiva-Parvati",Shaiva,Temple complex,2,,13,3
1316,25.315477,83.018347,"Siva,Siva-Parvati","Shiva,Shiva-Parvati",Shaiva,Built into a wall,3,,21,3
1317,25.315545,83.018314,"Siva,Siva-Parvati","Shiva,Shiva-Parvati",Shaiva,Temple complex,1,,29,3
1318,25.315638,83.018247,Siva,Shiva,Shaiva,Temple complex,1,,41,3
1319,25.301489,83.010294,"Siva,Siva family","Shiva,Shiva family",Shaiva,Built into a wall,4,,0,0
1320,25.31557,83.018389,"Siva,Siva-Parvati","Shiva,Shiva-Parvati",Shaiva,Built into a wall,5,,27,3
1321,25.315547,83.018451,"Siva,Siva-Parvati","Shiva,Shiva-Parvati",Shaiva,Built into a wall,4,,21,3
1322,25.31531,83.018542,"Siva,Siva-Parvati","Shiva,Shiva-Parvati",Shaiva,Built into a wall,5,,0,3
1323,25.315385,83.018553,"Siva,Siva-Parvati","Shiva,Shiva-Parvati",Shaiva,Built into a wall,6,,0,3
1324,25.315382,83.018511,"Siva,Siva-Parvati","Shiva,Shiva-Parvati",Shaiva,Built into a wall,3,,3,3
1325,25.315359,83.018488,"Siva,Siva-Parvati","Shiva,Shiva-Parvati",Shaiva,Built into a wall,4,,2,3
1326,25.315302,83.018446,"Siva,Siva-Parvati","Shiva,Shiva-Parvati",Shaiva,"Built into a wall,Tree",2,,1,3
1327,25.315305,83.018449,"Siva,Siva-Parvati","Shiva,Shiva-Parvati",Shaiva,Built into a wall,4,,1,3
1328,25.315359,83.018315,"Siva,Siva-Parvati,Siva family","Shiva,Shiva family,Shiva-Parvati",Shaiva,Built into a wall,3,,16,3
1329,25.315262,83.018485,"Siva,Siva-Parvati","Shiva,Shiva-Parvati",Shaiva,Built into a wall,2,,0,3
1330,25.315282,83.01843,"Siva,Siva-Parvati","Shiva,Shiva-Parvati",Shaiva,Built into a wall,4,,2,3
1331,25.315082,83.018444,"Siva,Siva-Parvati","Shiva,Shiva-Parvati",Shaiva,Built into a wall,2,,0,3
1332,25.315088,83.018434,Siva,Shiva,Shaiva,Built into a wall,1,,0,3
1333,25.315066,83.018326,Siva,Shiva,Shaiva,Built into a wall,5,,0,3
1334,25.315113,83.018219,"Siva,Siva-Parvati","Shiva,Shiva-Parvati",Shaiva,Built into a wall,7,,8,3
1335,25.315049,83.01816,Ganesh,Ganesh,Ganesh,Built into a wall,2,,7,3
1336,25.314997,83.01815,"Siva,Siva-Parvati","Shiva,Shiva-Parvati",Shaiva,Built into a wall,4,,2,3
1337,25.315005,83.018068,"Siva,Siva-Parvati","Shiva,Shiva-Parvati",Shaiva,Built into a wall,4,,5,3
1338,25.315018,83.018015,Siva,Shiva,Shaiva,Built into a wall,5,,8,3
1339,25.314976,83.017947,"Siva,Siva-Parvati","Shiva,Shiva-Parvati",Shaiva,Built into a wall,2,,6,3
1340,25.314968,83.01793,"Siva,Siva-Parvati","Shiva,Shiva-Parvati",Shaiva,Built into a wall,2,,6,3
1341,25.31497,83.017966,"Siva,Siva-Parvati","Shiva,Shiva-Parvati",Shaiva,Built into a wall,4,,5,3
1342,25.314935,83.017955,Siva,Shiva,Shaiva,Built into a wall,1,,2,3
1343,25.315009,83.017823,"Siva,Siva-Parvati","Shiva,Shiva-Parvati",Shaiva,Built into a wall,4,,14,3
1344,25.314925,83.017916,"Siva,Siva-Parvati","Shiva,Shiva-Parvati",Shaiva,Built into a wall,1,,2,3
1345,25.314956,83.017902,"Siva,Siva-Parvati","Shiva,Shiva-Parvati",Shaiva,Built into a wall,6,,6,3
1346,25.314911,83.017838,"Siva,Siva-Parvati","Shiva,Shiva-Parvati",Shaiva,Built into a wall,7,,4,3
1347,25.314933,83.017797,"Siva,Siva-Parvati","Shiva,Shiva-Parvati",Shaiva,Built into a wall,2,,8,3
1348,25.31491,83.017981,"Siva,Siva-Parvati","Shiva,Shiva-Parvati",Shaiva,Built into a wall,6,,0,3
1349,25.315066,83.018151,"Siva,Siva-Parvati,Siva family","Shiva,Shiva family,Shiva-Parvati",Shaiva,Built into a wall,6,,9,3
1350,25.315245,83.018336,"Siva,Siva-Parvati","Shiva,Shiva-Parvati",Shaiva,Built into a wall,2,,10,3
1351,25.31518,83.018332,"Siva,Siva-Parvati","Shiva,Shiva-Parvati",Shaiva,Built into a wall,2,,6,3
1352,25.315162,83.018291,"Siva,Siva-Parvati","Shiva,Shiva-Parvati",Shaiva,Built into a wall,6,,7,3
1353,25.315316,83.018218,"Siva,Siva-Parvati","Shiva,Shiva-Parvati",Shaiva,Built into a wall,10,,24,3
1354,25.315221,83.018218,"Siva,Siva-Parvati","Shiva,Shiva-Parvati",Shaiva,Built into a wall,1,,17,3
1355,25.315169,83.018293,"Siva,Siva-Parvati","Shiva,Shiva-Parvati",Shaiva,Built into a wall,3,,8,3
1356,25.315336,83.018462,Siva,Shiva,Shaiva,Built into a wall,1,,2,3
1357,25.315085,83.014475,Hanuman,Hanuman,Hanuman,Built into a wall,5,,274,3
1358,25.318493,83.016391,"Siva,Siva-Parvati","Shiva,Shiva-Parvati",Shaiva,Built into a wall,2,,220,3
1359,25.31842,83.016703,Hanuman,Hanuman,Hanuman,Built into a wall,1,,250,3
1360,25.318778,83.01765,"Siva-Parvati,Siva","Shiva,Shiva-Parvati",Shaiva,Free-standing,3,,320,3
1361,25.318855,83.017641,Krishna,Krishna,Vaishnava,Free-standing,1,,317,3
1362,25.3188,83.017622,Krishna,Krishna,Vaishnava,Temple complex,1,Shri Krishna vishram sathali,317,3
1363,25.315528,83.021461,"Siva,Siva-Parvati","Shiva,Shiva-Parvati",Shaiva,Built into a wall,2,,0,0
1364,25.318888,83.017889,"Siva,Siva-Parvati","Shiva,Shiva-Parvati",Shaiva,"Built into a wall,Free-standing",1,,336,3
1365,25.318846,83.018402,Ganesh,Ganesh,Ganesh,Built into a wall,1,,293,3
1366,25.318839,83.018446,Hanuman,Hanuman,Hanuman,Built into a wall,1,,289,3
1367,25.318861,83.018801,Ganesh,Ganesh,Ganesh,Built into a wall,1,,265,3
1368,25.319297,83.01947,"Siva,Siva-Parvati,Siva family","Shiva,Shiva family,Shiva-Parvati",Shaiva,Free-standing,3,,197,3
1369,25.31903,83.020485,"Siva,Siva-Parvati","Shiva,Shiva-Parvati",Shaiva,Free-standing,2,,162,3
1370,25.317285,83.021911,__ Bir Baabaa,Bir Baba,Folk,Built into a wall,1,Shri bale bir baba,0,0
1371,25.319275,83.022277,Hanuman,Hanuman,Hanuman,"Free-standing,Built into a wall",1,,113,3
1372,25.319548,83.022332,"Siva,Siva-Parvati","Shiva,Shiva-Parvati",Shaiva,Built into a wall,1,,136,3
1373,25.319639,83.022304,Krishna,Krishna,Vaishnava,Built into a wall,1,,129,3
1374,25.31945,83.023158,"Siva,Siva-Parvati","Shiva,Shiva-Parvati",Shaiva,Free-standing,1,,85,3
1375,25.319509,83.023226,"Siva,Siva-Parvati","Shiva,Shiva-Parvati",Shaiva,Free-standing,1,Chandaneshwar mahadev,87,3
1376,25.319094,83.023309,Other,Other,Other,Built into a wall,1,,43,3
1377,25.319103,83.023362,"Siva,Siva-Parvati,Other","Other,Shiva,Shiva-Parvati","Other,Shaiva",Built into a wall,6,,42,3
1378,25.318966,83.023334,"Siva,Siva-Parvati","Shiva,Shiva-Parvati",Shaiva,Built into a wall,1,,30,3
1379,25.318768,83.023489,"Siva,Siva-Parvati,Siva family","Shiva,Shiva family,Shiva-Parvati",Shaiva,Built into a wall,6,Mankameshwar and takeshwar mahadev,3,3
1380,25.318845,83.023591,"Siva,Siva-Parvati,Siva family","Shiva,Shiva family,Shiva-Parvati",Shaiva,Free-standing,3,Hrinyagarbheshwar mahadev,6,3
1381,25.318188,83.022345,"Siva,Siva family","Shiva,Shiva family",Shaiva,Free-standing,16,,8,3
1382,25.316938,83.020451,Siva-Parvati,Shiva-Parvati,Shaiva,Built into a wall,2,,9,3
1383,25.316703,83.020261,Hanuman,Hanuman,Hanuman,Built into a wall,1,,13,3
1384,25.316712,83.020386,Siva,Shiva,Shaiva,Built into a wall,1,,2,3
1385,25.316637,83.020365,"Siva,Siva-Parvati","Shiva,Shiva-Parvati",Shaiva,Built into a wall,2,,0,3
1386,25.316677,83.020354,"Siva,Siva-Parvati,Siva family","Shiva,Shiva family,Shiva-Parvati",Shaiva,Built into a wall,5,,3,3
1387,25.316822,83.020379,"Siva,Siva-Parvati,Siva family","Shiva,Shiva family,Shiva-Parvati",Shaiva,Built into a wall,3,,9,3
1388,25.316855,83.020351,Other,Other,Other,Built into a wall,1,,13,3
1389,25.316809,83.020347,"Siva,Siva-Parvati","Shiva,Shiva-Parvati",Shaiva,Built into a wall,2,,11,3
1390,25.316911,83.020338,"Siva,Siva-Parvati","Shiva,Shiva-Parvati",Shaiva,Built into a wall,2,,17,3
1391,25.316854,83.020351,Hanuman,Hanuman,Hanuman,Built into a wall,1,,13,3
1392,25.316878,83.020299,Siva,Shiva,Shaiva,Built into a wall,1,,19,3
1393,25.316827,83.020343,Siva,Shiva,Shaiva,Built into a wall,1,,12,3
1394,25.316811,83.020267,Siva,Shiva,Shaiva,Built into a wall,1,,18,3
1395,25.316842,83.020191,Siva,Shiva,Shaiva,Built into a wall,1,,26,3
1396,25.316849,83.020263,Siva,Shiva,Shaiva,Built into a wall,1,,21,3
1397,25.316899,83.020245,Siva,Shiva,Shaiva,Built into a wall,1,,25,3
1398,25.316898,83.020219,"Siva,Siva-Parvati","Shiva,Shiva-Parvati",Shaiva,Built into a wall,2,,27,3
1399,25.316811,83.020328,Siva,Shiva,Shaiva,Built into a wall,1,,13,3
1400,25.316814,83.020322,Siva-Parvati,Shiva-Parvati,Shaiva,Free-standing,2,,14,3
1401,25.316824,83.020342,"Siva,Siva-Parvati","Shiva,Shiva-Parvati",Shaiva,Free-standing,3,,12,3
1402,25.316941,83.020192,"Siva,Siva-Parvati","Shiva,Shiva-Parvati",Shaiva,Built into a wall,4,,32,3
1403,25.316984,83.020291,"Siva,Siva-Parvati,Siva family","Shiva,Shiva family,Shiva-Parvati",Shaiva,Built into a wall,5,,26,3
1404,25.317041,83.019911,"Siva,Siva-Parvati,Siva family","Shiva,Shiva family,Shiva-Parvati",Shaiva,Built into a wall,3,,62,3
1405,25.317041,83.019762,Siva,Shiva,Shaiva,Built into a wall,1,,75,3
1406,25.31704,83.019861,Ganesh,Ganesh,Ganesh,Built into a wall,1,,66,3
1407,25.316951,83.020005,"Siva,Siva-Parvati","Shiva,Shiva-Parvati",Shaiva,Built into a wall,2,,49,3
1408,25.317002,83.020234,Hanuman,Hanuman,Hanuman,Free-standing,1,,32,3
1409,25.317054,83.020264,Siva,Shiva,Shaiva,Built into a wall,1,,32,3
1410,25.317113,83.020056,Siva,Shiva,Shaiva,Built into a wall,1,,53,3
1411,25.317126,83.019952,__ Bir Baabaa,Bir Baba,Folk,Temple complex,1,,63,3
1412,25.317063,83.019973,"Siva-Parvati,Siva,Hanuman","Hanuman,Shiva,Shiva-Parvati","Hanuman,Shaiva",Free-standing,5,,58,3
1413,25.316799,83.019866,"Siva,Siva-Parvati,Hanuman","Hanuman,Shiva,Shiva-Parvati","Hanuman,Shaiva",Free-standing,4,,50,3
1414,25.316859,83.019589,"Hanuman,Siva-Parvati","Hanuman,Shiva-Parvati","Hanuman,Shaiva",Free-standing,3,,73,3
1415,25.316831,83.01936,"Siva,Hanuman","Hanuman,Shiva","Hanuman,Shaiva",Built into a wall,1,,81,3
1416,25.31693,83.019423,Hanuman,Hanuman,Hanuman,Built into a wall,2,,87,3
1417,25.317107,83.0201,"Siva,Siva-Parvati","Shiva,Shiva-Parvati",Shaiva,Built into a wall,2,,49,3
1418,25.317212,83.019768,"__ Maa,Devi","Devi,Local Maa",Goddess,Built into a wall,1,,84,3
1419,25.317633,83.019657,"__ Maa,Devi","Devi,Local Maa",Goddess,Built into a wall,1,,111,3
1420,25.315231,83.022074,"Siva,Siva-Parvati","Shiva,Shiva-Parvati",Shaiva,Free-standing,2,Dhandhanyeshwar,0,0
1421,25.317686,83.018636,"RAMA,Rama-Sita",Rama,Vaishnava,Built into a wall,2,,198,3
1422,25.317764,83.018398,"Siva,Siva-Parvati","Shiva,Shiva-Parvati",Shaiva,,1,,218,3
1423,25.317522,83.016528,"Siva,Ganesh","Ganesh,Shiva","Ganesh,Shaiva",Built into a wall,2,,304,3
1424,25.317075,83.016071,"Siva,Siva-Parvati","Shiva,Shiva-Parvati",Shaiva,Free-standing,2,Kalmardaneshwar mahadev,302,3
1425,25.317156,83.016036,"Siva,Siva family","Shiva,Shiva family",Shaiva,Free-standing,1,,311,3
1426,25.317219,83.015975,"Devi,__ Maa","Devi,Local Maa",Goddess,Built into a wall,1,,302,3
1427,25.317546,83.016282,"RAMA,Rama-Sita",Rama,Vaishnava,Built into a wall,5,Ram mandir,287,3
1428,25.318358,83.017208,Hanuman,Hanuman,Hanuman,Built into a wall,1,,297,3
1429,25.317599,83.016041,Siva,Shiva,Shaiva,Built into a wall,1,,269,3
1430,25.320627,83.006663,Siva,Shiva,Shaiva,Built into a wall,3,,509,0
1431,25.319993,83.005795,"Siva,Hanuman,Ganesh","Ganesh,Hanuman,Shiva","Ganesh,Hanuman,Shaiva","Free-standing,Tree,Tree-temple,Temple complex",25,,497,0
1432,25.319789,83.005674,Siva,Shiva,Shaiva,Free-standing,2,,474,0
1433,25.320087,83.004541,"Siva,Ganesh","Ganesh,Shiva","Ganesh,Shaiva",Built into a wall,2,,520,0
1434,25.318781,83.003407,"Siva,Devi","Devi,Shiva","Goddess,Shaiva",Free-standing,7,,416,0
1435,25.318799,83.00354,Siva,Shiva,Shaiva,Free-standing,1,,412,0
1436,25.317855,83.002901,Other,Other,Other,Tree,1,,358,0
1437,25.31767,83.003056,"Siva,Hanuman","Hanuman,Shiva","Hanuman,Shaiva",Free-standing,3,,332,0
1438,25.317766,83.002745,Other,Other,Other,Built into a wall,1,,361,0
1439,25.317495,83.00263,"Siva,Hanuman","Hanuman,Shiva","Hanuman,Shaiva",Free-standing,5,,348,0
1440,25.319521,83.001005,Siva,Shiva,Shaiva,Built into a wall,1,,326,0
1441,25.320147,83.001407,"Siva,Hanuman","Hanuman,Shiva","Hanuman,Shaiva",Tree-temple,3,,405,0
1442,25.320859,83.000566,"Siva-Parvati,Hanuman","Hanuman,Shiva-Parvati","Hanuman,Shaiva","Tree-temple,Temple complex",10,,405,0
1443,25.320056,83.002613,"Siva,Hanuman,Other","Hanuman,Other,Shiva","Hanuman,Other,Shaiva",Free-standing,4,,484,0
1444,25.321238,83.002397,"Siva,Devi,Other","Devi,Other,Shiva","Goddess,Other,Shaiva",Built into a wall,3,,562,0
1445,25.321572,83.002747,"Siva,Krishna,Hanuman,Ganesh","Ganesh,Hanuman,Krishna,Shiva","Ganesh,Hanuman,Shaiva,Vaishnava",Free-standing,5,,613,0
1446,25.320938,83.003132,Hanuman,Hanuman,Hanuman,Built into a wall,1,,588,0
1447,25.320806,83.002954,"Siva,Hanuman","Hanuman,Shiva","Hanuman,Shaiva",Built into a wall,3,,565,0
1448,25.322475,83.001189,Siva,Shiva,Shaiva,Tree-temple,3,,461,0
1449,25.322469,83.00117,"Siva,Sitla Maa,Devi,Other","Devi,Other,Shiva,Sitala Maa","Goddess,Other,Shaiva",Temple complex,8,,459,0
1450,25.302983,83.002387,"Siva,__ Bir Baabaa,Hanuman,Devi","Bir Baba,Devi,Hanuman,Shiva","Folk,Goddess,Hanuman,Shaiva",Free-standing,6,Daityaraabir baabaa praciin,569,0
1451,25.302892,83.003151,"Siva,Siva-Parvati,Siva family,Krishna,RAMA,Rama-Sita,__ Bir Baabaa,Hanuman,Ganesh,Devi","Bir Baba,Devi,Ganesh,Hanuman,Krishna,Rama,Shiva,Shiva family,Shiva-Parvati","Folk,Ganesh,Goddess,Hanuman,Shaiva,Vaishnava","Free-standing,Tree",50,Tillabandheshvar,492,0
1452,25.30572,82.998592,Siva,Shiva,Shaiva,,0,Laal ku.ti Mandir va vyaayaam shaalaa,411,0
1453,25.315116,83.013991,"Siva,Siva-Parvati","Shiva,Shiva-Parvati",Shaiva,Temple complex,1,Nageshwar mahadev,319,3
1454,25.316267,83.013972,"Siva,Krishna","Krishna,Shiva","Shaiva,Vaishnava",Temple complex,2,,359,3
1455,25.316207,83.013904,Siva,Shiva,Shaiva,Free-standing,2,Rameshwar mahadev,366,3
1456,25.316319,83.013921,Siva,Shiva,Shaiva,Temple complex,1,Dhushmeshwar mahadev,354,3
1457,25.316277,83.014007,Siva,Shiva,Shaiva,Temple complex,1,Vaidyanath mahadev,358,3
1458,25.316356,83.013937,Siva,Shiva,Shaiva,Temple complex,2,Somnath mahadev,350,3
1459,25.316332,83.013979,Siva,Shiva,Shaiva,Temple complex,1,Bhimeshwar mahadev,352,3
1460,25.316343,83.013922,Siva,Shiva,Shaiva,Temple complex,2,,351,3
1461,25.316328,83.01395,Siva,Shiva,Shaiva,Temple complex,1,,353,3
1462,25.316337,83.013974,Siva,Shiva,Shaiva,Temple complex,2,Nageshwar mahadev,352,3
1463,25.316314,83.014032,"Devi,__ Maa","Devi,Local Maa",Goddess,Built into a wall,1,,354,3
1464,25.316338,83.014043,Siva,Shiva,Shaiva,Temple complex,1,Kedarnath mahadev,352,3
1465,25.316319,83.013943,Siva,Shiva,Shaiva,Temple complex,1,Omkateshwar mahadev,354,3
1466,25.316285,83.01392,Hanuman,Hanuman,Hanuman,Temple complex,1,Shri bal hanuman,358,3
1467,25.316257,83.014016,Siva,Shiva,Shaiva,Temple complex,1,Tryambkeshwar mahadev,361,3
1468,25.316319,83.013964,Siva,Shiva,Shaiva,Temple complex,1,Malikarjun,354,3
1469,25.31623,83.013863,Siva,Shiva,Shaiva,Temple complex,1,Vishweshwar mahadev,364,3
1470,25.316249,83.013961,Siva,Shiva,Shaiva,Temple complex,1,,362,3
1471,25.315018,83.014442,Devi,Devi,Goddess,Free-standing,1,,273,3
1472,25.316741,83.014056,Ganesh,Ganesh,Ganesh,"Temple complex,Tree-temple",1,,307,3
1473,25.316741,83.014056,"Siva,Siva-Parvati","Shiva,Shiva-Parvati",Shaiva,Temple complex,3,,307,3
1474,25.317062,83.013838,"Siva,Siva-Parvati","Shiva,Shiva-Parvati",Shaiva,Built into a wall,1,,272,3
1475,25.317584,83.014436,Siva,Shiva,Shaiva,Free-standing,1,,219,3
1476,25.316514,83.014397,Hanuman,Hanuman,Hanuman,Built into a wall,1,,335,3
1477,25.315989,83.015798,Siva,Shiva,Shaiva,Free-standing,1,,220,3
1478,25.312879,83.011149,Krishna,Krishna,Vaishnava,Free-standing,2,,379,3
1479,25.317013,83.018246,"Siva,Siva-Parvati","Shiva,Shiva-Parvati",Shaiva,Built into a wall,3,,158,3
1480,25.316983,83.018406,Siva,Shiva,Shaiva,Free-standing,2,,145,3
1481,25.317123,83.018231,Siva,Shiva,Shaiva,Built into a wall,1,,168,3
1482,25.317144,83.01825,Ganesh,Ganesh,Ganesh,Built into a wall,1,,169,3
1483,25.31795,83.018422,Siva,Shiva,Shaiva,Free-standing,2,,234,3
1484,25.317975,83.018392,Siva,Shiva,Shaiva,Built into a wall,1,,238,3
1485,25.318565,83.018547,"Siva,Siva-Parvati","Shiva,Shiva-Parvati",Shaiva,Built into a wall,1,,262,3
1486,25.318801,83.018559,Hanuman,Hanuman,Hanuman,Built into a wall,1,,278,3
1487,25.31874,83.018757,Ganesh,Ganesh,Ganesh,Built into a wall,1,,258,3
1488,25.31958,83.019124,"Siva,Siva-Parvati","Shiva,Shiva-Parvati",Shaiva,Free-standing,1,Shanteshwar mahadev,208,3
1489,25.319902,83.019393,"Hanuman,Siva,Sitla Maa","Hanuman,Shiva,Sitala Maa","Goddess,Hanuman,Shaiva",Free-standing,3,Sankatnasi hanuman Ji,168,3
1490,25.319567,83.018809,Sitla Maa,Sitala Maa,Goddess,Built into a wall,1,,237,3
1491,25.319178,83.018739,Hanuman,Hanuman,Hanuman,Built into a wall,1,,265,3
1492,25.319934,83.018338,"Hanuman,Ganesh","Ganesh,Hanuman","Ganesh,Hanuman",Built into a wall,2,,268,3
1493,25.319879,83.018386,Siva,Shiva,Shaiva,Built into a wall,1,,264,3
1494,25.319605,83.017683,"Siva,Hanuman","Hanuman,Shiva","Hanuman,Shaiva",Free-standing,2,,308,3
1495,25.319551,83.017626,Siva,Shiva,Shaiva,Free-standing,1,,303,3
1496,25.31846,83.016623,Hanuman,Hanuman,Hanuman,Built into a wall,1,,241,3
1497,25.318446,83.016548,"Hanuman,Ganesh","Ganesh,Hanuman","Ganesh,Hanuman",Built into a wall,2,,236,3
1498,25.318483,83.016538,Siva,Shiva,Shaiva,Free-standing,1,,233,3
1499,25.318298,83.016101,"Siva,Siva-Parvati","Shiva,Shiva-Parvati",Shaiva,Free-standing,1,,212,3
1500,25.32802,83.010029,Siva,Shiva,Shaiva,Built into a wall,1,,302,0
1501,25.329528,83.008683,Siva,Shiva,Shaiva,Tree,1,,435,0
1502,25.330829,83.009342,"Hanuman,Devi,Siva,Ganesh","Devi,Ganesh,Hanuman,Shiva","Ganesh,Goddess,Hanuman,Shaiva",Free-standing,6,,446,0
1503,25.305643,82.996647,Hanuman,Hanuman,Hanuman,"Free-standing,Tree",0,Baal sakhaa hanuman,385,0
1504,25.303886,83.001649,Siva,Shiva,Shaiva,Built-around,0,,667,0
1505,25.305954,83.005178,"Siva,Hanuman","Hanuman,Shiva","Hanuman,Shaiva","Built into a wall,Built-around",2,Praciin hanuman mandir.,420,0
1506,25.305641,83.00237,"Siva,Hanuman,Ganesh","Ganesh,Hanuman,Shiva","Ganesh,Hanuman,Shaiva",Built-around,5,,668,0
1507,25.306463,83.003068,Hanuman,Hanuman,Hanuman,Free-standing,2,Vijay viir hanuman,597,0
1508,25.307047,83.002181,"Siva,Krishna,Hanuman,Ganesh","Ganesh,Hanuman,Krishna,Shiva","Ganesh,Hanuman,Shaiva,Vaishnava",Tree-temple,7,Neem mai,530,0
1509,25.306717,83.002116,"Siva,Siva-Parvati,Siva family,Krishna,Devi,Other","Devi,Krishna,Other,Shiva,Shiva family,Shiva-Parvati","Goddess,Other,Shaiva,Vaishnava",,8,,566,0
1510,25.307366,83.003388,__ Bir Baabaa,Bir Baba,Folk,Free-standing,1,Sri Sri 1008 pracin daiyatrabiir baabaa kaa Mandir.,500,0
1511,25.306884,83.003568,Siva,Shiva,Shaiva,"Free-standing,Built-around",2,,555,0
1512,25.307181,83.003874,Ganesh,Ganesh,Ganesh,,1,,527,0
1513,25.307641,83.003523,"Sitla Maa,__ Maa","Local Maa,Sitala Maa",Goddess,,2,Sri niimaa maataa va ba.dii siitlaa maa Mandir,471,0
1514,25.307535,83.004315,"Siva,Rama family,Ganesh,Shaayari maa","Ganesh,Local Maa,Rama,Shiva","Ganesh,Goddess,Shaiva,Vaishnava","Free-standing,Tree-temple",10,,500,0
1515,25.307456,83.004408,Siva,Shiva,Shaiva,Free-standing,2,,511,0
1516,25.317346,83.014574,Hanuman,Hanuman,Hanuman,Built into a wall,1,,248,3
1517,25.319196,83.016014,Hanuman,Hanuman,Hanuman,Built into a wall,1,,149,3
1518,25.319378,83.016715,Siva,Shiva,Shaiva,"Tree,Tree-temple",1,Bateshwar mahadev,213,3
1519,25.32009,83.02014,Hanuman,Hanuman,Hanuman,Tree-temple,1,,91,3
1520,25.319515,83.020186,Sitla Maa,Sitala Maa,Goddess,Built into a wall,1,,129,3
1521,25.319095,83.02075,"Siva,Siva-Parvati","Shiva,Shiva-Parvati",Shaiva,Free-standing,2,,147,3
1522,25.320004,83.020977,__ Bir Baabaa,Bir Baba,Folk,Tree,1,,44,3
1523,25.319709,83.021326,"Siva,Siva-Parvati","Shiva,Shiva-Parvati",Shaiva,Temple complex,2,,76,3
1524,25.319708,83.02124,Krishna,Krishna,Vaishnava,Free-standing,2,,75,3
1525,25.31958,83.020986,Krishna,Krishna,Vaishnava,Temple complex,1,,90,3
1526,25.319631,83.021087,Hanuman,Hanuman,Hanuman,Temple complex,1,,84,3
1527,25.319753,83.02115,Ganesh,Ganesh,Ganesh,Temple complex,1,,70,3
1528,25.318848,83.021382,"Rama-Sita,RAMA,Rama family",Rama,Vaishnava,Free-standing,4,,126,3
1529,25.318281,83.021808,"Siva,Siva-Parvati","Shiva,Shiva-Parvati",Shaiva,Built into a wall,1,,50,3
1530,25.318451,83.021981,"Siva,Siva-Parvati","Shiva,Shiva-Parvati",Shaiva,Free-standing,1,Tankeshwar mahadev,55,3
1531,25.318381,83.022078,"Siva,Siva-Parvati","Shiva,Shiva-Parvati",Shaiva,Temple complex,2,,43,3
1532,25.318429,83.021883,__ Maa,Local Maa,Goddess,Temple complex,1,,61,3
1533,25.318667,83.022634,"Siva,Siva-Parvati,Siva family","Shiva,Shiva family,Shiva-Parvati",Shaiva,Built into a wall,5,,36,3
1534,25.317851,83.021808,Siva-Parvati,Shiva-Parvati,Shaiva,Temple complex,1,,9,3
1535,25.318396,83.022369,Krishna,Krishna,Vaishnava,Temple complex,2,,25,3
1536,25.318566,83.022164,"Siva,Siva-Parvati","Shiva,Shiva-Parvati",Shaiva,Built into a wall,1,,53,3
1537,25.318566,83.022164,Siva,Shiva,Shaiva,Built into a wall,1,,53,3
1538,25.318566,83.022164,Siva-Parvati,Shiva-Parvati,Shaiva,Temple complex,1,,53,3
1539,25.319192,83.02664,"Siva,Siva-Parvati","Shiva,Shiva-Parvati",Shaiva,Temple complex,1,,0,0
1540,25.319192,83.02664,"__ Maa,Devi","Devi,Local Maa",Goddess,Built into a wall,7,,0,0
1541,25.318003,83.021456,Ganesh,Ganesh,Ganesh,Temple complex,1,,40,3
1542,25.30226,83.012775,"Siva,Siva-Parvati,Ganesh","Ganesh,Shiva,Shiva-Parvati","Ganesh,Shaiva",Built into a wall,4,,0,0
1543,25.30226,83.012775,"RAMA,Rama-Sita,Rama family",Rama,Vaishnava,Temple complex,5,,0,0
1544,25.317978,83.021863,"Siva,Siva-Parvati","Shiva,Shiva-Parvati",Shaiva,Free-standing,1,,18,3
1545,25.318148,83.021889,"Siva,Siva-Parvati,Other,Devi,__ Maa","Devi,Local Maa,Other,Shiva,Shiva-Parvati","Goddess,Other,Shaiva","Tree,Tree-temple",5,,33,3
1546,25.318254,83.022077,"Siva,Siva-Parvati","Shiva,Shiva-Parvati",Shaiva,Built into a wall,2,,33,3
1547,25.318221,83.021984,Hanuman,Hanuman,Hanuman,Tree-temple,1,,36,3
1548,25.318143,83.021866,Siva-Parvati,Shiva-Parvati,Shaiva,Free-standing,2,,34,3
1549,25.318171,83.021888,"Siva,Siva-Parvati,Siva family","Shiva,Shiva family,Shiva-Parvati",Shaiva,Free-standing,3,,36,3
1550,25.309126,83.005336,Hanuman,Hanuman,Hanuman,"Built into a wall,Built-around",2,Sri hanuman mandir,392,0
1551,25.308397,83.002044,"Krishna,__ Bir Baabaa","Bir Baba,Krishna","Folk,Vaishnava",Built into a wall,2,,380,0
1552,25.308489,83.001104,Ganesh,Ganesh,Ganesh,Built into a wall,1,,380,0
1553,25.30986,83.000768,Ganesh,Ganesh,Ganesh,Temple complex,1,,250,0
1554,25.310306,83.000774,"Krishna,Devi","Devi,Krishna","Goddess,Vaishnava",Free-standing,0,,208,0
1555,25.310524,83.000494,Krishna,Krishna,Vaishnava,,0,Sri Sri pracin Sri radhaa krsna Evam jagadhaatrii maataa mandir,208,0
1556,25.332955,83.014021,Siva,Shiva,Shaiva,Tree,2,,330,0
1557,25.332838,83.013592,"Siva,Hanuman","Hanuman,Shiva","Hanuman,Shaiva",Free-standing,2,,303,0
1558,25.33188,83.012529,Siva,Shiva,Shaiva,Free-standing,2,,319,0
1559,25.331251,83.012665,"Hanuman,Siva","Hanuman,Shiva","Hanuman,Shaiva",Built into a wall,2,,389,0
1560,25.330647,83.012902,Siva,Shiva,Shaiva,Free-standing,1,,460,0
1561,25.328989,83.01166,"Hanuman,Siva","Hanuman,Shiva","Hanuman,Shaiva",Tree,2,,483,0
1562,25.318883,83.019769,"Siva,Siva-Parvati","Shiva,Shiva-Parvati",Shaiva,Free-standing,1,,210,3
1563,25.318467,83.021425,"Siva,Siva-Parvati","Shiva,Shiva-Parvati",Shaiva,Free-standing,2,Mansapuran mahadev,87,3
1564,25.318447,83.021312,Siva,Shiva,Shaiva,Built into a wall,1,,90,3
1565,25.318472,83.021424,"Siva,RAMA","Rama,Shiva","Shaiva,Vaishnava",Free-standing,2,Shiva Rama mandir,87,3
1566,25.318428,83.021258,"Devi,__ Maa","Devi,Local Maa",Goddess,Built into a wall,1,,91,3
1567,25.317848,83.020667,"Siva,Siva-Parvati","Shiva,Shiva-Parvati",Shaiva,Free-standing,2,,65,3
1568,25.318233,83.020176,"Siva,Siva-Parvati","Shiva,Shiva-Parvati",Shaiva,Free-standing,2,,127,3
1569,25.31631,83.021396,Siva,Shiva,Shaiva,Free-standing,1,,0,3
1570,25.318864,83.023473,Siva,Shiva,Shaiva,Built into a wall,1,,13,3
1571,25.318974,83.023458,Siva,Shiva,Shaiva,Built into a wall,1,,25,3
1572,25.318647,83.023358,"Siva,Siva-Parvati","Shiva,Shiva-Parvati",Shaiva,Built into a wall,4,,0,3
1573,25.318912,83.023613,Hanuman,Hanuman,Hanuman,Built into a wall,1,,11,3
1574,25.318795,83.02361,Ganesh,Ganesh,Ganesh,Built into a wall,1,,0,3
1575,25.318403,83.023802,Devi,Devi,Goddess,Built into a wall,1,,0,3
1576,25.318933,83.02389,Hanuman,Hanuman,Hanuman,Built into a wall,1,,0,3
1577,25.318624,83.023414,__ Bir Baabaa,Bir Baba,Folk,Free-standing,1,Nilba bir baba,0,3
1578,25.320082,83.024737,Hanuman,Hanuman,Hanuman,Free-standing,1,,52,3
1579,25.320009,83.024893,"Siva,__ Maa,Devi","Devi,Local Maa,Shiva","Goddess,Shaiva",Free-standing,2,,36,3
1580,25.32009,83.024935,Siva-Parvati,Shiva-Parvati,Shaiva,Built into a wall,2,,41,3
1581,25.31999,83.024843,"Siva,Siva-Parvati","Shiva,Shiva-Parvati",Shaiva,Free-standing,2,,37,3
1582,25.32015,83.024761,"Siva,__ Bir Baabaa","Bir Baba,Shiva","Folk,Shaiva",Free-standing,3,,57,3
1583,25.320027,83.02488,Hanuman,Hanuman,Hanuman,Built into a wall,1,,39,3
1584,25.320065,83.024812,Hanuman,Hanuman,Hanuman,Free-standing,1,,46,3
1585,25.320043,83.024877,"Siva-Parvati,Siva","Shiva,Shiva-Parvati",Shaiva,Free-standing,3,,40,3
1586,25.32008,83.024821,"Siva,Siva-Parvati","Shiva,Shiva-Parvati",Shaiva,Free-standing,1,,47,3
1587,25.320034,83.024824,"Siva,Siva-Parvati","Shiva,Shiva-Parvati",Shaiva,Free-standing,1,,43,3
1588,25.319974,83.024706,Sitla Maa,Sitala Maa,Goddess,Tree-temple,1,,43,3
1589,25.319944,83.0246,"__ Maa,Devi","Devi,Local Maa",Goddess,"Tree,Tree-temple",1,,46,3
1590,25.319955,83.024743,Siva,Shiva,Shaiva,Free-standing,1,,40,3
1591,25.319958,83.024836,Hanuman,Hanuman,Hanuman,Built into a wall,1,,35,3
1592,25.319906,83.024748,Siva,Shiva,Shaiva,Free-standing,2,,35,3
1593,25.319962,83.024656,"Siva,Siva-Parvati","Shiva,Shiva-Parvati",Shaiva,"Tree,Tree-temple",2,,45,3
1594,25.319943,83.024614,Hanuman,Hanuman,Hanuman,Built into a wall,1,,45,3
1595,25.319937,83.024534,"Siva,Siva-Parvati","Shiva,Shiva-Parvati",Shaiva,Built into a wall,2,,49,3
1596,25.31996,83.024193,Hanuman,Hanuman,Hanuman,Built into a wall,1,,69,3
1597,25.320026,83.024433,Siva,Shiva,Shaiva,Tree,1,,63,3
1598,25.320327,83.024649,Siva,Shiva,Shaiva,Free-standing,1,,79,3
1599,25.320522,83.024268,"Siva,Siva-Parvati","Shiva,Shiva-Parvati",Shaiva,Free-standing,6,,118,3
1600,25.320482,83.02417,Sitla Maa,Sitala Maa,Goddess,Free-standing,1,,120,3
1601,25.319836,83.02362,"Siva,Siva-Parvati","Shiva,Shiva-Parvati",Shaiva,Free-standing,1,,90,3
1602,25.319829,83.023737,"Siva,Siva-Parvati","Shiva,Shiva-Parvati",Shaiva,Free-standing,3,Parwatiseshwar mahadev,82,3
1603,25.319801,83.023795,Ganesh,Ganesh,Ganesh,Built into a wall,2,,76,3
1604,25.319818,83.023762,Siva,Shiva,Shaiva,Free-standing,1,,80,3
1605,25.319824,83.023709,Siva,Shiva,Shaiva,Free-standing,1,,84,3
1606,25.319805,83.023644,Hanuman,Hanuman,Hanuman,Built into a wall,1,,86,3
1607,25.31984,83.02368,"Siva,Siva-Parvati","Shiva,Shiva-Parvati",Shaiva,Free-standing,1,,87,3
1608,25.319785,83.023608,Siva,Shiva,Shaiva,Free-standing,2,,87,3
1609,25.319882,83.023636,"Siva,Siva-Parvati","Shiva,Shiva-Parvati",Shaiva,Free-standing,5,,93,3
1610,25.319846,83.023611,Siva,Shiva,Shaiva,Free-standing,2,,92,3
1611,25.31973,83.023497,"Siva,Siva-Parvati","Shiva,Shiva-Parvati",Shaiva,Built into a wall,3,,90,3
1612,25.315395,83.022364,"Siva,Siva-Parvati","Shiva,Shiva-Parvati",Shaiva,"Free-standing,Tree,Tree-temple",2,,0,0
1613,25.325905,82.998333,Devi,Devi,Goddess,Free-standing,2,',432,0
1614,25.326997,82.999506,"Siva,Rama-Sita,Hanuman,Ganesh","Ganesh,Hanuman,Rama,Shiva","Ganesh,Hanuman,Shaiva,Vaishnava",Free-standing,11,,584,0
1615,25.32681,83.000865,Other,Other,Other,Tree,2,,655,0
1616,25.325139,83.000772,"Siva family,Rama family,Hanuman,Ganesh,Devi","Devi,Ganesh,Hanuman,Rama,Shiva family","Ganesh,Goddess,Hanuman,Shaiva,Vaishnava",Temple complex,21,,522,0
1617,25.32494,83.000136,"Siva family,Hanuman","Hanuman,Shiva family","Hanuman,Shaiva",Free-standing,12,,458,0
1618,25.325884,83.00342,"Siva,Rama-Sita,Hanuman,Ganesh","Ganesh,Hanuman,Rama,Shiva","Ganesh,Hanuman,Shaiva,Vaishnava",Free-standing,8,,478,0
1619,25.323312,83.003105,"Siva,Hanuman,Ganesh","Ganesh,Hanuman,Shiva","Ganesh,Hanuman,Shaiva",Built into a wall,5,,544,0
1620,25.322448,83.002801,"Siva,Other","Other,Shiva","Other,Shaiva",Free-standing,5,,611,0
1621,25.32438,83.001515,"Siva,Hanuman","Hanuman,Shiva","Hanuman,Shaiva",Free-standing,2,,543,0
1622,25.324519,83.002846,"Siva,Hanuman,Other","Hanuman,Other,Shiva","Hanuman,Other,Shaiva","Free-standing,Tree",7,,539,0
1623,25.322992,83.00488,Siva family,Shiva family,Shaiva,Temple complex,7,,400,0
1624,25.321435,83.0061,Hanuman,Hanuman,Hanuman,Free-standing,3,,448,0
1625,25.323694,83.002807,Other,Other,Other,Free-standing,1,,560,0
1626,25.325977,83.006304,"Siva,Siva family,Hanuman,Ganesh","Ganesh,Hanuman,Shiva,Shiva family","Ganesh,Hanuman,Shaiva",Free-standing,12,,192,0
1627,25.326171,83.009374,Siva,Shiva,Shaiva,Free-standing,1,,97,0
1628,25.325192,83.009245,Other,Other,Other,Free-standing,1,,61,3
1629,25.325149,83.008824,"Siva,Hanuman,Ganesh,Other","Ganesh,Hanuman,Other,Shiva","Ganesh,Hanuman,Other,Shaiva",,12,,19,0
1630,25.325568,83.009714,Siva,Shiva,Shaiva,Free-standing,1,,108,3
1631,25.3243,83.006209,Siva,Shiva,Shaiva,Free-standing,2,,213,0
1632,25.324703,83.006817,"Siva,Other","Other,Shiva","Other,Shaiva",Built into a wall,2,,141,0
1633,25.322848,83.010223,Siva,Shiva,Shaiva,Tree,3,,287,0
1634,25.323087,83.010264,Other,Other,Other,"Free-standing,Tree-temple",1,,268,3
1635,25.322778,83.009314,Other,Other,Other,"Free-standing,Tree-temple",1,,256,3
1636,25.328527,82.966749,"Hanuman,Siva","Hanuman,Shiva","Hanuman,Shaiva","Free-standing,Tree-temple",3,,861,0
1637,25.33163,82.975426,"Sitla Maa,Siva,Hanuman,Ganesh","Ganesh,Hanuman,Shiva,Sitala Maa","Ganesh,Goddess,Hanuman,Shaiva","Tree-temple,Temple complex",15,Pashpani vinayak temple,396,0
1638,25.308639,83.000498,__ Bir Baabaa,Bir Baba,Folk,"Built into a wall,Built-around",1,,358,3
1639,25.309048,83.003643,Siva,Shiva,Shaiva,Free-standing,0,,321,0
1640,25.30889,83.003579,"Rama family,Hanuman","Hanuman,Rama","Hanuman,Vaishnava",Built-around,4,,336,0
1641,25.298995,83.003372,"Hanuman,Siva","Hanuman,Shiva","Hanuman,Shaiva",Free-standing,5,,272,0
1642,25.304546,82.978544,"Siva,Hanuman","Hanuman,Shiva","Hanuman,Shaiva",Free-standing,3,,378,0
1643,25.304227,82.977415,Ganesh,Ganesh,Ganesh,Free-standing,1,,356,0
1644,25.302796,82.973369,Hanuman,Hanuman,Hanuman,"Free-standing,Tree",2,,164,0
1645,25.304304,82.973171,Hanuman,Hanuman,Hanuman,Built into a wall,1,,332,0
1646,25.305442,82.975083,Ganesh,Ganesh,Ganesh,Free-standing,1,,470,0
1647,25.307938,82.974613,"Siva family,Hanuman","Hanuman,Shiva family","Hanuman,Shaiva",Free-standing,2,,438,0
1648,25.307947,82.975647,__ Maa,Local Maa,Goddess,Built-around,3,,433,0
1649,25.307757,82.975821,"Hanuman,__ Maa,Siva","Hanuman,Local Maa,Shiva","Goddess,Hanuman,Shaiva","Free-standing,Tree",3,,455,0
1650,25.307238,82.977425,"Siva,Siva family","Shiva,Shiva family",Shaiva,"Free-standing,Tree-temple",10,,546,0
1651,25.307002,82.97965,"Siva family,Hanuman","Hanuman,Shiva family","Hanuman,Shaiva","Free-standing,Tree-temple",9,,432,0
1652,25.321675,83.010473,"Siva,Other,Hanuman,__ Bir Baabaa","Bir Baba,Hanuman,Other,Shiva","Folk,Hanuman,Other,Shaiva","Free-standing,Tree,Tree-temple",6,,379,0
1653,25.322744,83.010624,Hanuman,Hanuman,Hanuman,Tree,1,,320,0
1654,25.323278,83.010225,Other,Other,Other,Built into a wall,3,,249,3
1655,25.322461,83.012284,"Siva,Hanuman,__ Bir Baabaa","Bir Baba,Hanuman,Shiva","Folk,Hanuman,Shaiva",Free-standing,3,,304,3
1656,25.322917,83.012697,"Siva,__ Bir Baabaa","Bir Baba,Shiva","Folk,Shaiva",Tree,10,,333,3
1657,25.322344,83.013212,"Siva,Hanuman","Hanuman,Shiva","Hanuman,Shaiva",Free-standing,3,,257,3
1658,25.323404,83.013844,Siva,Shiva,Shaiva,Free-standing,1,,358,2
1659,25.322227,83.014517,Siva,Shiva,Shaiva,Free-standing,1,,222,3
1660,25.322212,83.015244,Siva,Shiva,Shaiva,Built into a wall,5,,233,3
1661,25.32263,83.015434,Other,Other,Other,Free-standing,1,,283,3
1662,25.322988,83.016105,Siva,Shiva,Shaiva,"Free-standing,Tree-temple,Tree",2,,347,0
1663,25.322568,83.016622,Hanuman,Hanuman,Hanuman,Free-standing,1,,338,3
1664,25.321108,83.015914,Other,Other,Other,Built into a wall,3,,175,3
1665,25.321113,83.015852,Hanuman,Hanuman,Hanuman,Built into a wall,1,,170,3
1666,25.321069,83.015864,"Hanuman,Siva","Hanuman,Shiva","Hanuman,Shaiva",Built into a wall,2,,168,3
1667,25.321073,83.01588,Siva,Shiva,Shaiva,Built into a wall,1,,170,3
1668,25.320672,83.015907,Other,Other,Other,Built into a wall,1,,153,3
1669,25.320473,83.015606,"Siva,Hanuman","Hanuman,Shiva","Hanuman,Shaiva",Free-standing,2,,117,3
1670,25.320121,83.015956,Other,Other,Other,"Free-standing,Tree-temple",1,,143,3
1671,25.320537,83.015397,Siva,Shiva,Shaiva,Free-standing,1,,99,3
1672,25.320905,83.01474,"Siva,Ganesh","Ganesh,Shiva","Ganesh,Shaiva",Free-standing,2,,80,3
1673,25.320892,83.014657,Other,Other,Other,Free-standing,9,,76,3
1674,25.320979,83.014704,"Siva,Hanuman","Hanuman,Shiva","Hanuman,Shaiva",Free-standing,2,,86,3
1675,25.320858,83.015336,Siva,Shiva,Shaiva,Free-standing,2,,112,3
1676,25.32118,83.015205,Siva,Shiva,Shaiva,Free-standing,1,,129,3
1677,25.32131,83.015124,"Siva,Hanuman","Hanuman,Shiva","Hanuman,Shaiva","Free-standing,Temple complex",2,,137,3
1678,25.321535,83.015122,Hanuman,Hanuman,Hanuman,Built into a wall,1,,159,3
1679,25.322107,83.014904,Other,Other,Other,Built into a wall,1,,213,3
1680,25.30889,83.003579,"Rama family,Hanuman","Hanuman,Rama","Hanuman,Vaishnava",Built-around,4,,336,0
1681,25.299591,83.003317,"__ Maa,Devi,Siva,Siva-Parvati,Ganesh,Hanuman","Devi,Ganesh,Hanuman,Local Maa,Shiva,Shiva-Parvati","Ganesh,Goddess,Hanuman,Shaiva",Free-standing,6,,337,0
1682,25.299674,83.002094,"__ Maa,Devi","Devi,Local Maa",Goddess,Free-standing,2,,362,0
1683,25.299785,83.002137,"Siva,Siva-Parvati","Shiva,Shiva-Parvati",Shaiva,Temple complex,1,,373,0
1684,25.299759,83.002134,Siva,Shiva,Shaiva,Temple complex,1,,370,0
1685,25.299778,83.002133,Siva,Shiva,Shaiva,Temple complex,1,,372,0
1686,25.304552,82.977992,Siva,Shiva,Shaiva,Free-standing,6,,385,0
1687,25.302736,82.97312,"Siva,Hanuman","Hanuman,Shiva","Hanuman,Shaiva",Free-standing,2,,163,0
1688,25.305577,82.977155,"Devi,__ Maa","Devi,Local Maa",Goddess,Tree,1,,508,0
1689,25.306782,82.975102,"Siva,Siva-Parvati","Shiva,Shiva-Parvati",Shaiva,Free-standing,1,,561,0
1690,25.306822,82.975202,"Devi,__ Maa","Devi,Local Maa",Goddess,Free-standing,1,,556,0
1691,25.306822,82.975202,"Siva,Hanuman","Hanuman,Shiva","Hanuman,Shaiva",Free-standing,2,,556,0
1692,25.306825,82.975179,Siva,Shiva,Shaiva,Tree-temple,1,,556,0
1693,25.306801,82.975386,Siva,Shiva,Shaiva,"Tree,Tree-temple",1,,558,0
1694,25.308166,82.97485,"Siva,Siva-Parvati,Siva family,Ganesh","Ganesh,Shiva,Shiva family,Shiva-Parvati","Ganesh,Shaiva",Free-standing,3,,410,0
1695,25.308047,82.974852,Hanuman,Hanuman,Hanuman,Free-standing,1,,423,0
1696,25.308391,82.974857,"Siva,Siva-Parvati","Shiva,Shiva-Parvati",Shaiva,Free-standing,2,,385,0
1697,25.308378,82.974957,"Siva,Siva-Parvati","Shiva,Shiva-Parvati",Shaiva,"Tree,Tree-temple",2,,385,0
1698,25.307505,82.976903,Hanuman,Hanuman,Hanuman,Free-standing,1,,502,0
1699,25.307381,82.976956,"__ Maa,Devi,Ganesh","Devi,Ganesh,Local Maa","Ganesh,Goddess",Tree,1,,517,0
1700,25.308598,82.978072,Hanuman,Hanuman,Hanuman,"Tree,Tree-temple",2,,394,0
1701,25.308659,82.978069,"RAMA,Rama-Sita,Rama family",Rama,Vaishnava,Free-standing,4,,389,0
1702,25.311635,82.977816,Hanuman,Hanuman,Hanuman,Free-standing,2,,158,0
1703,25.320435,83.015595,Siva,Shiva,Shaiva,Built into a wall,1,,115,3
1704,25.32142,83.015993,Sitla Maa,Sitala Maa,Goddess,Free-standing,2,Shri viaheshwari man shitla Ji,202,3
1705,25.321093,83.015867,Hanuman,Hanuman,Hanuman,Built into a wall,1,,170,3
1706,25.321106,83.015896,"Siva,Siva-Parvati,Siva family","Shiva,Shiva family,Shiva-Parvati",Shaiva,Free-standing,3,,173,3
1707,25.320585,83.017008,"Siva,Siva-Parvati","Shiva,Shiva-Parvati",Shaiva,Free-standing,2,,258,3
1708,25.32064,83.016993,Sitla Maa,Sitala Maa,Goddess,Free-standing,1,Sanakt harni shitla mata,258,3
1709,25.320099,83.01681,"Siva,Hanuman","Hanuman,Shiva","Hanuman,Shaiva",Free-standing,2,Gureshwar mahadev,226,3
1710,25.320905,83.016725,Hanuman,Hanuman,Hanuman,Built into a wall,1,,239,3
1711,25.320985,83.017396,Ganesh,Ganesh,Ganesh,"Tree,Tree-temple",1,,306,3
1712,25.320875,83.017276,Hanuman,Hanuman,Hanuman,Free-standing,2,,291,3
1713,25.32094,83.017334,Sitla Maa,Sitala Maa,Goddess,Free-standing,1,,299,3
1714,25.320813,83.017359,Siva,Shiva,Shaiva,"Free-standing,Built into a wall",1,,298,3
1715,25.321046,83.017494,"Siva,Siva-Parvati,Ganesh,Hanuman","Ganesh,Hanuman,Shiva,Shiva-Parvati","Ganesh,Hanuman,Shaiva",Free-standing,4,,318,3
1716,25.321177,83.017973,Hanuman,Hanuman,Hanuman,Free-standing,1,Phutahe hanuman,303,3
1717,25.321163,83.018038,"Siva,Hanuman","Hanuman,Shiva","Hanuman,Shaiva",Free-standing,2,,296,3
1718,25.321474,83.018253,Sitla Maa,Sitala Maa,Goddess,Free-standing,2,Shri shitla dham,284,3
1719,25.321752,83.019112,"Sitla Maa,Siva,Siva-Parvati","Shiva,Shiva-Parvati,Sitala Maa","Goddess,Shaiva",Free-standing,3,,218,3
1720,25.320612,83.01779,"RAMA,Rama-Sita,Rama family",Rama,Vaishnava,Free-standing,4,,315,3
1721,25.320362,83.017946,Hanuman,Hanuman,Hanuman,Built into a wall,1,,300,3
1722,25.320686,83.018257,Sitla Maa,Sitala Maa,Goddess,Free-standing,1,,268,3
1723,25.32089,83.01802,"Siva,Siva-Parvati","Shiva,Shiva-Parvati",Shaiva,Free-standing,2,,293,3
1724,25.32089,83.01802,Siva,Shiva,Shaiva,Free-standing,1,,293,3
1725,25.320892,83.017943,Siva,Shiva,Shaiva,Tree,0,,301,3
1726,25.320894,83.017893,Siva,Shiva,Shaiva,Free-standing,1,,306,3
1727,25.323021,83.018329,Sitla Maa,Sitala Maa,Goddess,Free-standing,1,,367,0
1728,25.323312,83.018493,"Siva,Siva-Parvati","Shiva,Shiva-Parvati",Shaiva,Free-standing,1,,379,0
1729,25.323147,83.018324,"Siva,Siva-Parvati","Shiva,Shiva-Parvati",Shaiva,Free-standing,1,,377,0
1730,25.323053,83.018452,"Rama-Sita,RAMA,Rama family",Rama,Vaishnava,Temple complex,6,,361,0
1731,25.323246,83.018166,Krishna,Krishna,Vaishnava,Free-standing,5,,396,0
1732,25.322856,83.017898,"Siva,Siva-Parvati","Shiva,Shiva-Parvati",Shaiva,Free-standing,2,,388,2
1733,25.323496,83.018411,"Siva,Siva-Parvati","Shiva,Shiva-Parvati",Shaiva,Temple complex,1,,400,0
1734,25.323682,83.017304,"Hanuman,Siva","Hanuman,Shiva","Hanuman,Shaiva",Free-standing,2,,445,0
1735,25.323755,83.0174,Hanuman,Hanuman,Hanuman,Tree-temple,1,,437,0
1736,25.3239,83.017573,Hanuman,Hanuman,Hanuman,"Tree,Tree-temple",1,,423,0
1737,25.323907,83.017613,Rama-Sita,Rama,Vaishnava,Temple complex,2,,423,0
1738,25.322681,83.016445,Hanuman,Hanuman,Hanuman,Free-standing,1,,337,3
1739,25.322565,83.016584,Siva,Shiva,Shaiva,Built into a wall,1,,335,3
1740,25.322313,83.016084,Hanuman,Hanuman,Hanuman,Free-standing,1,,282,3
1741,25.32218,83.015161,Siva,Shiva,Shaiva,Built into a wall,1,,227,3
1742,25.322059,83.015061,Krishna,Krishna,Vaishnava,Built into a wall,2,,211,3
1743,25.32212,83.014823,"Siva,Siva-Parvati,Siva family","Shiva,Shiva family,Shiva-Parvati",Shaiva,Free-standing,20,Mahamrtyunjay mahadev,213,3
1744,25.322275,83.014665,Siva,Shiva,Shaiva,Free-standing,1,,228,3
1745,25.322308,83.014369,Hanuman,Hanuman,Hanuman,Free-standing,1,,231,3
1746,25.322296,83.014229,"Siva,Siva-Parvati","Shiva,Shiva-Parvati",Shaiva,Free-standing,2,,230,3
1747,25.322315,83.013964,"__ Maa,Devi","Devi,Local Maa",Goddess,Free-standing,2,,237,3
1748,25.322344,83.014118,Siva,Shiva,Shaiva,Built into a wall,1,,237,3
1749,25.322234,83.014298,Sitla Maa,Sitala Maa,Goddess,Built into a wall,1,,223,3
1750,25.322109,83.015019,Ganesh,Ganesh,Ganesh,Built into a wall,1,,216,3
1751,25.319872,82.98793,"Hanuman,__ Bir Baabaa,Other,Siva-Parvati","Bir Baba,Hanuman,Other,Shiva-Parvati","Folk,Hanuman,Other,Shaiva","Temple complex,Tree,Free-standing",7,,534,0
1752,25.320747,82.987682,Other,Other,Other,"Free-standing,Tree-temple",1,,631,0
1753,25.323826,82.987088,"Hanuman,Siva","Hanuman,Shiva","Hanuman,Shaiva",Free-standing,3,,641,0
1754,25.323978,82.986896,Siva,Shiva,Shaiva,Free-standing,1,,630,0
1755,25.323375,82.986494,"Siva,Hanuman","Hanuman,Shiva","Hanuman,Shaiva","Free-standing,Tree-temple,Tree",2,,705,0
1756,25.324016,82.987517,"Hanuman,Siva family,Siva","Hanuman,Shiva,Shiva family","Hanuman,Shaiva","Free-standing,Temple complex,Tree",7,,612,0
1757,25.324241,82.990147,Other,Other,Other,Free-standing,1,,477,0
1758,25.324166,82.989832,"Siva,Other","Other,Shiva","Other,Shaiva",Built into a wall,4,,502,0
1759,25.324143,82.989123,"Devi,__ Bir Baabaa","Bir Baba,Devi","Folk,Goddess",Tree-temple,4,,568,0
1760,25.324165,82.98869,Siva,Shiva,Shaiva,Free-standing,3,,585,0
1761,25.324113,82.989047,"Siva,Hanuman,Other","Hanuman,Other,Shiva","Hanuman,Other,Shaiva",Free-standing,5,,574,0
1762,25.323294,82.98937,"Ganesh,Hanuman,Siva","Ganesh,Hanuman,Shiva","Ganesh,Hanuman,Shaiva","Free-standing,Tree,Temple complex",8,,518,0
1763,25.324735,82.991679,Siva,Shiva,Shaiva,Tree,2,,379,0
1764,25.324795,82.991271,Siva,Shiva,Shaiva,"Tree-temple,Free-standing",1,,414,0
1765,25.326155,82.99159,"Siva,Hanuman,Krishna,Other","Hanuman,Krishna,Other,Shiva","Hanuman,Other,Shaiva,Vaishnava","Free-standing,Temple complex",8,,459,0
1766,25.326318,82.989043,Siva,Shiva,Shaiva,Free-standing,1,,349,0
1767,25.326127,82.989064,Siva-Parvati,Shiva-Parvati,Shaiva,Built into a wall,2,,370,0
1768,25.324374,82.988202,"Siva,Other","Other,Shiva","Other,Shaiva","Free-standing,Tree",2,,564,0
1769,25.325139,82.988561,Siva,Shiva,Shaiva,Free-standing,1,,478,0
1770,25.29963,82.970128,Siva,Shiva,Shaiva,"Free-standing,Tree-temple",1,,72,0
1771,25.303205,82.971955,Hanuman,Hanuman,Hanuman,"Free-standing,Tree-temple",1,,235,0
1772,25.299417,82.970187,"Siva-Parvati,Hanuman,__ Maa","Hanuman,Local Maa,Shiva-Parvati","Goddess,Hanuman,Shaiva","Free-standing,Tree",4,,50,0
1773,25.304208,82.972375,"Siva,Siva-Parvati,Hanuman","Hanuman,Shiva,Shiva-Parvati","Hanuman,Shaiva","Free-standing,Tree-temple",6,,342,0
1774,25.301248,82.970902,Hanuman,Hanuman,Hanuman,Tree-temple,1,,9,0
1775,25.300932,82.970712,Krishna,Krishna,Vaishnava,Tree,2,,16,0
1776,25.300954,82.970708,"Siva,Siva-Parvati","Shiva,Shiva-Parvati",Shaiva,Tree,2,,18,0
1777,25.300677,82.970826,Siva,Shiva,Shaiva,Tree,0,,0,0
1778,25.299692,82.970413,Siva,Shiva,Shaiva,Tree,1,,52,0
1779,25.298671,82.969883,Hanuman,Hanuman,Hanuman,Tree,1,,39,0
1780,25.303228,82.967929,"Siva,__ Bir Baabaa","Bir Baba,Shiva","Folk,Shaiva",Free-standing,3,,59,0
1781,25.30528,82.966737,__ Bir Baabaa,Bir Baba,Folk,Free-standing,1,,24,0
1782,25.30731,82.96754,"Siva,Hanuman","Hanuman,Shiva","Hanuman,Shaiva",Free-standing,2,,234,0
1783,25.308302,82.961968,Sitla Maa,Sitala Maa,Goddess,"Free-standing,Tree",1,,368,0
1784,25.305751,82.963449,"__ Maa,Siva","Local Maa,Shiva","Goddess,Shaiva","Free-standing,Tree",2,,109,0
1785,25.305089,82.963533,"Siva,Hanuman","Hanuman,Shiva","Hanuman,Shaiva","Free-standing,Tree",2,,115,0
1786,25.305251,82.964332,"Siva,Hanuman","Hanuman,Shiva","Hanuman,Shaiva",Free-standing,2,,38,0
1787,25.305254,82.964355,Siva,Shiva,Shaiva,Tree-temple,1,,36,0
1788,25.314348,82.967721,__ Bir Baabaa,Bir Baba,Folk,Free-standing,1,,54,0
1789,25.313895,82.967911,"Siva-Parvati,Siva,Ganesh,Krishna,Hanuman,__ Bir Baabaa,Rama family,__ Maa","Bir Baba,Ganesh,Hanuman,Krishna,Local Maa,Rama,Shiva,Shiva-Parvati","Folk,Ganesh,Goddess,Hanuman,Shaiva,Vaishnava","Free-standing,Tree",34,,37,0
1790,25.306437,82.967595,"__ Bir Baabaa,__ Maa","Bir Baba,Local Maa","Folk,Goddess","Free-standing,Tree",2,,161,0
1791,25.306217,82.967576,Siva,Shiva,Shaiva,"Free-standing,Tree",1,,144,0
1792,25.302104,82.968421,"Siva,Siva family","Shiva,Shiva family",Shaiva,"Free-standing,Tree",5,,92,0
1793,25.297546,82.969983,Siva,Shiva,Shaiva,Tree-temple,1,,96,0
1794,25.303496,82.972108,"Krishna,__ Maa","Krishna,Local Maa","Goddess,Vaishnava",Free-standing,2,,271,0
1795,25.301005,82.970754,Hanuman,Hanuman,Hanuman,Tree,1,,15,0
1796,25.309735,82.965072,Siva,Shiva,Shaiva,Free-standing,2,,397,0
1797,25.314453,82.967588,Sitla Maa,Sitala Maa,Goddess,Free-standing,1,,68,0
1798,25.306425,82.96762,"Siva,Siva-Parvati,Hanuman,Ganesh","Ganesh,Hanuman,Shiva,Shiva-Parvati","Ganesh,Hanuman,Shaiva","Free-standing,Tree-temple",6,,162,0
1799,25.320563,83.015337,"Siva,Siva-Parvati","Shiva,Shiva-Parvati",Shaiva,Free-standing,3,,95,3
1800,25.320378,83.01502,__ Bir Baabaa,Bir Baba,Folk,Built into a wall,1,Daitavir baba,58,3
1801,25.320542,83.015128,Ganesh,Ganesh,Ganesh,Built into a wall,1,,75,3
1802,25.320189,83.014213,Siva-Parvati,Shiva-Parvati,Shaiva,Built into a wall,1,,2,3
1803,25.320172,83.014181,Siva,Shiva,Shaiva,Built into a wall,1,,1,3
1804,25.320035,83.015239,Siva,Shiva,Shaiva,"Tree,Tree-temple,Free-standing",1,,70,3
1805,25.320361,83.014334,Sitla Maa,Sitala Maa,Goddess,Built into a wall,1,,18,3
1806,25.320366,83.014323,Ganesh,Ganesh,Ganesh,"Built into a wall,Temple complex",1,,18,3
1807,25.320424,83.014447,"__ Maa,Devi","Devi,Local Maa",Goddess,Tree,1,,22,3
1808,25.320311,83.014323,Hanuman,Hanuman,Hanuman,,1,,12,3
1809,25.320318,83.014322,Hanuman,Hanuman,Hanuman,Tree-temple,1,,13,3
1810,25.320299,83.013591,"Siva,Siva-Parvati","Shiva,Shiva-Parvati",Shaiva,Free-standing,2,,32,3
1811,25.319338,83.013212,Siva,Shiva,Shaiva,Tree,1,,77,3
1812,25.319433,83.013749,Other,Other,Other,Tree,1,,22,3
1813,25.319273,83.013874,Sitla Maa,Sitala Maa,Goddess,Free-standing,1,,28,0
1814,25.319325,83.013925,"Siva,Siva-Parvati","Shiva,Shiva-Parvati",Shaiva,Free-standing,4,,21,0
1815,25.319318,83.013843,Siva,Shiva,Shaiva,Free-standing,1,,24,0
1816,25.320103,83.012855,"Siva,Siva-Parvati,Ganesh","Ganesh,Shiva,Shiva-Parvati","Ganesh,Shaiva",Free-standing,3,,96,3
1817,25.319654,83.012957,"Siva,Siva-Parvati,Hanuman","Hanuman,Shiva,Shiva-Parvati","Hanuman,Shaiva",Free-standing,2,,94,3
1818,25.320843,83.013101,Siva,Shiva,Shaiva,Free-standing,2,,110,3
1819,25.321015,83.013007,"__ Maa,Devi","Devi,Local Maa",Goddess,"Free-standing,Tree",1,,130,3
1820,25.323014,83.013786,Siva,Shiva,Shaiva,Free-standing,1,,316,3
1821,25.322446,83.013358,"Siva,Siva-Parvati","Shiva,Shiva-Parvati",Shaiva,Temple complex,2,,265,3
1822,25.322374,83.013345,Hanuman,Hanuman,Hanuman,Temple complex,1,,257,3
1823,25.321775,83.015096,"Siva,Siva-Parvati","Shiva,Shiva-Parvati",Shaiva,Free-standing,1,,183,3
1824,25.321475,83.015038,Hanuman,Hanuman,Hanuman,,1,,150,3
1825,25.321134,83.015054,Siva,Shiva,Shaiva,Built into a wall,1,,116,3
1826,25.32124,83.015119,"Siva,Siva-Parvati","Shiva,Shiva-Parvati",Shaiva,Free-standing,1,,130,3
1827,25.321287,83.015196,"Siva,Siva-Parvati","Shiva,Shiva-Parvati",Shaiva,Free-standing,1,,138,3
1828,25.321279,83.015132,"Siva,Siva-Parvati","Shiva,Shiva-Parvati",Shaiva,Temple complex,2,,134,3
1829,25.321283,83.015175,Siva,Shiva,Shaiva,Free-standing,1,,137,3
1830,25.321126,83.014968,Siva,Shiva,Shaiva,Free-standing,1,,111,3
1831,25.317102,82.972279,Hanuman,Hanuman,Hanuman,Free-standing,1,,203,0
1832,25.317452,82.973439,"Siva,Hanuman","Hanuman,Shiva","Hanuman,Shaiva",Free-standing,2,,218,0
1833,25.322388,82.98433,"Siva-Parvati,Hanuman,Ganesh","Ganesh,Hanuman,Shiva-Parvati","Ganesh,Hanuman,Shaiva",Free-standing,5,,892,0
1834,25.323278,82.98573,Devi,Devi,Goddess,Tree-temple,1,,742,0
1835,25.327114,82.988288,"Siva,Hanuman","Hanuman,Shiva","Hanuman,Shaiva",Tree,3,,261,0
1836,25.327682,82.988915,Siva,Shiva,Shaiva,Free-standing,1,,197,0
1837,25.332287,82.996062,"Siva,Hanuman","Hanuman,Shiva","Hanuman,Shaiva",Free-standing,3,,82,0
1838,25.330313,82.992106,"Krishna,Rama-Sita,Hanuman","Hanuman,Krishna,Rama","Hanuman,Vaishnava",Free-standing,6,,297,0
1839,25.333329,82.996541,Siva,Shiva,Shaiva,"Free-standing,Tree-temple",1,,95,0
1840,25.32905,82.993701,"Siva,Siva-Parvati","Shiva,Shiva-Parvati",Shaiva,Tree-temple,3,,467,0
1841,25.329065,82.993454,"Rama family,Hanuman,__ Maa","Hanuman,Local Maa,Rama","Goddess,Hanuman,Vaishnava","Free-standing,Tree",5,,454,0
1842,25.321972,83.014545,Sitla Maa,Sitala Maa,Goddess,"Tree,Tree-temple",1,,193,3
1843,25.321442,83.014511,Hanuman,Hanuman,Hanuman,Free-standing,1,Shri sankat haran hanuman Ji,135,3
1844,25.321589,83.014546,"__ Maa,Devi","Devi,Local Maa",Goddess,Tree,1,,151,3
1845,25.321557,83.014585,"Siva,Siva-Parvati","Shiva,Shiva-Parvati",Shaiva,Free-standing,1,,148,3
1846,25.321244,83.013797,"RAMA,Rama-Sita,Rama family,Hanuman","Hanuman,Rama","Hanuman,Vaishnava",Free-standing,5,,125,3
1847,25.320867,83.014008,"Siva,Siva-Parvati","Shiva,Shiva-Parvati",Shaiva,Tree,1,Madhyameshwar mahadev,80,3
1848,25.320743,83.014045,Ganesh,Ganesh,Ganesh,Temple complex,1,,65,3
1849,25.320834,83.013899,Siva,Shiva,Shaiva,Tree,1,,79,3
1850,25.320766,83.013886,"__ Maa,Devi","Devi,Local Maa",Goddess,Temple complex,1,,71,3
1851,25.320712,83.014056,Hanuman,Hanuman,Hanuman,Temple complex,1,,62,3
1852,25.320666,83.013854,"Siva,Hanuman,Other,Devi","Devi,Hanuman,Other,Shiva","Goddess,Hanuman,Other,Shaiva",Temple complex,4,,61,3
1853,25.320787,83.014024,"Siva,Siva-Parvati,Siva family","Shiva,Shiva family,Shiva-Parvati",Shaiva,Temple complex,12,,71,3
1854,25.320616,83.014174,"Siva,Siva-Parvati,Siva family","Shiva,Shiva family,Shiva-Parvati",Shaiva,Temple complex,5,,49,3
1855,25.320482,83.014339,Siva,Shiva,Shaiva,Temple complex,1,,30,3
1856,25.320647,83.013838,Siva,Shiva,Shaiva,Temple complex,1,,60,3
1857,25.321565,83.012623,"__ Maa,Devi","Devi,Local Maa",Goddess,Tree,1,,203,3
1858,25.322821,83.012534,"Siva,Siva-Parvati,Hanuman","Hanuman,Shiva,Shiva-Parvati","Hanuman,Shaiva",Free-standing,2,,329,3
1859,25.321577,83.012097,Sitla Maa,Sitala Maa,Goddess,Temple complex,1,,238,3
1860,25.321567,83.012223,Other,Other,Other,Temple complex,1,,229,3
1861,25.321092,83.011437,Sitla Maa,Sitala Maa,Goddess,"Tree,Tree-temple",1,,263,3
1862,25.321124,83.011555,Hanuman,Hanuman,Hanuman,Free-standing,1,,254,3
1863,25.321147,83.011651,"Siva,Siva-Parvati","Shiva,Shiva-Parvati",Shaiva,"Tree-temple,Tree",2,,247,3
1864,25.321222,83.011613,Hanuman,Hanuman,Hanuman,Free-standing,1,,254,3
1865,25.321122,83.011684,Siva,Shiva,Shaiva,"Free-standing,Tree,Tree-temple",2,,242,3
1866,25.321196,83.011373,"RAMA,Rama-Sita,Rama family,Hanuman","Hanuman,Rama","Hanuman,Vaishnava",Built into a wall,4,,274,3
1867,25.320572,83.010734,Sitla Maa,Sitala Maa,Goddess,Free-standing,1,,314,3
1868,25.320641,83.010982,"Siva,Siva-Parvati","Shiva,Shiva-Parvati",Shaiva,Free-standing,2,,291,3
1869,25.320676,83.011199,"__ Maa,Devi","Devi,Local Maa",Goddess,Tree,1,,270,3
1870,25.320554,83.011574,Hanuman,Hanuman,Hanuman,Free-standing,2,,231,3
1871,25.320447,83.01167,Hanuman,Hanuman,Hanuman,"Tree,Tree-temple",1,,219,3
1872,25.319883,83.011258,Hanuman,Hanuman,Hanuman,Free-standing,3,,258,3
1873,25.319568,83.01119,Hanuman,Hanuman,Hanuman,Free-standing,1,,270,3
1874,25.319874,83.011426,"Siva,Siva-Parvati","Shiva,Shiva-Parvati",Shaiva,Free-standing,1,,241,3
1875,25.319866,83.011522,"Siva,Siva-Parvati","Shiva,Shiva-Parvati",Shaiva,Free-standing,1,Jambukeshwar mahadev,231,3
1876,25.319848,83.011348,Ganesh,Ganesh,Ganesh,Free-standing,1,Baraganesh mandir,249,3
1877,25.319443,83.011343,Krishna,Krishna,Vaishnava,Free-standing,2,,258,3
1878,25.319607,83.011302,"RAMA,Rama-Sita,Rama family,Hanuman","Hanuman,Rama","Hanuman,Vaishnava",Free-standing,6,,258,3
1879,25.319585,83.011398,"Siva,Siva-Parvati","Shiva,Shiva-Parvati",Shaiva,,1,Chitrakuteshwar mahadev,249,3
1880,25.319589,83.011119,Siva,Shiva,Shaiva,Free-standing,2,Adishakti mahakali,276,3
1881,25.318886,83.011468,"__ Maa,Devi","Devi,Local Maa",Goddess,Built into a wall,1,,260,2
1882,25.318757,83.011888,"Siva,Hanuman","Hanuman,Shiva","Hanuman,Shaiva",Free-standing,2,,224,2
1883,25.319653,83.015424,"Ganesh,Hanuman","Ganesh,Hanuman","Ganesh,Hanuman","Tree,Tree-temple",2,,81,3
1884,25.321194,83.015144,Siva,Shiva,Shaiva,Free-standing,1,Shri sharishwar mahadev,127,3
1885,25.321491,83.013958,"Rama family,Siva family,Siva,Hanuman,Ganesh","Ganesh,Hanuman,Rama,Shiva,Shiva family","Ganesh,Hanuman,Shaiva,Vaishnava",,11,,148,3
1886,25.320779,83.014007,Siva,Shiva,Shaiva,Temple complex,1,,70,3
1887,25.3208,83.014005,Other,Other,Other,"Built into a wall,Temple complex",3,,72,3
1888,25.321214,83.013661,Siva,Shiva,Shaiva,Free-standing,1,,125,3
1889,25.321454,83.01311,Krishna,Krishna,Vaishnava,Built into a wall,2,,167,3
1890,25.321356,83.017551,Krishna,Krishna,Vaishnava,Built into a wall,8,,334,3
1891,25.321136,83.017566,Siva,Shiva,Shaiva,Free-standing,1,,327,3
1892,25.320939,83.017355,"Siva,Siva-Parvati","Shiva,Shiva-Parvati",Shaiva,Free-standing,5,,301,3
1893,25.32103,83.018603,Hanuman,Hanuman,Hanuman,,1,,237,3
1894,25.320985,83.01874,"Siva,Siva-Parvati","Shiva,Shiva-Parvati",Shaiva,Free-standing,2,,223,3
1895,25.320985,83.018771,"__ Maa,Devi","Devi,Local Maa",Goddess,Temple complex,3,,220,3
1896,25.320984,83.018772,"Devi,__ Maa","Devi,Local Maa",Goddess,Temple complex,3,,220,3
1897,25.320779,83.01899,Hanuman,Hanuman,Hanuman,Free-standing,1,,195,3
1898,25.320329,83.01907,Siva,Shiva,Shaiva,Tree,1,,187,3
1899,25.32012,83.019751,Sitla Maa,Sitala Maa,Goddess,Free-standing,1,,125,3
1900,25.32037,83.019693,Ganesh,Ganesh,Ganesh,Free-standing,1,,124,3
1901,25.320639,83.019517,"Siva,Siva-Parvati","Shiva,Shiva-Parvati",Shaiva,Free-standing,3,,141,3
1902,25.320643,83.019564,"Hanuman,Siva","Hanuman,Shiva","Hanuman,Shaiva",Free-standing,2,,136,3
1903,25.321395,83.019355,"Devi,__ Maa","Devi,Local Maa",Goddess,Free-standing,1,,178,3
1904,25.321253,83.019907,Sitla Maa,Sitala Maa,Goddess,Free-standing,1,,121,0
1905,25.323322,83.022231,"__ Maa,Devi","Devi,Local Maa",Goddess,Built into a wall,1,,291,0
1906,25.321937,83.016804,"Siva,Siva-Parvati","Shiva,Shiva-Parvati",Shaiva,Free-standing,1,,302,3
1907,25.32159,83.015477,"Other,Siva","Other,Shiva","Other,Shaiva",Free-standing,2,,182,3
1908,25.321833,83.01736,Siva,Shiva,Shaiva,Free-standing,1,,341,3
1909,25.321365,83.017324,"Rama family,Hanuman,Ganesh","Ganesh,Hanuman,Rama","Ganesh,Hanuman,Vaishnava",Built into a wall,8,,314,3
1910,25.321018,83.018779,"Siva,Other","Other,Shiva","Other,Shaiva",Free-standing,2,,220,3
1911,25.320921,83.018795,"Hanuman,Other","Hanuman,Other","Hanuman,Other",Free-standing,2,,216,3
1912,25.320402,83.019272,"Siva-Parvati,Siva,Ganesh","Ganesh,Shiva,Shiva-Parvati","Ganesh,Shaiva",Free-standing,3,,166,3
1913,25.320358,83.020095,__ Bir Baabaa,Bir Baba,Folk,Free-standing,1,,85,3
1914,25.320957,83.01995,"Siva,Ganesh","Ganesh,Shiva","Ganesh,Shaiva",Tree-temple,2,,104,0
1915,25.321578,83.02207,"Krishna,Hanuman","Hanuman,Krishna","Hanuman,Vaishnava","Free-standing,Tree",2,,108,3
1916,25.320853,83.022322,"Siva,Hanuman","Hanuman,Shiva","Hanuman,Shaiva","Free-standing,Tree",2,,82,3
1917,25.333213,82.998811,"Siva,Hanuman","Hanuman,Shiva","Hanuman,Shaiva",Free-standing,3,,92,0
1918,25.333986,83.000737,Siva,Shiva,Shaiva,Tree-temple,2,,303,0
1919,25.334566,83.002646,"Siva,Hanuman,Ganesh","Ganesh,Hanuman,Shiva","Ganesh,Hanuman,Shaiva",Tree-temple,3,,506,0
1920,25.335782,83.005106,"Hanuman,Ganesh","Ganesh,Hanuman","Ganesh,Hanuman",Free-standing,2,,576,0
1921,25.335742,83.00483,"Devi,Other","Devi,Other","Goddess,Other",Free-standing,2,,603,0
1922,25.333903,83.014149,"Siva,Ganesh","Ganesh,Shiva","Ganesh,Shaiva",Tree-temple,2,,297,0
1923,25.332984,83.015385,"Siva,Krishna,Hanuman,Devi","Devi,Hanuman,Krishna,Shiva","Goddess,Hanuman,Shaiva,Vaishnava",Free-standing,8,,449,0
1924,25.33045,83.019281,"Siva family,Hanuman","Hanuman,Shiva family","Hanuman,Shaiva","Free-standing,Tree",4,,351,0
1925,25.327904,83.027706,"Siva,Hanuman,Ganesh","Ganesh,Hanuman,Shiva","Ganesh,Hanuman,Shaiva",Free-standing,5,,375,0
1926,25.327043,83.028815,Devi,Devi,Goddess,Free-standing,1,,448,0
1927,25.322046,83.004209,"Siva,Hanuman,Ganesh","Ganesh,Hanuman,Shiva","Ganesh,Hanuman,Shaiva",Free-standing,3,,517,0
1928,25.321162,83.011667,"Hanuman,Ganesh","Ganesh,Hanuman","Ganesh,Hanuman",Tree,2,,246,3
1929,25.322222,83.011522,"Hanuman,Ganesh,Devi","Devi,Ganesh,Hanuman","Ganesh,Goddess,Hanuman","Free-standing,Tree-temple",3,,330,3
1930,25.321659,83.01208,"Hanuman,Ganesh","Ganesh,Hanuman","Ganesh,Hanuman",Free-standing,3,,246,3
1931,25.321066,83.012274,Hanuman,Hanuman,Hanuman,Free-standing,1,,189,3
1932,25.319213,83.011328,Hanuman,Hanuman,Hanuman,Free-standing,1,,265,2
1933,25.320487,83.016916,"Siva,Hanuman","Hanuman,Shiva","Hanuman,Shaiva",Built into a wall,3,,246,3
1934,25.310287,82.970075,Sitla Maa,Sitala Maa,Goddess,"Free-standing,Built into a wall",3,,96,0
1935,25.310287,82.970075,Sitla Maa,Sitala Maa,Goddess,"Free-standing,Built into a wall",3,,96,0
1936,25.310642,82.969791,Hanuman,Hanuman,Hanuman,Tree-temple,2,,57,0
1937,25.316061,82.969825,__ Bir Baabaa,Bir Baba,Folk,,0,,84,0
1938,25.302119,82.96942,Siva,Shiva,Shaiva,Free-standing,0,,183,0
1939,25.30227,82.969847,"Siva,Siva-Parvati,Ganesh","Ganesh,Shiva,Shiva-Parvati","Ganesh,Shaiva","Tree,Tree-temple",5,,162,0
1940,25.316558,82.971017,"Hanuman,Ganesh,Other","Ganesh,Hanuman,Other","Ganesh,Hanuman,Other",Tree-temple,3,,130,0
1941,25.317056,82.97241,Siva,Shiva,Shaiva,Tree-temple,2,,202,0
1942,25.317377,82.973179,Other,Other,Other,Free-standing,1,,223,0
1943,25.320961,82.980527,"Hanuman,Siva","Hanuman,Shiva","Hanuman,Shaiva","Free-standing,Tree",2,,739,0
1944,25.321532,82.981812,"Siva,Hanuman","Hanuman,Shiva","Hanuman,Shaiva","Free-standing,Temple complex",5,,876,0
1945,25.323266,82.985459,Siva,Shiva,Shaiva,Tree-temple,1,,754,0
1946,25.325505,82.987258,"Siva,Devi,Hanuman,Ganesh","Devi,Ganesh,Hanuman,Shiva","Ganesh,Goddess,Hanuman,Shaiva","Free-standing,Tree,Temple complex",13,,457,0
1947,25.327568,82.988611,Siva,Shiva,Shaiva,Free-standing,1,,209,0
1948,25.329107,82.989414,"Siva,Hanuman,Rama-Sita,Other","Hanuman,Other,Rama,Shiva","Hanuman,Other,Shaiva,Vaishnava",Free-standing,6,,66,0
1949,25.33027,82.992485,Siva,Shiva,Shaiva,Free-standing,1,,330,0
1950,25.333345,82.997131,"Siva,Siva-Parvati","Shiva,Shiva-Parvati",Shaiva,Free-standing,3,,65,0
1951,25.333382,82.997278,Siva,Shiva,Shaiva,Free-standing,1,,65,0
1952,25.333158,82.996577,Hanuman,Hanuman,Hanuman,Tree-temple,1,,78,0
1953,25.333115,82.996936,Hanuman,Hanuman,Hanuman,Free-standing,1,,51,0
1954,25.334254,83.001732,"Siva,Other","Other,Shiva","Other,Shaiva",Free-standing,3,,408,0
1955,25.335315,83.00487,Siva,Shiva,Shaiva,Free-standing,1,,595,0
1956,25.33369,83.013849,Krishna,Krishna,Vaishnava,Free-standing,2,,276,0
1957,25.33407,83.013631,Siva,Shiva,Shaiva,Free-standing,2,,242,0
1958,25.334171,83.013489,"Hanuman,Siva","Hanuman,Shiva","Hanuman,Shaiva",Tree-temple,2,,225,0
1959,25.330327,83.020624,Siva,Shiva,Shaiva,Tree-temple,1,,416,0
1960,25.33055,83.020898,"Siva,Hanuman","Hanuman,Shiva","Hanuman,Shaiva",Tree-temple,4,,380,0
1961,25.33042,83.021457,"Siva,Other","Other,Shiva","Other,Shaiva","Free-standing,Tree",2,,342,0
1962,25.33038,83.021913,Siva,Shiva,Shaiva,Tree,1,,310,0
1963,25.330324,83.022382,"Ganesh,Siva","Ganesh,Shiva","Ganesh,Shaiva",Tree,2,,283,0
1964,25.329777,83.023489,Other,Other,Other,Tree-temple,1,,291,0
1965,25.330139,83.023573,Siva,Shiva,Shaiva,Tree-temple,1,,250,0
1966,25.330843,83.024565,Hanuman,Hanuman,Hanuman,Free-standing,1,,171,0
1967,25.327828,83.027885,Other,Other,Other,Free-standing,1,,378,0
1968,25.326982,83.02948,Hanuman,Hanuman,Hanuman,Tree-temple,1,,451,0
1969,25.327356,83.034169,Hanuman,Hanuman,Hanuman,Free-standing,1,,288,0
1970,25.321439,83.005953,Hanuman,Hanuman,Hanuman,Free-standing,1,,455,0
1971,25.321138,83.011546,Other,Other,Other,Tree-temple,1,,256,3
1972,25.321155,83.011598,Hanuman,Hanuman,Hanuman,Free-standing,1,,252,3
1973,25.321154,83.011562,Hanuman,Hanuman,Hanuman,Tree-temple,1,,255,3
1974,25.32218,83.011777,"Siva,Other","Other,Shiva","Other,Shaiva",Free-standing,11,,309,3
1975,25.320873,83.013966,"Siva,Hanuman,Other,__ Bir Baabaa","Bir Baba,Hanuman,Other,Shiva","Folk,Hanuman,Other,Shaiva","Free-standing,Tree,Temple complex",8,,81,3
1976,25.320095,83.012757,"Siva,Devi,Other","Devi,Other,Shiva","Goddess,Other,Shaiva",Free-standing,3,,106,3
1977,25.319659,83.012939,Hanuman,Hanuman,Hanuman,Free-standing,1,,96,3
1978,25.247047,83.026733,Hanuman,Hanuman,Hanuman,Free-standing,1,,97,0
1979,25.346113,82.98154,"Hanuman,__ Maa","Hanuman,Local Maa","Goddess,Hanuman",Tree-temple,0,,485,0
1980,25.346171,82.981778,"Siva,Ganesh","Ganesh,Shiva","Ganesh,Shaiva",Free-standing,4,,469,0
1981,25.320359,83.022693,"Siva,Siva-Parvati","Shiva,Shiva-Parvati",Shaiva,Free-standing,2,,124,3
1982,25.320424,83.022702,"Siva,Siva-Parvati","Shiva,Shiva-Parvati",Shaiva,Free-standing,2,,123,3
1983,25.32038,83.022588,"Siva,Siva-Parvati","Shiva,Shiva-Parvati",Shaiva,Free-standing,2,,114,3
1984,25.320313,83.02265,"Siva,Siva-Parvati","Shiva,Shiva-Parvati",Shaiva,Free-standing,2,,122,3
1985,25.320265,83.022698,"Siva,Siva-Parvati,Hanuman","Hanuman,Shiva,Shiva-Parvati","Hanuman,Shaiva",Temple complex,2,Kameshwar mahadev,128,3
1986,25.320409,83.022603,"Siva,Siva-Parvati","Shiva,Shiva-Parvati",Shaiva,Temple complex,5,,114,3
1987,25.320407,83.022548,"Siva,Siva-Parvati","Shiva,Shiva-Parvati",Shaiva,Temple complex,2,,109,3
1988,25.32043,83.022507,"RAMA,Rama-Sita,Hanuman","Hanuman,Rama","Hanuman,Vaishnava",Temple complex,4,,104,3
1989,25.320317,83.022544,"Siva,Siva-Parvati","Shiva,Shiva-Parvati",Shaiva,Temple complex,2,,112,3
1990,25.320517,83.022543,"Siva,Siva-Parvati","Shiva,Shiva-Parvati",Shaiva,Temple complex,5,,105,3
1991,25.320535,83.022486,Siva,Shiva,Shaiva,Free-standing,2,,99,3
1992,25.320331,83.02257,"Siva,Siva-Parvati","Shiva,Shiva-Parvati",Shaiva,Free-standing,1,,114,3
1993,25.320391,83.022562,Siva,Shiva,Shaiva,Tree,1,,111,3
1994,25.320492,83.022614,"Siva,Siva-Parvati","Shiva,Shiva-Parvati",Shaiva,Temple complex,3,,113,3
1995,25.320452,83.022623,Other,Other,Other,Temple complex,1,,115,3
1996,25.320837,83.02261,"Siva,Siva-Parvati","Shiva,Shiva-Parvati",Shaiva,Temple complex,2,,111,3
1997,25.323207,83.022362,"Siva,Hanuman","Hanuman,Shiva","Hanuman,Shaiva",Free-standing,2,,283,0
1998,25.316729,83.022306,Hanuman,Hanuman,Hanuman,Free-standing,1,,0,0
1999,25.319225,83.022191,Siva,Shiva,Shaiva,Built into a wall,1,,112,3
2000,25.319426,83.022434,"Siva,Siva-Parvati","Shiva,Shiva-Parvati",Shaiva,Free-standing,1,,119,3
2001,25.31947,83.022548,Other,Other,Other,Free-standing,0,,117,3
2002,25.316643,83.02234,Hanuman,Hanuman,Hanuman,Built into a wall,1,,0,0
2003,25.319199,83.022328,"Siva,Siva-Parvati","Shiva,Shiva-Parvati",Shaiva,Built into a wall,1,,103,3
2004,25.319257,83.022629,"Hanuman,Other","Hanuman,Other","Hanuman,Other",Free-standing,3,,93,3
2005,25.319269,83.022919,RAMA,Rama,Vaishnava,Built into a wall,1,,79,3
2006,25.318813,83.022702,"__ Maa,Devi","Devi,Local Maa",Goddess,Free-standing,1,Kamakhya shaktipeeth,47,3
2007,25.318741,83.022927,Hanuman,Hanuman,Hanuman,Built into a wall,1,,28,3
2008,25.318749,83.022873,"Siva,Siva-Parvati","Shiva,Shiva-Parvati",Shaiva,Free-standing,1,,32,3
2009,25.318713,83.022913,"Siva,Siva-Parvati","Shiva,Shiva-Parvati",Shaiva,Built into a wall,2,,26,3
2010,25.318704,83.022884,Ganesh,Ganesh,Ganesh,Built into a wall,1,,27,3
2011,25.318701,83.022852,"Siva,Siva-Parvati","Shiva,Shiva-Parvati",Shaiva,Free-standing,1,Badrinarayan mandir,28,3
2012,25.318678,83.022828,Siva,Shiva,Shaiva,Free-standing,1,,28,3
2013,25.31887,83.023078,Hanuman,Hanuman,Hanuman,Built into a wall,1,,33,3
2014,25.318963,83.023247,Hanuman,Hanuman,Hanuman,Built into a wall,1,,34,3
2015,25.319081,83.023244,Siva,Shiva,Shaiva,Free-standing,1,,45,3
2016,25.319092,83.023231,"Siva,Siva-Parvati","Shiva,Shiva-Parvati",Shaiva,Free-standing,3,,47,3
2017,25.318856,83.023251,"Siva,Siva-Parvati","Shiva,Shiva-Parvati",Shaiva,Free-standing,6,,23,3
2018,25.319284,83.02365,Hanuman,Hanuman,Hanuman,Built into a wall,1,,40,3
2019,25.319023,83.023249,"Siva,Siva-Parvati","Shiva,Shiva-Parvati",Shaiva,Built into a wall,1,,39,3
2020,25.318943,83.023323,"Siva,Siva-Parvati,Siva family","Shiva,Shiva family,Shiva-Parvati",Shaiva,Built into a wall,7,,28,3
2021,25.319296,83.023486,"Siva,Siva-Parvati","Shiva,Shiva-Parvati",Shaiva,Free-standing,2,,52,3
2022,25.319537,83.02343,"Siva,Siva-Parvati","Shiva,Shiva-Parvati",Shaiva,Temple complex,7,,76,3
2023,25.31964,83.023322,"Siva,Siva-Parvati","Shiva,Shiva-Parvati",Shaiva,Free-standing,1,Chandaneshwar mahadev,92,3
2024,25.319498,83.023161,"Siva,Siva-Parvati","Shiva,Shiva-Parvati",Shaiva,Free-standing,1,,90,3
2025,25.319421,83.023165,Hanuman,Hanuman,Hanuman,Built into a wall,1,,82,3
2026,25.319649,83.022709,Krishna,Krishna,Vaishnava,Free-standing,1,,126,3
2027,25.319639,83.023157,"Siva,Siva-Parvati","Shiva,Shiva-Parvati",Shaiva,Free-standing,1,,102,3
2028,25.319933,83.023241,Krishna,Krishna,Vaishnava,Temple complex,2,,123,3
2029,25.319861,83.023277,"Siva,Siva-Parvati","Shiva,Shiva-Parvati",Shaiva,Temple complex,2,,114,3
2030,25.319691,83.023331,"__ Maa,Devi","Devi,Local Maa",Goddess,Built into a wall,1,Vindhyavashini Devi,96,3
2031,25.319668,83.02331,"Siva,Siva-Parvati","Shiva,Shiva-Parvati",Shaiva,Free-standing,1,Trilwchwanseshwar mahadev,95,3
2032,25.319823,83.023339,"Siva,Siva-Parvati,Ganesh","Ganesh,Shiva,Shiva-Parvati","Ganesh,Shaiva",Temple complex,7,,107,3
2033,25.319666,83.023434,"Siva,Siva-Parvati,Siva family","Shiva,Shiva family,Shiva-Parvati",Shaiva,Temple complex,8,,88,3
2034,25.319584,83.023378,Hanuman,Hanuman,Hanuman,Built into a wall,1,,84,3
2035,25.319901,83.024141,Ganesh,Ganesh,Ganesh,Built into a wall,1,,66,3
2036,25.318437,83.025101,"RAMA,Rama-Sita,Rama family,Hanuman","Hanuman,Rama","Hanuman,Vaishnava",Temple complex,6,,0,0
2037,25.318437,83.025101,"Siva,Siva-Parvati","Shiva,Shiva-Parvati",Shaiva,Built into a wall,2,,0,0
2038,25.315309,83.022324,"Siva,Siva-Parvati","Shiva,Shiva-Parvati",Shaiva,Temple complex,8,,0,0
2039,25.315309,83.022324,"Siva,Siva-Parvati","Shiva,Shiva-Parvati",Shaiva,"Tree,Tree-temple",4,,0,0
2040,25.315309,83.022324,Ganesh,Ganesh,Ganesh,Built into a wall,1,,0,0
2041,25.319755,83.02337,Sitla Maa,Sitala Maa,Goddess,Built into a wall,1,,99,3
2042,25.319806,83.023519,"Siva,Siva-Parvati","Shiva,Shiva-Parvati",Shaiva,Temple complex,1,,95,3
2043,25.318803,83.023392,Ganesh,Ganesh,Ganesh,Built into a wall,1,,11,3
2044,25.318945,83.023821,"Siva,Siva-Parvati,Siva family","Shiva,Shiva family,Shiva-Parvati",Shaiva,Temple complex,5,,0,3
2045,25.318646,83.024001,"Siva,Siva-Parvati","Shiva,Shiva-Parvati",Shaiva,Temple complex,1,,0,3
2046,25.318646,83.024001,"Siva,Siva-Parvati,Siva family","Shiva,Shiva family,Shiva-Parvati",Shaiva,Temple complex,4,,0,3
2047,25.319528,83.02351,"__ Maa,Devi","Devi,Local Maa",Goddess,Temple complex,1,Varanasidevi,71,3
2048,25.319715,83.023241,"Siva,Siva-Parvati,Siva family","Shiva,Shiva family,Shiva-Parvati",Shaiva,Temple complex,6,,103,3
2049,25.317271,83.02273,Siva-Parvati,Shiva-Parvati,Shaiva,Built into a wall,2,,0,0
2050,25.317271,83.02273,Ganesh,Ganesh,Ganesh,Built into a wall,1,,0,0
2051,25.315323,83.02233,"Siva-Parvati,Siva","Shiva,Shiva-Parvati",Shaiva,Free-standing,1,Viaheshwar mahadev,0,0
2052,25.315323,83.02233,"Siva,Siva-Parvati,Siva family","Shiva,Shiva family,Shiva-Parvati",Shaiva,,5,Panchmeshwar mahadev,0,0
2053,25.320195,83.022904,"Siva,Siva-Parvati","Shiva,Shiva-Parvati",Shaiva,Free-standing,2,,150,3
2054,25.320216,83.022791,"Siva,Siva-Parvati","Shiva,Shiva-Parvati",Shaiva,Tree-temple,1,,139,3
2055,25.323651,83.03125,Hanuman,Hanuman,Hanuman,Tree-temple,1,Sri sarv shaktiishvar Mandir Kashi,42,3
2056,25.323364,83.030345,"Siva-Parvati,Ganesh","Ganesh,Shiva-Parvati","Ganesh,Shaiva",Tree-temple,4,,60,3
2057,25.323403,83.030331,Hanuman,Hanuman,Hanuman,Built into a wall,1,,65,3
2058,25.321882,83.028513,"Siva,Ganesh","Ganesh,Shiva","Ganesh,Shaiva",Built into a wall,2,,19,3
2059,25.321876,83.028517,Siva,Shiva,Shaiva,Temple complex,2,,18,3
2060,25.321815,83.028342,Siva,Shiva,Shaiva,Built into a wall,3,,23,3
2061,25.321912,83.028336,Ganesh,Ganesh,Ganesh,"Tree-temple,Built into a wall",5,,32,3
2062,25.321986,83.028255,"Siva,Ganesh","Ganesh,Shiva","Ganesh,Shaiva","Tree,Built into a wall",4,,43,3
2063,25.321975,83.028328,"Siva,Rama-Sita,Ganesh","Ganesh,Rama,Shiva","Ganesh,Shaiva,Vaishnava",Built into a wall,9,,38,3
2064,25.321987,83.028294,"Siva,Krishna,Hanuman","Hanuman,Krishna,Shiva","Hanuman,Shaiva,Vaishnava",Built into a wall,4,,41,3
2065,25.321991,83.028294,"Siva,Ganesh","Ganesh,Shiva","Ganesh,Shaiva",Built into a wall,2,,41,3
2066,25.322131,83.028248,Hanuman,Hanuman,Hanuman,Free-standing,0,,57,3
2067,25.322289,83.028036,Hanuman,Hanuman,Hanuman,Built into a wall,2,,83,3
2068,25.322261,83.028262,Hanuman,Hanuman,Hanuman,,1,,68,3
2069,25.322029,83.028465,Siva,Shiva,Shaiva,Built-around,1,,35,3
2070,25.322057,83.028446,"Siva,Hanuman,Ganesh","Ganesh,Hanuman,Shiva","Ganesh,Hanuman,Shaiva",Built into a wall,3,,39,3
2071,25.321933,83.028417,Siva,Shiva,Shaiva,Free-standing,1,Sri jaageshvar,29,3
2072,25.321933,83.028422,Siva,Shiva,Shaiva,Free-standing,1,,29,3
2073,25.32367,83.031023,"Siva,Siva-Parvati,Hanuman,Ganesh","Ganesh,Hanuman,Shiva,Shiva-Parvati","Ganesh,Hanuman,Shaiva","Free-standing,Tree",4,,55,3
2074,25.323666,83.031003,"Siva,Siva-Parvati,Hanuman","Hanuman,Shiva,Shiva-Parvati","Hanuman,Shaiva",Tree,4,,56,3
2075,25.324227,83.032187,"Siva,Hanuman","Hanuman,Shiva","Hanuman,Shaiva","Free-standing,Tree-temple",6,,50,0
2076,25.324788,83.032859,Hanuman,Hanuman,Hanuman,"Tree,Free-standing,Tree-temple",1,,72,0
2077,25.324626,83.032713,"Siva,Hanuman,Ganesh","Ganesh,Hanuman,Shiva","Ganesh,Hanuman,Shaiva",Tree,8,,63,0
2078,25.324648,83.032859,"Siva-Parvati,Siva,Hanuman,Other","Hanuman,Other,Shiva,Shiva-Parvati","Hanuman,Other,Shaiva",Free-standing,6,,58,0
2079,25.323258,83.030281,Siva,Shiva,Shaiva,Free-standing,2,,54,3
2080,25.322675,83.029459,Other,Other,Other,Free-standing,2,,41,3
2081,25.321635,83.028439,"Siva-Parvati,Other","Other,Shiva-Parvati","Other,Shaiva",Free-standing,2,,1,3
2082,25.321286,83.026699,"Siva,Ganesh,Devi","Devi,Ganesh,Shiva","Ganesh,Goddess,Shaiva","Free-standing,Tree-temple",13,,48,3
2083,25.32065,83.02541,"Siva,__ Maa","Local Maa,Shiva","Goddess,Shaiva",Free-standing,1,,59,3
2084,25.308125,83.011505,"Siva,Hanuman","Hanuman,Shiva","Hanuman,Shaiva",Free-standing,5,,7,3
2085,25.304292,82.986157,Siva,Shiva,Shaiva,"Tree,Tree-temple",1,,599,0
2086,25.300135,82.985801,__ Bir Baabaa,Bir Baba,Folk,Tree-temple,0,,252,0
2087,25.303352,82.987278,"Siva-Parvati,Ganesh","Ganesh,Shiva-Parvati","Ganesh,Shaiva",Free-standing,5,Side hi vinayak Mandir,578,0
2088,25.324126,83.031954,"Siva,Siva-Parvati","Shiva,Shiva-Parvati",Shaiva,Free-standing,1,,52,0
2089,25.324086,83.03177,"Siva,Siva-Parvati","Shiva,Shiva-Parvati",Shaiva,Free-standing,1,,58,0
2090,25.324079,83.031856,Siva,Shiva,Shaiva,Free-standing,1,,53,0
2091,25.323286,83.030362,"Devi,__ Maa","Devi,Local Maa",Goddess,Tree,1,,52,3
2092,25.323071,83.030159,"Siva,Siva-Parvati,Ganesh,Hanuman","Ganesh,Hanuman,Shiva,Shiva-Parvati","Ganesh,Hanuman,Shaiva","Tree-temple,Tree",6,,42,3
2093,25.323073,83.03,"Siva,Siva-Parvati","Shiva,Shiva-Parvati",Shaiva,Free-standing,1,,51,3
2094,25.32179,83.027984,Other,Other,Other,Tree,0,,38,3
2095,25.321768,83.027944,Ganesh,Ganesh,Ganesh,"Free-standing,Built into a wall",1,,38,3
2096,25.321748,83.027922,"__ Maa,Devi","Devi,Local Maa",Goddess,Free-standing,2,,37,3
2097,25.321739,83.027775,"Siva,Siva-Parvati","Shiva,Shiva-Parvati",Shaiva,"Tree,Tree-temple",1,,42,3
2098,25.321459,83.026561,"Siva,Siva-Parvati","Shiva,Shiva-Parvati",Shaiva,Tree,1,,71,3
2099,25.321491,83.026518,Hanuman,Hanuman,Hanuman,Free-standing,1,,76,3
2100,25.321477,83.026529,"Siva,Siva-Parvati","Shiva,Shiva-Parvati",Shaiva,Free-standing,1,,75,3
2101,25.320618,83.025397,Siva,Shiva,Shaiva,Free-standing,1,,57,3
2102,25.320733,83.025491,Siva-Parvati,Shiva-Parvati,Shaiva,Free-standing,2,,61,3
2103,25.3209,83.025659,Hanuman,Hanuman,Hanuman,Free-standing,1,,65,3
2104,25.320898,83.02565,Siva-Parvati,Shiva-Parvati,Shaiva,Free-standing,1,,65,3
2105,25.320659,83.025557,"RAMA,Rama-Sita,Rama family,Hanuman","Hanuman,Rama","Hanuman,Vaishnava",Free-standing,4,,50,3
2106,25.320319,83.024712,"Siva,Siva-Parvati","Shiva,Shiva-Parvati",Shaiva,Free-standing,1,,75,3
2107,25.321485,83.026483,"Siva,Siva-Parvati","Shiva,Shiva-Parvati",Shaiva,Free-standing,1,,77,3
2108,25.321916,83.027027,"Siva,Siva-Parvati,Hanuman","Hanuman,Shiva,Shiva-Parvati","Hanuman,Shaiva","Free-standing,Tree,Tree-temple",2,,91,3
2109,25.321839,83.027138,Siva,Shiva,Shaiva,"Tree,Tree-temple",1,,78,3
2110,25.322743,83.027813,"Siva,Siva-Parvati,Ganesh","Ganesh,Shiva,Shiva-Parvati","Ganesh,Shaiva",Built into a wall,2,,137,3
2111,25.323222,83.027769,Krishna,Krishna,Vaishnava,Free-standing,2,,184,3
2112,25.323057,83.027656,Siva,Shiva,Shaiva,Built into a wall,1,,175,3
2113,25.32317,83.027714,Siva,Shiva,Shaiva,Built into a wall,1,,182,3
2114,25.323224,83.027644,Siva,Shiva,Shaiva,Built into a wall,1,,191,3
2115,25.323193,83.02774,"Devi,__ Maa","Devi,Local Maa",Goddess,Free-standing,1,,183,3
2116,25.323209,83.027779,"Siva,Hanuman","Hanuman,Shiva","Hanuman,Shaiva",Free-standing,2,,182,3
2117,25.323183,83.027753,Siva,Shiva,Shaiva,"Tree,Tree-temple",1,,181,3
2118,25.323415,83.027544,"Siva,Hanuman","Hanuman,Shiva","Hanuman,Shaiva",Free-standing,2,,215,3
2119,25.323576,83.027813,"Siva,Siva-Parvati,Siva family","Shiva,Shiva family,Shiva-Parvati",Shaiva,Free-standing,5,,215,3
2120,25.323368,83.028078,"Siva,Siva-Parvati","Shiva,Shiva-Parvati",Shaiva,Free-standing,1,,181,3
2121,25.32311,83.029036,"Siva,Siva-Parvati","Shiva,Shiva-Parvati",Shaiva,Free-standing,4,,104,3
2122,25.314627,83.022473,"Devi,__ Maa","Devi,Local Maa",Goddess,Free-standing,1,Kali ma,0,0
2123,25.321277,83.033464,Other,Other,Other,Built into a wall,1,,0,0
2124,25.323246,83.029906,Siva,Shiva,Shaiva,Built into a wall,1,,72,3
2125,25.323192,83.029852,Siva,Shiva,Shaiva,Built into a wall,1,,70,3
2126,25.323199,83.029854,Other,Other,Other,Built into a wall,1,,70,3
2127,25.323159,83.029873,"Siva-Parvati,Siva family","Shiva family,Shiva-Parvati",Shaiva,Temple complex,4,,65,3
2128,25.324111,83.029625,Siva,Shiva,Shaiva,Free-standing,1,,169,3
2129,25.323979,83.028524,Hanuman,Hanuman,Hanuman,Built into a wall,1,,213,0
2130,25.322624,83.027191,"Siva,Siva-Parvati","Shiva,Shiva-Parvati",Shaiva,Built into a wall,2,,155,3
2131,25.321781,83.02602,"Devi,__ Maa","Devi,Local Maa",Goddess,Free-standing,1,Shri shameta Mai,130,3
2132,25.321435,83.024534,Siva,Shiva,Shaiva,Built into a wall,1,,182,3
2133,25.32104,83.023451,Siva,Shiva,Shaiva,Free-standing,1,,198,3
2134,25.32533,83.03022,"Siva,Hanuman","Hanuman,Shiva","Hanuman,Shaiva",Free-standing,2,,255,0
2135,25.325503,83.030396,Siva,Shiva,Shaiva,Free-standing,1,,263,0
2136,25.304524,82.987768,"Siva,Siva-Parvati,Devi","Devi,Shiva,Shiva-Parvati","Goddess,Shaiva",Built into a wall,4,,709,0
2137,25.304481,82.990018,Ganesh,Ganesh,Ganesh,Built into a wall,0,,702,0
2138,25.320686,83.024721,Siva,Shiva,Shaiva,Free-standing,1,,105,3
2139,25.320889,83.025092,__ Bir Baabaa,Bir Baba,Folk,Free-standing,0,,99,3
2140,25.320836,83.025627,Hanuman,Hanuman,Hanuman,"Free-standing,Tree",1,,61,3
2141,25.321479,83.026306,Other,Other,Other,Tree,1,,86,3
2142,25.32289,83.02778,Hanuman,Hanuman,Hanuman,Free-standing,1,,153,3
2143,25.32265,83.027365,"Hanuman,Siva","Hanuman,Shiva","Hanuman,Shaiva",Free-standing,2,,151,3
2144,25.32319,83.027623,Siva,Shiva,Shaiva,"Free-standing,Tree-temple",1,,189,3
2145,25.323245,83.027739,Siva,Shiva,Shaiva,Free-standing,1,,188,3
2146,25.323382,83.027466,"Rama family,Hanuman","Hanuman,Rama","Hanuman,Vaishnava","Free-standing,Tree-temple",4,,216,3
2147,25.323306,83.027472,"Siva,Ganesh","Ganesh,Shiva","Ganesh,Shaiva","Tree,Tree-temple",3,,208,3
2148,25.323568,83.027667,Siva,Shiva,Shaiva,Built-around,1,,222,3
2149,25.323272,83.028245,"Siva,Hanuman","Hanuman,Shiva","Hanuman,Shaiva",Free-standing,3,,163,3
2150,25.322689,83.028206,Ganesh,Ganesh,Ganesh,Built into a wall,1,,111,3
2151,25.323441,83.028993,Ganesh,Ganesh,Ganesh,Free-standing,1,,138,3
2152,25.323398,83.029062,Hanuman,Hanuman,Hanuman,Free-standing,1,,130,3
2153,25.322869,83.029263,"Siva,Hanuman,Ganesh","Ganesh,Hanuman,Shiva","Ganesh,Hanuman,Shaiva",Free-standing,7,,69,3
2154,25.323497,83.029604,Siva,Shiva,Shaiva,,1,,111,3
2155,25.323164,83.029818,"Rama family,Siva","Rama,Shiva","Shaiva,Vaishnava",Free-standing,5,,69,3
2156,25.323211,83.02986,Siva,Shiva,Shaiva,Free-standing,9,,71,3
2157,25.323454,83.029702,Siva,Shiva,Shaiva,Free-standing,2,,102,3
2158,25.323519,83.028672,Hanuman,Hanuman,Hanuman,Built into a wall,1,,162,3
2159,25.323126,83.027282,Hanuman,Hanuman,Hanuman,Free-standing,1,,202,3
2160,25.323026,83.027321,"Siva,Hanuman","Hanuman,Shiva","Hanuman,Shaiva",Free-standing,3,,191,3
2161,25.321146,83.024734,"Siva,__ Bir Baabaa,Hanuman,Ganesh","Bir Baba,Ganesh,Hanuman,Shiva","Folk,Ganesh,Hanuman,Shaiva",Free-standing,5,,144,3
2162,25.321325,83.023993,"Siva,Hanuman","Hanuman,Shiva","Hanuman,Shaiva","Free-standing,Tree",2,,207,3
2163,25.324562,83.030555,__ Maa,Local Maa,Goddess,Free-standing,3,,164,3
2164,25.325525,83.0228,Siva,Shiva,Shaiva,Free-standing,1,,542,3
2165,25.325278,83.022773,"Siva,Siva-Parvati","Shiva,Shiva-Parvati",Shaiva,Free-standing,1,Markeshwar mahadev,514,3
2166,25.325232,83.022886,"Siva,Siva-Parvati","Shiva,Shiva-Parvati",Shaiva,Temple complex,3,,513,3
2167,25.325207,83.022882,"__ Maa,Devi","Devi,Local Maa",Goddess,Temple complex,3,,510,3
2168,25.325234,83.022768,"Siva,Siva-Parvati","Shiva,Shiva-Parvati",Shaiva,Temple complex,4,,510,3
2169,25.325206,83.022877,"Siva,Siva-Parvati","Shiva,Shiva-Parvati",Shaiva,Temple complex,4,,510,3
2170,25.325394,83.022829,"Siva,Siva-Parvati","Shiva,Shiva-Parvati",Shaiva,Temple complex,5,,528,3
2171,25.32539,83.022867,"Siva,Siva-Parvati,Hanuman","Hanuman,Shiva,Shiva-Parvati","Hanuman,Shaiva",Temple complex,3,,529,3
2172,25.325354,83.022843,Siva,Shiva,Shaiva,Temple complex,2,,525,3
2173,25.325365,83.022851,"Siva,Siva-Parvati","Shiva,Shiva-Parvati",Shaiva,Temple complex,3,,526,3
2174,25.325362,83.022884,"Siva,Siva-Parvati","Shiva,Shiva-Parvati",Shaiva,Temple complex,1,,527,3
2175,25.325381,83.022902,Siva,Shiva,Shaiva,Temple complex,1,,529,3
2176,25.325381,83.022902,Siva,Shiva,Shaiva,Temple complex,1,,529,3
2177,25.325381,83.022902,Siva,Shiva,Shaiva,Temple complex,1,,529,3
2178,25.32539,83.022934,"Siva,Siva-Parvati,__ Maa,Devi","Devi,Local Maa,Shiva,Shiva-Parvati","Goddess,Shaiva",Temple complex,9,,531,3
2179,25.325358,83.022931,"Siva,Siva-Parvati","Shiva,Shiva-Parvati",Shaiva,Temple complex,1,,527,3
2180,25.325246,83.022867,Siva,Shiva,Shaiva,Temple complex,1,,514,3
2181,25.325247,83.022979,Hanuman,Hanuman,Hanuman,Free-standing,1,,517,2
2182,25.32487,83.0232,"Siva,Siva-Parvati,Hanuman","Hanuman,Shiva,Shiva-Parvati","Hanuman,Shaiva",Free-standing,2,,485,2
2183,25.324912,83.023165,"Siva,Siva-Parvati","Shiva,Shiva-Parvati",Shaiva,"Tree,Tree-temple",2,,489,2
2184,25.324819,83.023102,Siva,Shiva,Shaiva,Temple complex,1,,477,2
2185,25.322406,83.02547,__ Maa,Local Maa,Goddess,Free-standing,1,,218,0
2186,25.322488,83.025513,"Siva,Siva-Parvati","Shiva,Shiva-Parvati",Shaiva,Free-standing,1,,223,0
2187,25.324446,83.031075,Hanuman,Hanuman,Hanuman,Built into a wall,1,,127,0
2188,25.325186,83.029125,"__ Maa,Devi","Devi,Local Maa",Goddess,Free-standing,1,,297,0
2189,25.327057,83.028942,Sitla Maa,Sitala Maa,Goddess,Free-standing,1,,446,0
2190,25.326863,83.029547,Hanuman,Hanuman,Hanuman,Tree-temple,1,,436,0
2191,25.298652,83.004922,__ Bir Baabaa,Bir Baba,Folk,Free-standing,0,,257,3
2192,25.313257,83.00089,"Rama family,Hanuman","Hanuman,Rama","Hanuman,Vaishnava","Free-standing,Tree",4,,133,0
2193,25.31329,83.001439,"Siva,Hanuman,Ganesh,Other","Ganesh,Hanuman,Other,Shiva","Ganesh,Hanuman,Other,Shaiva",Free-standing,4,,96,0
2194,25.316006,82.999017,"Siva,Ganesh","Ganesh,Shiva","Ganesh,Shaiva","Free-standing,Built-around",8,,68,0
2195,25.316033,82.999104,Hanuman,Hanuman,Hanuman,"Free-standing,Built-around",0,Sri praciin hanuman mandir,67,0
2196,25.322817,83.016161,Siva,Shiva,Shaiva,Free-standing,1,,334,3
2197,25.322894,83.016061,"__ Maa,Devi","Devi,Local Maa",Goddess,Tree,1,,336,3
2198,25.322312,83.01543,Siva,Shiva,Shaiva,Free-standing,1,,250,3
2199,25.322977,83.013545,Siva,Shiva,Shaiva,Free-standing,1,,318,3
2200,25.322746,83.012914,Krishna,Krishna,Vaishnava,Built into a wall,2,,308,3
2201,25.323727,83.012163,"Siva,Siva-Parvati,Hanuman","Hanuman,Shiva,Shiva-Parvati","Hanuman,Shaiva",Free-standing,2,Parakash Ji ka mandir,382,0
2202,25.323647,83.012136,Sitla Maa,Sitala Maa,Goddess,Temple complex,1,,383,0
2203,25.322657,83.011538,Sitla Maa,Sitala Maa,Goddess,Free-standing,1,Shitla ma,365,3
2204,25.322558,83.011485,Sitla Maa,Sitala Maa,Goddess,Temple complex,2,Shitla mata ka mandir,360,3
2205,25.322552,83.011449,Sitla Maa,Sitala Maa,Goddess,"Tree,Tree-temple",1,,362,3
2206,25.324156,83.011769,Sitla Maa,Sitala Maa,Goddess,Built into a wall,1,,329,0
2207,25.324421,83.010266,Sitla Maa,Sitala Maa,Goddess,Free-standing,1,,176,3
2208,25.324562,83.010365,Sitla Maa,Sitala Maa,Goddess,Free-standing,1,,180,3
2209,25.324506,83.01041,"Siva-Parvati,Siva","Shiva,Shiva-Parvati",Shaiva,Temple complex,1,,186,3
2210,25.324492,83.010385,Siva,Shiva,Shaiva,Tree,1,,184,3
2211,25.324438,83.009843,Other,Other,Other,Free-standing,1,,136,3
2212,25.324334,83.009766,Hanuman,Hanuman,Hanuman,"Free-standing,Tree-temple",1,,135,3
2213,25.32431,83.009701,"Siva,Siva-Parvati","Shiva,Shiva-Parvati",Shaiva,Free-standing,3,,131,3
2214,25.324187,83.009567,"Siva,Siva-Parvati","Shiva,Shiva-Parvati",Shaiva,Free-standing,5,,130,3
2215,25.324322,83.009743,"Siva,Siva-Parvati","Shiva,Shiva-Parvati",Shaiva,Temple complex,1,,134,3
2216,25.324243,83.009765,"Siva,Siva family","Shiva,Shiva family",Shaiva,Temple complex,2,,141,3
2217,25.324289,83.009705,"Siva,Siva-Parvati","Shiva,Shiva-Parvati",Shaiva,Temple complex,1,,133,3
2218,25.324287,83.009737,"Siva,Siva-Parvati","Shiva,Shiva-Parvati",Shaiva,Temple complex,1,,136,3
2219,25.324296,83.009728,"Siva,Siva-Parvati","Shiva,Shiva-Parvati",Shaiva,Temple complex,3,,134,3
2220,25.324288,83.009775,Hanuman,Hanuman,Hanuman,Temple complex,1,,139,3
2221,25.32402,83.009914,"Siva,Siva-Parvati","Shiva,Shiva-Parvati",Shaiva,Free-standing,1,,168,3
2222,25.324054,83.009993,Hanuman,Hanuman,Hanuman,Temple complex,1,,172,3
2223,25.3234,83.014014,"Siva,Siva-Parvati","Shiva,Shiva-Parvati",Shaiva,Free-standing,2,,355,2
2224,25.28929,83.006254,Krishna,Krishna,Vaishnava,Free-standing,2,,62,3
2225,25.290458,83.006282,"Siva,Ganesh","Ganesh,Shiva","Ganesh,Shaiva",Free-standing,7,,24,3
2226,25.290477,83.006291,"Siva,Ganesh","Ganesh,Shiva","Ganesh,Shaiva",Free-standing,5,,24,3
2227,25.290417,83.006283,Siva,Shiva,Shaiva,Free-standing,1,,24,3
2228,25.290435,83.006307,"Siva,Siva family,Hanuman","Hanuman,Shiva,Shiva family","Hanuman,Shaiva",Free-standing,4,,21,3
2229,25.290404,83.006315,Siva,Shiva,Shaiva,Free-standing,2,,21,3
2230,25.290524,83.006232,"Siva,Other","Other,Shiva","Other,Shaiva",Free-standing,2,,30,3
2231,25.290516,83.006329,Siva family,Shiva family,Shaiva,Tree,4,,21,3
2232,25.290491,83.006323,Siva,Shiva,Shaiva,Free-standing,1,,21,3
2233,25.290577,83.006259,Hanuman,Hanuman,Hanuman,Free-standing,1,,29,3
2234,25.290436,83.006232,"Siva,__ Bir Baabaa,Hanuman","Bir Baba,Hanuman,Shiva","Folk,Hanuman,Shaiva",Free-standing,7,,29,3
2235,25.290455,83.006287,"Siva,Siva family","Shiva,Shiva family",Shaiva,Free-standing,11,,24,3
2236,25.290475,83.006249,Siva,Shiva,Shaiva,Free-standing,1,,28,3
2237,25.290897,83.006291,"Siva,Ganesh","Ganesh,Shiva","Ganesh,Shaiva",Free-standing,4,,30,3
2238,25.291027,83.006382,"__ Maa,Other","Local Maa,Other","Goddess,Other",Free-standing,2,,23,3
2239,25.291089,83.006359,Siva,Shiva,Shaiva,Free-standing,1,,26,3
2240,25.292722,83.006879,"Siva,Ganesh","Ganesh,Shiva","Ganesh,Shaiva",Free-standing,2,,14,0
2241,25.293394,83.007018,Hanuman,Hanuman,Hanuman,Built into a wall,2,,14,0
2242,25.296415,83.006793,Siva,Shiva,Shaiva,Free-standing,0,,53,0
2243,25.296433,83.007053,"Hanuman,Krishna","Hanuman,Krishna","Hanuman,Vaishnava",Free-standing,3,,26,3
2244,25.295979,83.006927,Siva,Shiva,Shaiva,Free-standing,1,,40,0
2245,25.295851,83.006874,"Siva,Siva family","Shiva,Shiva family",Shaiva,Free-standing,11,,46,0
2246,25.295861,83.006885,Siva,Shiva,Shaiva,Free-standing,2,,45,0
2247,25.295471,83.007271,Hanuman,Hanuman,Hanuman,Free-standing,1,,10,0
2248,25.296139,83.006951,Hanuman,Hanuman,Hanuman,Built into a wall,1,,37,0
2249,25.296894,83.007237,"Siva family,Ganesh","Ganesh,Shiva family","Ganesh,Shaiva",Free-standing,5,,20,3
2250,25.2969,83.007233,"Hanuman,__ Maa,Devi,Other","Devi,Hanuman,Local Maa,Other","Goddess,Hanuman,Other","Free-standing,Built into a wall",6,,21,3
2251,25.297198,83.007099,Siva,Shiva,Shaiva,Free-standing,2,,40,3
2252,25.297504,83.00733,Siva family,Shiva family,Shaiva,Free-standing,3,,23,3
2253,25.297597,83.007413,"Siva,Ganesh","Ganesh,Shiva","Ganesh,Shaiva",Free-standing,6,,16,3
2254,25.297793,83.007264,Siva-Parvati,Shiva-Parvati,Shaiva,Free-standing,2,,29,3
2255,25.297838,83.007264,__ Bir Baabaa,Bir Baba,Folk,Free-standing,3,,28,3
2256,25.297887,83.007189,Siva,Shiva,Shaiva,Free-standing,0,,35,3
2257,25.299009,83.007359,Siva,Shiva,Shaiva,Free-standing,1,,19,3
2258,25.323271,83.010363,Hanuman,Hanuman,Hanuman,Free-standing,1,,258,3
2259,25.325678,83.010683,Sitla Maa,Sitala Maa,Goddess,Free-standing,1,,206,0
2260,25.3308,83.011974,Siva,Shiva,Shaiva,Free-standing,1,,417,0
2261,25.32546,83.009392,"Siva,Ganesh","Ganesh,Shiva","Ganesh,Shaiva",Built into a wall,3,,76,3
2262,25.325539,83.009419,Siva,Shiva,Shaiva,Built into a wall,1,,78,3
2263,25.325463,83.009284,Hanuman,Hanuman,Hanuman,Tree-temple,1,,65,3
2264,25.325312,83.009037,Hanuman,Hanuman,Hanuman,Built into a wall,1,,40,3
2265,25.32522,83.008937,"Siva,Siva-Parvati","Shiva,Shiva-Parvati",Shaiva,Tree,3,,30,3
2266,25.326817,83.008694,Hanuman,Hanuman,Hanuman,Free-standing,1,,134,0
2267,25.326824,83.008416,Siva,Shiva,Shaiva,Free-standing,1,,135,0
2268,25.327082,83.007389,Siva,Shiva,Shaiva,Free-standing,1,,182,0
2269,25.327035,83.006025,Hanuman,Hanuman,Hanuman,Free-standing,1,,267,0
2270,25.328977,83.004461,"Siva,Siva-Parvati","Shiva,Shiva-Parvati",Shaiva,Free-standing,2,,528,0
2271,25.333772,83.003305,"Siva,Siva-Parvati,Hanuman","Hanuman,Shiva,Shiva-Parvati","Hanuman,Shaiva",Free-standing,3,,547,0
2272,25.334167,83.003318,Hanuman,Hanuman,Hanuman,Free-standing,2,,557,0
2273,25.341117,82.995895,Siva,Shiva,Shaiva,Free-standing,1,,511,0
2274,25.335673,83.004941,caura maa,Local Maa,Goddess,Free-standing,1,,591,0
2275,25.330518,83.012914,"Siva,Siva-Parvati","Shiva,Shiva-Parvati",Shaiva,Free-standing,2,,473,0
2276,25.328956,83.011818,"Siva,Hanuman","Hanuman,Shiva","Hanuman,Shaiva",Free-standing,2,,490,0
2277,25.327445,83.01078,"Hanuman,Siva-Parvati","Hanuman,Shiva-Parvati","Hanuman,Shaiva",Free-standing,2,Shri sankat haran hanuman mandir,297,2
2278,25.32713,83.011651,"Siva,Siva-Parvati","Shiva,Shiva-Parvati",Shaiva,Free-standing,2,,347,3
2279,25.327106,83.011707,Sitla Maa,Sitala Maa,Goddess,Temple complex,1,,351,3
2280,25.327176,83.011709,Hanuman,Hanuman,Hanuman,Free-standing,1,,355,3
2281,25.326997,83.011699,"Siva,Siva-Parvati","Shiva,Shiva-Parvati",Shaiva,Free-standing,3,,345,3
2282,25.327613,83.011754,"Siva,Siva-Parvati","Shiva,Shiva-Parvati",Shaiva,Temple complex,2,,385,3
2283,25.327098,83.01177,"Siva,Siva-Parvati","Shiva,Shiva-Parvati",Shaiva,Free-standing,2,Jwareshwar mahadev,356,3
2284,25.327138,83.011648,"Siva,Siva-Parvati","Shiva,Shiva-Parvati",Shaiva,"Free-standing,Temple complex",3,,347,3
2285,25.327078,83.011687,"Siva,Siva-Parvati,Siva family","Shiva,Shiva family,Shiva-Parvati",Shaiva,"Free-standing,Temple complex",4,Shri trikhandi mahadev,348,3
2286,25.32712,83.011759,Hanuman,Hanuman,Hanuman,Tree-temple,1,,356,3
2287,25.335558,83.002355,"Siva,Hanuman,Other","Hanuman,Other,Shiva","Hanuman,Other,Shaiva","Free-standing,Tree,Tree-temple",3,,530,0
2288,25.3366,83.003661,"Siva,Hanuman","Hanuman,Shiva","Hanuman,Shaiva",Free-standing,2,,603,0
2289,25.336843,83.004647,Siva,Shiva,Shaiva,Tree-temple,3,,544,0
2290,25.336605,83.00214,"Siva,Siva family,Other","Other,Shiva,Shiva family","Other,Shaiva","Tree,Built into a wall",6,,586,0
2291,25.336569,83.000492,"Siva,Hanuman","Hanuman,Shiva","Hanuman,Shaiva",Free-standing,2,,477,0
2292,25.336525,83.00052,Siva,Shiva,Shaiva,Tree,2,,475,0
2293,25.336994,83.000562,Other,Other,Other,Tree,1,,521,0
2294,25.337246,83.001778,Other,Other,Other,Free-standing,1,,614,0
2295,25.337988,83.002542,"Siva,Hanuman,Ganesh","Ganesh,Hanuman,Shiva","Ganesh,Hanuman,Shaiva",Free-standing,3,,519,0
2296,25.337316,83.002802,"Siva,Hanuman,Ganesh","Ganesh,Hanuman,Shiva","Ganesh,Hanuman,Shaiva",Built into a wall,3,,569,0
